mtllib Untitled.mtl
g Char_Model_n3d

# Vertex Positions:
v 0.06698 -0.08548 0.88693
v -0.06587 -0.08548 0.88698
v -0.06634 0.08548 0.88698
v 0.06634 0.08548 0.88698
v 0.09302 -0.09117 0.72118
v -0.07212 -0.09117 0.72614
v -0.07697 0.09158 0.72881
v 0.08439 0.09158 0.72722
v 0.03606 0.15682 0.93628
v -0.03599 0.15691 0.93629
v -0.0416 0.12083 1.00605
v 0.04177 0.12082 1.00687
v 0.03606 -0.15683 0.93628
v -0.03599 -0.15691 0.93629
v -0.0416 -0.12083 1.00605
v 0.04177 -0.12082 1.00687
v 0.01796 0.54565 0.96158
v -0.01963 0.54734 0.9602
v -0.02219 0.55154 1.00068
v 0.01856 0.54731 0.99995
v 0.01807 -0.54554 0.96162
v -0.01959 -0.54738 0.96011
v -0.0222 -0.5505 1.0004
v 0.01823 -0.54739 0.99999
v 0.07632 -0.00041 0.57643
v -0.08156 -0.00041 0.57849
v 0.03811 -0.0461 0.35249
v -0.03825 -0.04598 0.35148
v -0.03822 -0.12231 0.35103
v 0.03819 -0.12239 0.35133
v -0.0388 0.04542 0.35475
v 0.03866 0.04554 0.35579
v 0.03874 0.12294 0.35459
v -0.03877 0.12286 0.35429
v 0.1639 -0.05729 0.00638
v 0.16075 -0.11423 0.00833
v 0.1620 -0.11183 0.05237
v 0.16587 -0.0540 0.05003
v 0.16075 0.11423 0.00833
v 0.1639 0.05729 0.00638
v 0.16587 0.0540 0.05003
v 0.1620 0.11183 0.05237
v -0.02021 -0.11593 0.02028
v -0.0160 -0.05697 0.0120
v -0.0202 0.0522 0.02122
v -0.0160 0.11121 0.01268
v 0.02901 0.24682 0.94807
v -0.02991 0.24697 0.94714
v -0.02748 0.2462 1.00948
v 0.0251 0.2456 1.00713
v 0.01646 0.33306 0.95919
v -0.02237 0.33368 0.95618
v -0.02157 0.33358 1.00271
v 0.01713 0.33303 0.9995
v 0.01896 0.41409 0.95709
v -0.02288 0.41431 0.95555
v -0.02303 0.41432 1.00482
v 0.01771 0.41392 1.00001
v 0.02178 0.49045 0.95637
v -0.02179 0.49013 0.95772
v -0.0231 0.49095 1.00461
v 0.01819 0.49027 0.99975
v 0.0290 -0.24682 0.94808
v -0.02991 -0.24697 0.94714
v -0.02749 -0.24625 1.00963
v 0.02517 -0.24561 1.00708
v 0.01643 -0.33307 0.95907
v -0.0224 -0.33368 0.95632
v -0.02146 -0.33358 1.00274
v 0.01716 -0.33303 0.99938
v 0.01903 -0.4141 0.95689
v -0.02294 -0.41431 0.95563
v -0.02304 -0.41433 1.00494
v 0.01773 -0.41393 0.9999
v 0.02182 -0.49046 0.95625
v -0.02184 -0.49011 0.95773
v -0.0231 -0.49095 1.00467
v 0.01818 -0.49026 0.99966
v 0.0511 -0.03394 0.45815
v -0.05101 -0.03387 0.45734
v -0.04796 -0.12866 0.47911
v 0.04734 -0.12866 0.48046
v -0.05175 0.03162 0.47237
v 0.04947 0.03165 0.47228
v 0.0474 0.13091 0.49385
v -0.0517 0.13091 0.49415
v 0.03881 -0.0454 0.09157
v -0.03501 -0.05317 0.0931
v -0.03501 -0.11498 0.0931
v 0.03834 -0.1221 0.09184
v 0.03267 -0.05138 0.18162
v -0.03303 -0.05143 0.18034
v -0.03303 -0.11672 0.18034
v 0.03267 -0.11678 0.18162
v 0.03434 -0.04976 0.26404
v -0.03435 -0.04973 0.26395
v -0.03435 -0.11842 0.26395
v 0.03435 -0.11842 0.26395
v -0.03431 0.04977 0.26216
v 0.0343 0.04979 0.26224
v 0.03431 0.11839 0.26216
v -0.03431 0.11839 0.26216
v -0.03304 0.05142 0.18112
v 0.03269 0.05136 0.18266
v 0.03269 0.1168 0.18266
v -0.03304 0.11674 0.18112
v -0.03503 0.05313 0.09516
v 0.03883 0.04542 0.09473
v 0.03841 0.12214 0.09496
v -0.03503 0.11503 0.09516
v 0.08613 -0.04373 0.0076
v 0.07502 -0.11828 0.00445
v 0.10129 -0.11633 0.06714
v 0.10417 -0.04614 0.06538
v 0.08414 0.12343 0.00929
v 0.07648 0.04903 0.00385
v 0.10414 0.04614 0.06609
v 0.10127 0.11631 0.06784
v 0.0545 -0.10855 0.90497
v 0.04663 -0.12464 0.91702
v 0.04056 -0.13994 0.92762
v 0.01866 -0.15437 0.93448
v -0.00034 -0.1566 0.9303
v -0.01892 -0.15745 0.93056
v -0.02973 -0.55506 0.99582
v -0.03392 -0.55501 0.97313
v -0.02823 -0.5538 0.96333
v -0.04055 -0.13994 0.92761
v -0.04663 -0.12464 0.91702
v -0.0545 -0.10855 0.90497
v -0.03501 -0.10185 0.87497
v 0.00014 -0.10412 0.87256
v 0.03554 -0.10185 0.87496
v -0.04587 -0.15715 0.95096
v -0.04975 -0.15437 0.96863
v -0.04877 -0.14487 0.9865
v -0.05779 -0.09949 0.98038
v -0.06715 -0.0883 0.95155
v -0.07105 -0.0835 0.92077
v -0.04696 -0.06071 1.01793
v -0.05395 -0.0000 1.02626
v -0.04696 0.06071 1.01793
v -0.05779 0.09949 0.98038
v -0.06715 0.0883 0.95155
v -0.07105 0.0835 0.92077
v 0.00972 -0.55116 1.00269
v -0.00132 -0.55307 1.00398
v -0.0121 -0.55322 1.00357
v -0.08176 0.04433 0.88594
v -0.0854 -0.0000 0.88586
v -0.08104 -0.04433 0.88594
v -0.03539 0.10185 0.87497
v 0.00009 0.10413 0.87256
v 0.03539 0.10185 0.87497
v 0.08245 0.04433 0.88589
v 0.08831 -0.0000 0.88567
v 0.08414 -0.04433 0.88577
v -0.09898 -0.02187 0.61266
v -0.09972 -0.04613 0.64613
v -0.09048 -0.06912 0.68266
v 0.07103 0.0835 0.92076
v 0.06645 0.08828 0.95119
v 0.05702 0.09946 0.98088
v 0.04527 0.06063 1.01994
v 0.05109 -0.0000 1.02854
v 0.04527 -0.06063 1.01994
v 0.02322 -0.54985 0.96468
v 0.02448 -0.5505 0.99587
v 0.05702 -0.09946 0.98088
v 0.06645 -0.08828 0.95119
v 0.07103 -0.0835 0.92076
v 0.04878 -0.14487 0.98654
v 0.04975 -0.15437 0.96863
v 0.04587 -0.15715 0.95096
v 0.02153 -0.11753 1.02516
v 0.00064 -0.11654 1.02991
v -0.0206 -0.11754 1.0243
v -0.09359 0.06936 0.68598
v -0.10085 0.0461 0.64942
v -0.09904 0.0215 0.61506
v 0.02153 0.11753 1.02516
v 0.00064 0.11654 1.02991
v -0.0206 0.11754 1.0243
v -0.01177 0.55333 1.0036
v -0.00081 0.55307 1.00405
v 0.01111 0.5510 1.00268
v -0.01892 0.15745 0.93057
v -0.00034 0.15661 0.9303
v 0.01867 0.15437 0.93448
v 0.04056 0.13994 0.92762
v 0.04663 0.12464 0.91702
v 0.0545 0.10855 0.90497
v -0.02827 0.55373 0.9634
v -0.03363 0.5535 0.97357
v -0.02995 0.55501 0.99574
v -0.0545 0.10855 0.90497
v -0.04663 0.12464 0.91702
v -0.04055 0.13994 0.92761
v -0.04877 0.14487 0.9865
v -0.04975 0.15437 0.96863
v -0.04587 0.15715 0.95096
v 0.04587 0.15715 0.95096
v 0.04975 0.15437 0.96863
v 0.04878 0.14487 0.98654
v -0.08134 -0.04598 0.75036
v -0.08464 0.00003 0.75764
v -0.08586 0.04611 0.75125
v 0.06477 -0.12767 0.02487
v 0.05666 -0.1295 0.04434
v 0.04802 -0.12771 0.06504
v 0.10357 0.06936 0.68134
v 0.10599 0.0461 0.64312
v 0.09852 0.0215 0.60947
v -0.02794 -0.10367 0.01298
v -0.03084 -0.0887 0.00955
v -0.02732 -0.07298 0.0092
v 0.03966 -0.11798 0.00496
v 0.01556 -0.11796 0.00613
v -0.00452 -0.11722 0.0111
v 0.10049 -0.02187 0.60697
v 0.11074 -0.04613 0.63775
v 0.11017 -0.06912 0.67417
v 0.04377 -0.09944 -0.00442
v 0.01988 -0.08449 -0.00567
v -0.00018 -0.07061 -0.00127
v 0.08807 -0.06037 -0.00462
v 0.08802 -0.07879 -0.00836
v 0.08419 -0.09793 -0.00622
v 0.1205 -0.04598 0.74262
v 0.12512 0.00003 0.74999
v 0.11215 0.04611 0.74607
v 0.00729 -0.05227 0.00699
v 0.02996 -0.04998 0.00524
v 0.05564 -0.04737 0.00552
v 0.01974 -0.12772 0.06728
v 0.00407 -0.12752 0.04796
v -0.00936 -0.12378 0.03209
v 0.0141 -0.12728 0.09677
v -0.0051 -0.12777 0.09762
v -0.0219 -0.12388 0.09581
v -0.0365 -0.11471 0.07098
v -0.03587 -0.11469 0.05057
v -0.03066 -0.11505 0.0335
v 0.04007 0.04993 0.00519
v 0.01557 0.05018 0.0067
v -0.00451 0.05091 0.01182
v -0.0365 -0.0535 0.07086
v -0.03584 -0.05394 0.04963
v -0.03029 -0.05477 0.03035
v 0.04399 0.06848 -0.00442
v 0.01989 0.08366 -0.00556
v -0.00018 0.09755 -0.00102
v -0.0219 -0.04427 0.09581
v -0.0051 -0.04038 0.09762
v 0.0141 -0.04088 0.09677
v 0.01981 -0.04042 0.06715
v 0.00442 -0.0409 0.04703
v -0.00804 -0.04542 0.02894
v 0.04929 -0.03873 0.0644
v 0.05913 -0.03635 0.04383
v 0.06988 -0.03752 0.02525
v 0.09883 -0.03589 0.0224
v 0.10425 -0.03402 0.03742
v 0.10526 -0.03715 0.05256
v 0.1032 -0.06157 0.07342
v 0.10232 -0.08064 0.07644
v 0.10158 -0.10003 0.07441
v 0.08689 0.10746 -0.00371
v 0.08776 0.0892 -0.00813
v 0.08489 0.06991 -0.00656
v 0.10127 -0.1269 0.05489
v 0.09946 -0.13133 0.03953
v 0.09316 -0.12945 0.02296
v 0.08554 -0.11566 0.07266
v 0.07169 -0.11595 0.07877
v 0.05799 -0.11766 0.08462
v 0.08769 -0.04735 0.07135
v 0.0733 -0.04804 0.07779
v 0.05917 -0.04772 0.08391
v 0.01068 0.54802 0.95912
v -0.00036 0.54915 0.95871
v -0.01136 0.54892 0.9591
v 0.04913 -0.06367 0.10515
v 0.05139 -0.08329 0.10838
v 0.04868 -0.10321 0.10541
v 0.00731 0.1159 0.00758
v 0.02986 0.11811 0.00584
v 0.05483 0.12023 0.00656
v -0.02795 0.06447 0.0136
v -0.03085 0.07946 0.01003
v -0.02732 0.09518 0.00969
v 0.06647 0.03882 0.02486
v 0.05822 0.03664 0.04517
v 0.0492 0.03877 0.06682
v 0.01983 0.04033 0.06989
v 0.00412 0.04057 0.04999
v -0.00933 0.04433 0.03353
v 0.01416 0.0408 0.09973
v -0.00507 0.04031 0.10029
v -0.0219 0.04421 0.09815
v -0.03653 0.0534 0.07284
v -0.03589 0.05343 0.05211
v -0.03066 0.05307 0.03472
v 0.16481 -0.11691 0.04349
v 0.16599 -0.11996 0.03046
v 0.16409 -0.11833 0.01735
v -0.03652 0.1147 0.07271
v -0.03586 0.11425 0.05114
v -0.0303 0.11341 0.03147
v 0.16844 -0.0656 0.05365
v 0.16892 -0.08278 0.05597
v 0.16608 -0.10006 0.05509
v -0.0219 0.12395 0.09815
v -0.00507 0.12785 0.10029
v 0.01416 0.12736 0.09973
v 0.01984 0.12776 0.06978
v 0.00447 0.12732 0.04903
v -0.00802 0.12277 0.03027
v 0.04817 0.12776 0.06757
v 0.05763 0.12982 0.04656
v 0.06811 0.12892 0.02744
v 0.0954 0.13068 0.02504
v 0.10005 0.13163 0.04053
v 0.10134 0.12691 0.05556
v 0.10155 0.10001 0.07517
v 0.10227 0.08063 0.07723
v 0.10315 0.06158 0.07419
v 0.16793 -0.05256 0.01499
v 0.17042 -0.04952 0.02775
v 0.16918 -0.05055 0.04083
v 0.10518 0.03716 0.05313
v 0.10363 0.03428 0.03752
v 0.09639 0.03703 0.02144
v 0.08763 0.04736 0.07269
v 0.07323 0.04808 0.07986
v 0.05912 0.0478 0.08665
v 0.08551 0.11563 0.07399
v 0.07165 0.11593 0.08082
v 0.05797 0.11767 0.08734
v 0.02431 0.55013 0.99593
v 0.02289 0.55035 0.96483
v 0.04869 0.10328 0.1087
v 0.05137 0.08342 0.1117
v 0.04911 0.06379 0.10846
v -0.01128 -0.54891 0.95901
v 0.00018 -0.5492 0.95856
v 0.01121 -0.54774 0.95918
v 0.16448 -0.1030 0.00471
v 0.16698 -0.08622 0.00251
v 0.16637 -0.06914 0.00354
v 0.16409 0.11833 0.01735
v 0.16599 0.11996 0.03046
v 0.16481 0.11691 0.04349
v 0.16608 0.10006 0.05509
v 0.16892 0.08278 0.05597
v 0.16844 0.0656 0.05365
v 0.16918 0.05055 0.04083
v 0.17042 0.04951 0.02775
v 0.16793 0.05256 0.01499
v 0.16637 0.06914 0.00354
v 0.16698 0.08622 0.00251
v 0.16448 0.1030 0.00471
v -0.04304 -0.10096 0.09127
v -0.04572 -0.08408 0.09066
v -0.04304 -0.0672 0.09127
v -0.04308 0.06717 0.09315
v -0.04576 0.08408 0.09248
v -0.04308 0.10098 0.09315
v 0.08651 -0.08477 0.77957
v 0.07915 -0.07978 0.8191
v 0.07251 -0.07873 0.85225
v -0.06545 -0.07873 0.85262
v -0.06421 -0.07978 0.81997
v -0.06476 -0.08477 0.7818
v -0.03867 -0.11656 0.73034
v 0.00113 -0.12359 0.73137
v 0.04554 -0.11656 0.72944
v -0.06759 0.07873 0.85264
v -0.06813 0.07983 0.82022
v -0.07004 0.08494 0.78272
v 0.06863 0.07873 0.85255
v 0.07292 0.07983 0.81976
v 0.07797 0.08494 0.78201
v 0.04224 0.11722 0.73359
v 0.0000 0.12433 0.73492
v -0.04158 0.11722 0.73367
v 0.03044 0.22311 0.94649
v 0.03093 0.1992 0.94615
v 0.03272 0.17667 0.94298
v -0.03314 0.17687 0.94184
v -0.03139 0.19935 0.94499
v -0.03044 0.22311 0.94649
v -0.01632 0.24696 0.93794
v -0.00001 0.24693 0.93506
v 0.01604 0.24688 0.93852
v -0.03471 0.16418 1.01132
v -0.03129 0.19518 1.01216
v -0.02901 0.22177 1.01096
v -0.03727 0.24675 0.99737
v -0.04109 0.24696 0.9801
v -0.03832 0.24697 0.96208
v 0.03427 0.16331 1.01018
v 0.02959 0.19374 1.00915
v 0.02702 0.22079 1.00819
v 0.01299 0.2451 1.01416
v -0.00057 0.24509 1.01716
v -0.01452 0.24553 1.01577
v 0.03688 0.24675 0.96278
v 0.03909 0.24664 0.98002
v 0.03447 0.24623 0.99575
v 0.01888 0.31225 0.95712
v 0.02151 0.29098 0.95485
v 0.02507 0.26924 0.95176
v -0.02896 0.26988 0.94821
v -0.0269 0.29176 0.95058
v -0.02459 0.31296 0.95327
v -0.0125 0.33352 0.9505
v -0.00176 0.33335 0.94939
v 0.0083 0.33319 0.95253
v -0.02605 0.26925 1.00796
v -0.02447 0.29131 1.00618
v -0.0229 0.31269 1.00438
v -0.02886 0.3337 0.99261
v -0.03183 0.33378 0.97955
v -0.02937 0.33377 0.96641
v 0.0228 0.26869 1.00532
v 0.02038 0.2907 1.0030
v 0.01851 0.31209 1.00099
v 0.0091 0.33313 1.00635
v -0.00091 0.33327 1.00955
v -0.01164 0.33342 1.00838
v 0.02189 0.33298 0.96843
v 0.02395 0.33295 0.97917
v 0.02224 0.33296 0.99001
v 0.01698 0.39417 0.95861
v 0.01584 0.37404 0.95956
v 0.01552 0.35366 0.9599
v -0.02148 0.35419 0.95731
v -0.02181 0.37451 0.95676
v -0.02256 0.39456 0.95583
v -0.01266 0.41426 0.94882
v -0.00102 0.41423 0.94651
v 0.01026 0.41418 0.94946
v -0.0207 0.3541 1.00158
v -0.02071 0.37439 1.00159
v -0.02163 0.39448 1.00292
v -0.03079 0.4144 0.99403
v -0.03341 0.41441 0.97986
v -0.03014 0.41436 0.96629
v 0.01626 0.35362 0.99851
v 0.01628 0.37396 0.99846
v 0.01719 0.3941 0.99937
v 0.00918 0.41396 1.00661
v -0.00104 0.41405 1.0101
v -0.01219 0.41419 1.00995
v 0.02414 0.4140 0.96753
v 0.02582 0.41395 0.97917
v 0.0236 0.41393 0.99058
v 0.02232 0.47205 0.95537
v 0.0221 0.45307 0.95509
v 0.02118 0.43374 0.9555
v -0.0227 0.43374 0.95615
v -0.02259 0.45292 0.95653
v -0.02237 0.47177 0.95694
v -0.01143 0.48962 0.95249
v -0.00016 0.48951 0.95045
v 0.01124 0.48982 0.9516
v -0.02315 0.43381 1.0045
v -0.02302 0.45308 1.00432
v -0.0234 0.4722 1.00517
v -0.03156 0.49117 0.99479
v -0.03435 0.49121 0.98012
v -0.03013 0.49082 0.96673
v 0.01792 0.43347 1.00015
v 0.0181 0.45278 1.00008
v 0.01828 0.47182 1.00007
v 0.0093 0.49027 1.00624
v -0.00111 0.49043 1.00955
v -0.01228 0.49067 1.00919
v 0.02922 0.49095 0.96602
v 0.02904 0.49072 0.97893
v 0.02491 0.49043 0.99044
v 0.01866 0.53672 0.96081
v 0.02007 0.52365 0.95908
v 0.02102 0.50787 0.95767
v -0.02114 0.50765 0.95869
v -0.0206 0.52387 0.95907
v -0.01984 0.53769 0.95944
v -0.02281 0.50901 1.0045
v -0.02243 0.5257 1.00414
v -0.02236 0.54054 1.00245
v 0.01852 0.50793 0.99975
v 0.01906 0.52448 0.99996
v 0.01907 0.53857 0.99998
v 0.03272 -0.17667 0.94298
v 0.03093 -0.1992 0.94615
v 0.03044 -0.22311 0.94649
v 0.01604 -0.24688 0.93852
v -0.00001 -0.24693 0.93507
v -0.01632 -0.24696 0.93794
v -0.03044 -0.22311 0.94649
v -0.03139 -0.19935 0.94499
v -0.03314 -0.17687 0.94184
v -0.03832 -0.24697 0.96208
v -0.04109 -0.24696 0.9801
v -0.03729 -0.24676 0.99741
v -0.0290 -0.22181 1.01106
v -0.03129 -0.19521 1.0122
v -0.03471 -0.16418 1.01132
v -0.01442 -0.24557 1.01586
v -0.00043 -0.24513 1.0172
v 0.01312 -0.24513 1.01416
v 0.02706 -0.22077 1.00809
v 0.02964 -0.19373 1.0091
v 0.03424 -0.16325 1.0101
v 0.03438 -0.2462 0.99563
v 0.03905 -0.24664 0.9800
v 0.03685 -0.24674 0.96279
v 0.02501 -0.26923 0.9518
v 0.02146 -0.29098 0.95484
v 0.01881 -0.31225 0.95707
v 0.00821 -0.33319 0.95246
v -0.00188 -0.33336 0.94938
v -0.0126 -0.33352 0.95055
v -0.0246 -0.31296 0.95334
v -0.02686 -0.29175 0.95063
v -0.02894 -0.26988 0.94824
v -0.0294 -0.33377 0.9665
v -0.03182 -0.33378 0.97966
v -0.0288 -0.33371 0.99271
v -0.02284 -0.3127 1.00445
v -0.02445 -0.29133 1.00622
v -0.02601 -0.26925 1.00789
v -0.01153 -0.33343 1.00843
v -0.00078 -0.33328 1.00954
v 0.00919 -0.33314 1.00627
v 0.01857 -0.3121 1.00091
v 0.0204 -0.2907 1.00295
v 0.02274 -0.26868 1.00521
v 0.02226 -0.33297 0.9899
v 0.02393 -0.33296 0.97907
v 0.02182 -0.33298 0.96835
v 0.01543 -0.35366 0.95989
v 0.01577 -0.37404 0.95951
v 0.01696 -0.39418 0.95849
v 0.01021 -0.41419 0.94932
v -0.00114 -0.41424 0.9464
v -0.01282 -0.41427 0.94875
v -0.02262 -0.39457 0.95581
v -0.02183 -0.37452 0.95678
v -0.02144 -0.35418 0.95745
v -0.03024 -0.41436 0.96631
v -0.03343 -0.41442 0.97994
v -0.03086 -0.4144 0.99414
v -0.02166 -0.39449 1.00306
v -0.02067 -0.3744 1.00161
v -0.02059 -0.3541 1.00151
v -0.01215 -0.4142 1.01009
v -0.00096 -0.41406 1.01017
v 0.00924 -0.41396 1.00657
v 0.01725 -0.3941 0.9993
v 0.01624 -0.37397 0.99833
v 0.01619 -0.35361 0.99835
v 0.02367 -0.41394 0.99049
v 0.02584 -0.41396 0.97906
v 0.0241 -0.4140 0.96742
v 0.02117 -0.43374 0.95547
v 0.02211 -0.45307 0.95507
v 0.02234 -0.47205 0.95533
v 0.01121 -0.48982 0.9515
v -0.00022 -0.48949 0.95041
v -0.01149 -0.48959 0.9525
v -0.02248 -0.47177 0.95679
v -0.02272 -0.45292 0.95635
v -0.0227 -0.43374 0.95621
v -0.03013 -0.49081 0.96675
v -0.03435 -0.49121 0.98012
v -0.03159 -0.49117 0.99483
v -0.02342 -0.4722 1.00525
v -0.02299 -0.45308 1.00432
v -0.02308 -0.4338 1.00442
v -0.01226 -0.49067 1.00924
v -0.00106 -0.49044 1.00958
v 0.00933 -0.49027 1.00619
v 0.01827 -0.47181 0.99998
v 0.01808 -0.45278 1.0000
v 0.0179 -0.43348 1.00005
v 0.02493 -0.49043 0.9904
v 0.02906 -0.49072 0.97888
v 0.02921 -0.49094 0.96597
v 0.02102 -0.50784 0.95767
v 0.02008 -0.52363 0.95906
v 0.01866 -0.53671 0.96079
v -0.01988 -0.53775 0.95931
v -0.02064 -0.52389 0.95897
v -0.02113 -0.50761 0.95874
v -0.0224 -0.54055 1.0025
v -0.02249 -0.52574 1.0042
v -0.02278 -0.50898 1.0044
v 0.01907 -0.53861 1.00008
v 0.01909 -0.52452 1.00001
v 0.01846 -0.50791 0.99962
v 0.04778 -0.0373 0.42813
v 0.04393 -0.04064 0.40117
v 0.04058 -0.04367 0.37622
v 0.02078 -0.03531 0.35257
v -0.0001 -0.03169 0.35234
v -0.02096 -0.03525 0.3519
v -0.04074 -0.04354 0.37509
v -0.04403 -0.04052 0.4001
v -0.04757 -0.03721 0.42724
v -0.02775 -0.02057 0.4544
v 0.00041 -0.01614 0.45364
v 0.02826 -0.0206 0.45491
v -0.04898 -0.06326 0.35126
v -0.05255 -0.08412 0.35113
v -0.04897 -0.1050 0.35106
v -0.04069 -0.12465 0.37495
v -0.0435 -0.12702 0.40243
v -0.04585 -0.12862 0.43625
v -0.06285 -0.10718 0.47417
v -0.06882 -0.08127 0.46822
v -0.06506 -0.05535 0.46226
v -0.0209 -0.13306 0.35104
v -0.00001 -0.13665 0.35109
v 0.02088 -0.13309 0.35118
v 0.04066 -0.12473 0.37526
v 0.04388 -0.12708 0.40269
v 0.04623 -0.12864 0.43673
v 0.0258 -0.14199 0.48316
v 0.00026 -0.14643 0.48372
v -0.02561 -0.14199 0.48233
v 0.04892 -0.10513 0.35156
v 0.05248 -0.0843 0.35183
v 0.04888 -0.06343 0.35217
v 0.06436 -0.0554 0.46334
v 0.06742 -0.08128 0.46956
v 0.0615 -0.10718 0.47563
v 0.06459 -0.01734 0.55447
v 0.05703 -0.02566 0.52499
v 0.05337 -0.03051 0.49141
v -0.05522 -0.0305 0.4905
v -0.06148 -0.02566 0.52389
v -0.0703 -0.01734 0.55417
v -0.04032 -0.00066 0.55052
v -0.00156 -0.00074 0.54324
v 0.03519 -0.00066 0.55079
v -0.05192 -0.12633 0.53261
v -0.06014 -0.12079 0.59345
v -0.07022 -0.11083 0.65778
v 0.04897 -0.12633 0.53484
v 0.05629 -0.12079 0.59519
v 0.0717 -0.11083 0.65569
v -0.07137 0.01616 0.55992
v -0.06298 0.0240 0.53431
v -0.05648 0.02843 0.50426
v -0.02789 0.01766 0.46933
v 0.0003 0.01301 0.46839
v 0.02761 0.01768 0.4694
v 0.05133 0.02843 0.50394
v 0.05544 0.0240 0.53406
v 0.06375 0.01616 0.55918
v 0.06199 0.05413 0.47703
v 0.06538 0.08127 0.48285
v 0.06059 0.10842 0.48882
v 0.04899 0.12839 0.54589
v 0.05772 0.12239 0.60382
v 0.07128 0.11184 0.66411
v 0.02579 0.14488 0.49703
v -0.00083 0.14953 0.49816
v -0.02826 0.14488 0.4972
v -0.0567 0.12839 0.54633
v -0.06426 0.12239 0.60414
v -0.07224 0.11184 0.66451
v -0.06614 0.10842 0.48921
v -0.07089 0.08126 0.48326
v -0.06619 0.05411 0.4773
v -0.04799 0.03511 0.44095
v -0.04479 0.03889 0.41077
v -0.04173 0.04247 0.38197
v -0.02127 0.03454 0.35518
v -0.0001 0.03093 0.35564
v 0.02108 0.0346 0.35588
v 0.04164 0.0426 0.38311
v 0.0454 0.0390 0.41175
v 0.04787 0.0352 0.44147
v 0.04958 0.06313 0.35546
v 0.05324 0.0843 0.3551
v 0.04963 0.10543 0.35482
v 0.04172 0.12579 0.38214
v 0.04547 0.12868 0.41336
v 0.04745 0.1307 0.44997
v 0.02119 0.1338 0.35444
v -0.00001 0.13741 0.35435
v -0.02121 0.13377 0.3543
v -0.04175 0.12571 0.38183
v -0.04509 0.12863 0.41317
v -0.04826 0.13069 0.45005
v -0.04968 0.1053 0.35432
v -0.05332 0.08412 0.35439
v -0.04969 0.06295 0.35452
v 0.03232 -0.0517 0.16137
v 0.03252 -0.0515 0.14089
v 0.03392 -0.05015 0.11945
v -0.03377 -0.0528 0.11531
v -0.03313 -0.05236 0.13728
v -0.03294 -0.0519 0.15896
v -0.01814 -0.04223 0.18063
v -0.00018 -0.03915 0.18098
v 0.01779 -0.0422 0.18133
v -0.03377 -0.11536 0.11531
v -0.03313 -0.11579 0.13728
v -0.03294 -0.11626 0.15896
v -0.04226 -0.10193 0.18016
v -0.04534 -0.08408 0.1801
v -0.04226 -0.06623 0.18016
v 0.03392 -0.11801 0.11945
v 0.03252 -0.11666 0.14089
v 0.03232 -0.11645 0.16137
v 0.01779 -0.12596 0.18133
v -0.00018 -0.1290 0.18098
v -0.01814 -0.12592 0.18063
v 0.04191 -0.06619 0.1818
v 0.04499 -0.08408 0.18186
v 0.04191 -0.10197 0.1818
v 0.03393 -0.05014 0.24311
v 0.03352 -0.05055 0.22245
v 0.0331 -0.05096 0.20196
v -0.03325 -0.05099 0.20142
v -0.03357 -0.05056 0.22229
v -0.03394 -0.05014 0.24309
v -0.01878 -0.04008 0.26396
v -0.0000 -0.03687 0.2640
v 0.01878 -0.0401 0.26404
v -0.03325 -0.11717 0.20142
v -0.03357 -0.1176 0.22229
v -0.03394 -0.11801 0.24309
v -0.0440 -0.10286 0.26395
v -0.04722 -0.08408 0.26395
v -0.0440 -0.0653 0.26395
v 0.0331 -0.11719 0.20196
v 0.03352 -0.1176 0.22245
v 0.03393 -0.11801 0.24311
v 0.01878 -0.12808 0.26395
v -0.0000 -0.1313 0.26395
v -0.01878 -0.12808 0.26395
v 0.0440 -0.06531 0.26402
v 0.04722 -0.08409 0.26398
v 0.0440 -0.10286 0.26395
v 0.03644 -0.04775 0.32949
v 0.0354 -0.04877 0.30712
v 0.03477 -0.04937 0.28533
v -0.0348 -0.0493 0.28506
v -0.03547 -0.04868 0.30661
v -0.03655 -0.04765 0.32871
v -0.03479 -0.11887 0.28499
v -0.03545 -0.11953 0.3064
v -0.03653 -0.12061 0.32837
v 0.03479 -0.11888 0.28503
v 0.03544 -0.11957 0.30655
v 0.0365 -0.12067 0.32861
v -0.03677 0.04743 0.32936
v -0.03551 0.04864 0.30566
v -0.03477 0.04932 0.28337
v -0.01876 0.04012 0.26217
v -0.0000 0.03691 0.26221
v 0.01876 0.04014 0.26224
v 0.03475 0.04939 0.28362
v 0.03544 0.04873 0.30616
v 0.03666 0.04753 0.33015
v 0.04396 0.06533 0.26222
v 0.04717 0.08408 0.26219
v 0.04396 0.10284 0.26216
v 0.03477 0.11885 0.28334
v 0.03548 0.11961 0.3056
v 0.03672 0.12089 0.32926
v 0.01876 0.12804 0.26216
v 0.0000 0.13125 0.26216
v -0.01876 0.12804 0.26216
v -0.03477 0.11885 0.28331
v -0.03549 0.11957 0.30546
v -0.03674 0.12083 0.32901
v -0.04396 0.10284 0.26216
v -0.04718 0.08408 0.26216
v -0.04396 0.06531 0.26216
v -0.03391 0.05017 0.24166
v -0.03355 0.05057 0.22151
v -0.03325 0.05099 0.20143
v -0.01815 0.04221 0.18147
v -0.00017 0.03913 0.18189
v 0.0178 0.04217 0.18231
v 0.0331 0.05096 0.20208
v 0.03351 0.05057 0.2217
v 0.03391 0.05017 0.24169
v 0.04194 0.06618 0.18288
v 0.04502 0.08408 0.18295
v 0.04194 0.10198 0.18288
v 0.0331 0.11719 0.20208
v 0.03351 0.11759 0.2217
v 0.03391 0.11798 0.24169
v 0.0178 0.12598 0.18231
v -0.00017 0.12903 0.18189
v -0.01815 0.12594 0.18147
v -0.03325 0.11717 0.20143
v -0.03355 0.11758 0.22151
v -0.03391 0.11798 0.24166
v -0.04228 0.10193 0.18091
v -0.04536 0.08408 0.18083
v -0.04228 0.06622 0.18091
v -0.03296 0.05187 0.16036
v -0.03316 0.05232 0.1391
v -0.0338 0.05275 0.11737
v 0.03399 0.05008 0.12252
v 0.03258 0.05145 0.14347
v 0.03236 0.05167 0.16326
v 0.03399 0.11807 0.12252
v 0.03258 0.11671 0.14347
v 0.03236 0.11649 0.16326
v -0.0338 0.1154 0.11737
v -0.03316 0.11583 0.1391
v -0.03296 0.11629 0.16036
v 0.11572 -0.04628 0.00244
v 0.13795 -0.04895 0.00129
v 0.15439 -0.05294 0.00317
v 0.15091 -0.11796 0.00522
v 0.13398 -0.12025 0.00293
v 0.11059 -0.1200 0.00267
v 0.15251 -0.11531 0.05613
v 0.1374 -0.11745 0.05986
v 0.11941 -0.11737 0.06314
v 0.15686 -0.04936 0.0535
v 0.14183 -0.0460 0.05719
v 0.12321 -0.04526 0.06084
v 0.11279 0.1220 0.00443
v 0.13454 0.12083 0.00345
v 0.15097 0.11803 0.00529
v 0.15431 0.05301 0.00312
v 0.13732 0.04952 0.0009
v 0.11331 0.04824 0.0011
v 0.15686 0.04935 0.05351
v 0.14182 0.04599 0.05727
v 0.12319 0.04526 0.06114
v 0.15251 0.11531 0.05614
v 0.1374 0.11745 0.05995
v 0.1194 0.11736 0.06344
v 0.04314 0.17042 0.99424
v 0.04559 0.17525 0.97561
v 0.0423 0.17692 0.95706
v 0.03916 0.1968 0.99598
v 0.04293 0.19878 0.9787
v 0.04017 0.19936 0.96028
v 0.0367 0.22215 0.99621
v 0.04142 0.22298 0.97984
v 0.0390 0.22311 0.96164
v -0.01893 0.1608 1.0223
v -0.00001 0.15943 1.02563
v 0.01857 0.15994 1.02131
v -0.01674 0.19288 1.01996
v -0.00023 0.19163 1.0218
v 0.01576 0.1917 1.01774
v -0.01536 0.22046 1.01756
v -0.00041 0.21967 1.01899
v 0.01409 0.21966 1.01552
v -0.05976 -0.12678 0.94603
v -0.05107 -0.14078 0.94169
v -0.0555 -0.13789 0.95711
v -0.05695 -0.1260 0.96993
v -0.06338 -0.1142 0.94855
v -0.06406 -0.1090 0.92536
v -0.05723 -0.12594 0.9321
v -0.0423 0.17692 0.95706
v -0.0456 0.17525 0.97562
v -0.04336 0.17046 0.99465
v -0.04017 0.19936 0.96028
v -0.04317 0.1988 0.97882
v -0.04045 0.19733 0.99751
v -0.0390 0.22311 0.96164
v -0.04186 0.22304 0.97995
v -0.03871 0.22276 0.99798
v 0.01617 0.17544 0.93898
v -0.00086 0.17604 0.93373
v -0.01804 0.17678 0.93311
v 0.01574 0.19876 0.93925
v -0.00043 0.19911 0.93347
v -0.01718 0.19928 0.93551
v 0.01664 0.2231 0.93711
v 0.0000 0.2231 0.93395
v -0.01665 0.2231 0.93708
v 0.08639 0.06253 0.08032
v 0.0856 0.08109 0.0831
v 0.0852 0.09989 0.08104
v 0.07199 0.06318 0.08781
v 0.07155 0.08175 0.09058
v 0.07112 0.10049 0.08834
v 0.05931 0.06334 0.09657
v 0.05987 0.08253 0.09974
v 0.05866 0.10191 0.09695
v -0.06439 -0.05436 0.98952
v -0.07131 -0.0000 0.99453
v -0.06439 0.05436 0.98952
v -0.07225 -0.04821 0.95501
v -0.07602 -0.0000 0.95745
v -0.07225 0.04821 0.95501
v -0.07696 -0.04521 0.91964
v -0.07925 -0.0000 0.91969
v -0.07696 0.04521 0.91964
v 0.08954 0.04327 0.85335
v 0.09848 0.0000 0.85324
v 0.0931 -0.04327 0.85309
v 0.09704 0.04387 0.82099
v 0.10812 0.00001 0.82133
v 0.10238 -0.04385 0.8204
v 0.10456 0.04625 0.78564
v 0.1177 0.00002 0.78681
v 0.11224 -0.04617 0.78361
v -0.03732 0.09881 0.84973
v 0.0000 0.10492 0.84826
v 0.03732 0.09881 0.84973
v -0.03855 0.10148 0.81886
v 0.0000 0.10844 0.81845
v 0.03882 0.10148 0.81883
v -0.04013 0.10805 0.78127
v 0.0000 0.1154 0.78141
v 0.04115 0.10805 0.78116
v 0.05976 -0.12678 0.94603
v 0.05686 -0.1260 0.96994
v 0.0555 -0.13789 0.95711
v 0.05107 -0.14078 0.94169
v 0.05723 -0.12594 0.9321
v 0.06406 -0.1090 0.92536
v 0.0633 -0.11419 0.9485
v -0.01522 -0.1269 0.06357
v 0.00457 -0.12835 0.07528
v -0.01061 -0.12765 0.0778
v -0.02487 -0.12355 0.07517
v -0.0254 -0.12331 0.05718
v -0.01997 -0.12345 0.04326
v -0.00754 -0.12748 0.05697
v 0.02653 -0.12738 0.03037
v 0.04351 -0.12575 0.01947
v 0.04024 -0.12862 0.03644
v 0.03174 -0.12841 0.05294
v 0.01662 -0.12761 0.03797
v 0.0051 -0.12427 0.02323
v 0.02264 -0.12458 0.01843
v -0.08141 -0.04327 0.85385
v -0.08673 0.0000 0.85411
v -0.0834 0.04327 0.85385
v -0.07957 -0.04385 0.8220
v -0.08519 0.00001 0.8231
v -0.08275 0.04387 0.82213
v -0.07846 -0.04617 0.78777
v -0.08359 0.00002 0.7911
v -0.08278 0.04625 0.7882
v 0.03897 -0.0988 0.84957
v 0.00044 -0.10491 0.84821
v -0.03601 -0.0988 0.84968
v 0.04263 -0.1014 0.8182
v 0.00155 -0.10835 0.8180
v -0.03599 -0.1014 0.8185
v 0.0460 -0.10779 0.77955
v 0.00227 -0.1151 0.77993
v -0.03664 -0.10779 0.77999
v -0.04376 0.06729 0.0698
v -0.04617 0.08402 0.06877
v -0.04375 0.10076 0.06972
v -0.04266 0.06708 0.04765
v -0.04496 0.0836 0.04596
v -0.04264 0.10028 0.04699
v -0.03779 0.06625 0.02848
v -0.04032 0.08236 0.02579
v -0.03765 0.09899 0.02639
v -0.04372 -0.10084 0.06815
v -0.04613 -0.08414 0.06718
v -0.04372 -0.06741 0.06807
v -0.04263 -0.10106 0.04634
v -0.04493 -0.08456 0.04474
v -0.04261 -0.06789 0.0457
v -0.03778 -0.10189 0.02754
v -0.0403 -0.0858 0.02497
v -0.03763 -0.06917 0.02552
v -0.05976 0.12678 0.94603
v -0.05695 0.1260 0.96993
v -0.0555 0.13789 0.95711
v -0.05107 0.14077 0.94169
v -0.05723 0.12594 0.9321
v -0.06406 0.1090 0.92536
v -0.06338 0.1142 0.94855
v 0.05976 0.12678 0.94603
v 0.05107 0.14077 0.94169
v 0.0555 0.13789 0.95711
v 0.05686 0.1260 0.96994
v 0.0633 0.11419 0.9485
v 0.06406 0.1090 0.92536
v 0.05723 0.12594 0.9321
v -0.00211 -0.09815 -0.00362
v -0.0116 -0.08135 -0.00115
v 0.00691 -0.09248 -0.00512
v 0.02513 -0.10539 -0.00325
v 0.00574 -0.10771 -0.00139
v -0.01274 -0.1063 0.0035
v -0.01629 -0.09362 -0.00005
v -0.09636 -0.0000 0.69516
v -0.0896 -0.03727 0.71269
v -0.09029 0.00002 0.72327
v -0.09268 0.03735 0.71389
v -0.09941 0.02187 0.67861
v -0.10219 -0.00009 0.64624
v -0.09817 -0.02189 0.67757
v 0.04287 -0.06966 -0.00639
v 0.01631 -0.06369 -0.00227
v 0.03598 -0.0601 -0.00304
v 0.06039 -0.0593 -0.00363
v 0.06181 -0.07371 -0.00743
v 0.05615 -0.08778 -0.00692
v 0.03275 -0.07616 -0.00631
v 0.12727 -0.0000 0.68371
v 0.11921 0.03735 0.70582
v 0.12845 0.00002 0.71288
v 0.12545 -0.03727 0.70187
v 0.12415 -0.02189 0.66584
v 0.11423 -0.00009 0.63678
v 0.12074 0.02187 0.66875
v -0.01521 -0.04136 0.06322
v -0.02487 -0.04463 0.07508
v -0.01061 -0.04052 0.07775
v 0.00458 -0.03983 0.0752
v -0.00748 -0.04087 0.05629
v -0.01976 -0.04537 0.04121
v -0.02538 -0.04507 0.0565
v 0.02895 -0.04042 0.03003
v 0.03252 -0.03917 0.05261
v 0.04259 -0.03843 0.03618
v 0.04954 -0.04067 0.01972
v 0.02809 -0.04329 0.01794
v 0.00879 -0.0445 0.02114
v 0.01772 -0.0407 0.03731
v -0.0152 0.04119 0.06578
v 0.00462 0.03973 0.07795
v -0.01058 0.04043 0.08029
v -0.02487 0.04455 0.07734
v -0.0254 0.04479 0.05908
v -0.01996 0.04466 0.04492
v -0.00751 0.04061 0.05914
v 0.02678 0.04049 0.03174
v 0.04429 0.04175 0.02003
v 0.04111 0.0387 0.03761
v 0.03228 0.03914 0.05489
v 0.01667 0.04048 0.03973
v 0.00513 0.04385 0.02444
v 0.02273 0.04347 0.01945
v 0.07619 -0.1294 0.05549
v 0.08638 -0.12581 0.06119
v 0.07392 -0.12553 0.06681
v 0.06203 -0.12638 0.06861
v 0.06903 -0.12991 0.05114
v 0.07872 -0.13032 0.03531
v 0.08524 -0.13039 0.04782
v 0.17271 0.10246 0.04369
v 0.17634 0.08404 0.04364
v 0.17522 0.0655 0.04217
v 0.17461 0.10453 0.02977
v 0.17846 0.08521 0.02896
v 0.17713 0.06562 0.02823
v 0.17183 0.10411 0.01589
v 0.17525 0.08598 0.01444
v 0.17403 0.06752 0.01454
v 0.17522 -0.0655 0.04217
v 0.17634 -0.08404 0.04364
v 0.17271 -0.10246 0.04369
v 0.17713 -0.06562 0.02823
v 0.17846 -0.08521 0.02896
v 0.17461 -0.10453 0.02977
v 0.17403 -0.06752 0.01454
v 0.17525 -0.08598 0.01444
v 0.17183 -0.10411 0.01589
v -0.00211 0.07001 -0.00344
v -0.0116 0.08681 -0.00092
v 0.00691 0.07568 -0.0050
v 0.02514 0.06276 -0.00306
v 0.00575 0.06044 -0.00112
v -0.01273 0.06185 0.00389
v -0.01629 0.07454 0.00021
v 0.04271 0.09832 -0.00618
v 0.01631 0.10447 -0.00202
v 0.03583 0.10798 -0.00271
v 0.05978 0.10844 -0.00303
v 0.06154 0.09409 -0.00717
v 0.05625 0.08002 -0.0069
v 0.03271 0.09194 -0.00619
v 0.07892 -0.03531 0.05411
v 0.0893 -0.03809 0.05948
v 0.08885 -0.03442 0.04621
v 0.08289 -0.03476 0.03462
v 0.07164 -0.03518 0.05015
v 0.06374 -0.03884 0.06765
v 0.07608 -0.0388 0.06553
v -0.01519 0.12686 0.06542
v -0.02487 0.12358 0.07725
v -0.01058 0.12771 0.08023
v 0.00463 0.1284 0.07786
v -0.00745 0.12735 0.05844
v -0.01975 0.12283 0.04281
v -0.02538 0.12314 0.05837
v 0.02872 0.12751 0.03168
v 0.03208 0.12847 0.05513
v 0.04178 0.12893 0.03837
v 0.04866 0.12672 0.02133
v 0.02795 0.12474 0.01907
v 0.00881 0.12369 0.02228
v 0.01775 0.12748 0.03906
v 0.0768 0.04521 0.91953
v 0.06907 0.04817 0.95357
v 0.05944 0.05428 0.99019
v 0.07902 -0.0000 0.91954
v 0.07028 -0.0000 0.9547
v 0.06169 -0.0000 0.99454
v 0.0768 -0.04521 0.91953
v 0.06907 -0.04817 0.95357
v 0.05944 -0.05429 0.99019
v -0.02098 0.14034 0.92298
v -0.00002 0.13929 0.92246
v 0.02107 0.13616 0.92644
v -0.02431 0.12501 0.91129
v 0.00021 0.1243 0.91003
v 0.02506 0.12088 0.91327
v -0.02961 0.11136 0.89518
v 0.0002 0.11226 0.8931
v 0.03067 0.11057 0.89452
v 0.07869 0.03538 0.05546
v 0.08922 0.03809 0.06061
v 0.07602 0.03881 0.06729
v 0.06366 0.03887 0.06989
v 0.07117 0.03535 0.0515
v 0.08138 0.0354 0.03471
v 0.08841 0.03459 0.04693
v -0.01579 -0.56028 0.96154
v -0.01626 0.56028 0.96154
v 0.03068 -0.11052 0.89454
v 0.02506 -0.12072 0.91339
v 0.02107 -0.13601 0.92661
v 0.00022 -0.11223 0.89312
v 0.00022 -0.12422 0.91009
v -0.00002 -0.13923 0.92251
v -0.02955 -0.11135 0.89519
v -0.02429 -0.12498 0.9113
v -0.02097 -0.14033 0.92299
v 0.0258 -0.06188 1.03706
v 0.0258 0.06187 1.03706
v 0.00256 -0.06156 1.04179
v 0.00256 0.06156 1.04179
v -0.02283 -0.06192 1.03538
v -0.02283 0.06192 1.03538
v 0.07642 0.12949 0.05717
v 0.08643 0.12581 0.0624
v 0.08568 0.13059 0.04921
v 0.08019 0.13102 0.03736
v 0.06952 0.13012 0.05315
v 0.06209 0.1264 0.07092
v 0.07394 0.12552 0.06861
v 0.08526 -0.09991 0.0796
v 0.08568 -0.08108 0.08162
v 0.08646 -0.06251 0.07887
v 0.07119 -0.10048 0.08612
v 0.07164 -0.08171 0.08831
v 0.07209 -0.06313 0.08557
v 0.05871 -0.10188 0.09404
v 0.05994 -0.08245 0.09677
v 0.05938 -0.06324 0.09364
v 0.01406 0.26943 0.94225
v -0.00027 0.26962 0.93802
v -0.01561 0.26978 0.93985
v 0.01192 0.2912 0.94609
v -0.00067 0.29144 0.94171
v -0.01453 0.29163 0.94306
v 0.01002 0.31242 0.94947
v -0.00121 0.31262 0.94569
v -0.01342 0.31281 0.94677
v -0.03733 0.26991 0.96258
v -0.03972 0.26985 0.98008
v -0.03552 0.26962 0.99642
v -0.03481 0.29178 0.96382
v -0.03697 0.29172 0.97993
v -0.03312 0.29155 0.99508
v -0.03209 0.31301 0.96506
v -0.03428 0.31298 0.97975
v -0.03082 0.31286 0.99378
v -0.01379 0.26886 1.01409
v -0.0007 0.26861 1.01547
v 0.0119 0.26856 1.01248
v -0.01306 0.29105 1.01217
v -0.00083 0.29086 1.01356
v 0.01076 0.29074 1.01032
v -0.01229 0.3125 1.01025
v -0.00085 0.31234 1.01149
v 0.00985 0.31219 1.00816
v 0.03056 0.26886 0.99407
v 0.03375 0.26899 0.97977
v 0.03172 0.26908 0.9649
v 0.0268 0.29069 0.99226
v 0.0293 0.29074 0.9795
v 0.02741 0.29082 0.96648
v 0.02415 0.31203 0.99094
v 0.02628 0.31205 0.97931
v 0.02447 0.31212 0.96753
v 0.00772 0.35378 0.95348
v -0.00193 0.35392 0.95053
v -0.01218 0.35406 0.95172
v 0.00811 0.37417 0.95278
v -0.00173 0.37431 0.94948
v -0.01234 0.37443 0.95078
v 0.0089 0.39429 0.95151
v -0.00147 0.39441 0.94804
v -0.01265 0.3945 0.9495
v -0.02808 0.35427 0.96704
v -0.03037 0.35428 0.97949
v -0.02761 0.35421 0.9919
v -0.02825 0.37455 0.9669
v -0.03044 0.37455 0.97947
v -0.0276 0.37449 0.99191
v -0.02935 0.3946 0.9664
v -0.03178 0.39461 0.97961
v -0.02888 0.39456 0.99275
v -0.01123 0.35397 1.00711
v -0.00095 0.35384 1.00824
v 0.00862 0.35372 1.00513
v -0.01123 0.37428 1.00713
v -0.00091 0.37417 1.0083
v 0.00869 0.37405 1.00515
v -0.01164 0.39438 1.00862
v -0.00076 0.39428 1.00978
v 0.0093 0.39418 1.00641
v 0.02112 0.35356 0.9894
v 0.02271 0.35355 0.97902
v 0.0207 0.35358 0.96877
v 0.02102 0.37391 0.98931
v 0.02267 0.37391 0.97896
v 0.02079 0.37394 0.96866
v 0.02207 0.39404 0.98979
v 0.0238 0.39404 0.9790
v 0.02196 0.39408 0.96822
v 0.01147 0.43377 0.94794
v -0.00065 0.43373 0.94616
v -0.01248 0.4337 0.94921
v 0.0117 0.45296 0.94856
v -0.0004 0.45284 0.94711
v -0.01221 0.45281 0.95002
v 0.0116 0.47171 0.94996
v -0.00023 0.47149 0.94868
v -0.01186 0.47151 0.95113
v -0.03036 0.43384 0.96655
v -0.03413 0.43393 0.9801
v -0.03165 0.43392 0.99461
v -0.03055 0.4531 0.96653
v -0.03447 0.45322 0.98009
v -0.03146 0.45319 0.99453
v -0.03071 0.47213 0.96638
v -0.03473 0.47231 0.9801
v -0.03172 0.47229 0.99488
v -0.0124 0.43366 1.00919
v -0.0013 0.43355 1.00967
v 0.00907 0.43348 1.00649
v -0.01233 0.45296 1.0093
v -0.00109 0.45287 1.0101
v 0.00936 0.45281 1.00675
v -0.01245 0.47205 1.00968
v -0.00115 0.47192 1.01009
v 0.00941 0.47184 1.00677
v 0.02454 0.43352 0.99102
v 0.02786 0.4336 0.97943
v 0.02646 0.43366 0.9669
v 0.02458 0.45283 0.99075
v 0.02835 0.45293 0.97939
v 0.0280 0.45303 0.96658
v 0.02486 0.47188 0.99065
v 0.02888 0.47202 0.97923
v 0.02904 0.47217 0.96624
v 0.01074 0.50697 0.95323
v -0.00025 0.5066 0.95211
v -0.01112 0.50684 0.95388
v 0.01028 0.52264 0.9549
v -0.00031 0.5224 0.95361
v -0.01086 0.52277 0.95494
v 0.00991 0.53621 0.95712
v -0.00023 0.53636 0.95572
v -0.01047 0.53669 0.95639
v -0.02932 0.50883 0.96722
v -0.03354 0.50961 0.98018
v -0.03095 0.50951 0.99455
v -0.02872 0.5257 0.96712
v -0.03252 0.52674 0.98008
v -0.03004 0.52648 0.9940
v -0.02888 0.54101 0.96691
v -0.03569 0.54389 0.97926
v -0.03236 0.54327 0.99344
v -0.01211 0.50854 1.0090
v -0.00101 0.50817 1.00915
v 0.00941 0.5079 1.00584
v -0.01197 0.52536 1.00858
v -0.00081 0.52513 1.00885
v 0.00978 0.52464 1.00564
v -0.01177 0.54052 1.00599
v -0.00062 0.54031 1.00651
v 0.01025 0.53946 1.00449
v 0.02579 0.50841 0.99094
v 0.03017 0.50897 0.97929
v 0.02903 0.50897 0.96636
v 0.02671 0.52539 0.99166
v 0.03138 0.52637 0.98003
v 0.02791 0.52534 0.9674
v 0.02545 0.5395 0.99226
v 0.02888 0.54005 0.97993
v 0.02551 0.5392 0.96844
v 0.01664 -0.2231 0.93711
v 0.0000 -0.2231 0.93395
v -0.01665 -0.2231 0.93708
v 0.01574 -0.19876 0.93925
v -0.00043 -0.19911 0.93347
v -0.01718 -0.19929 0.93551
v 0.01617 -0.17544 0.93898
v -0.00086 -0.17605 0.93372
v -0.01804 -0.17679 0.93312
v -0.0390 -0.22311 0.96164
v -0.04186 -0.22304 0.97995
v -0.03872 -0.22276 0.99799
v -0.04017 -0.19936 0.96028
v -0.04317 -0.1988 0.97882
v -0.04045 -0.19733 0.99751
v -0.0423 -0.17692 0.95706
v -0.0456 -0.17525 0.97562
v -0.04336 -0.17046 0.99465
v -0.01528 -0.22058 1.01778
v -0.00028 -0.21979 1.01917
v 0.0143 -0.21983 1.01581
v -0.0167 -0.19288 1.01991
v -0.00018 -0.19168 1.0218
v 0.01591 -0.19185 1.01792
v -0.01893 -0.16078 1.02228
v -0.00001 -0.15941 1.02558
v 0.01857 -0.15994 1.02129
v 0.03667 -0.22212 0.9961
v 0.04141 -0.22298 0.97982
v 0.0390 -0.22311 0.96164
v 0.03908 -0.19673 0.99583
v 0.04292 -0.19877 0.9787
v 0.04017 -0.19936 0.96028
v 0.04312 -0.17039 0.9942
v 0.04559 -0.17525 0.97561
v 0.0423 -0.17692 0.95706
v 0.00996 -0.31243 0.94939
v -0.00129 -0.31262 0.94569
v -0.01348 -0.31282 0.94679
v 0.01186 -0.2912 0.94612
v -0.00071 -0.29144 0.94177
v -0.01453 -0.29163 0.94312
v 0.01397 -0.26941 0.94242
v -0.00026 -0.26962 0.93808
v -0.0156 -0.26978 0.93991
v -0.03217 -0.31302 0.9651
v -0.03429 -0.31298 0.97983
v -0.0308 -0.31287 0.99386
v -0.03477 -0.29178 0.96385
v -0.03691 -0.29171 0.97994
v -0.03306 -0.29155 0.99508
v -0.03732 -0.26991 0.96258
v -0.03969 -0.26985 0.98007
v -0.03547 -0.26962 0.99638
v -0.01221 -0.31252 1.01039
v -0.00074 -0.31235 1.01154
v 0.00995 -0.31221 1.00815
v -0.01304 -0.29107 1.01228
v -0.00078 -0.29089 1.01369
v 0.01082 -0.29076 1.01036
v -0.01375 -0.26885 1.01396
v -0.00067 -0.26862 1.01547
v 0.01191 -0.26855 1.01241
v 0.02423 -0.31205 0.99086
v 0.02631 -0.31206 0.97922
v 0.02445 -0.31213 0.96745
v 0.02678 -0.29069 0.99218
v 0.02925 -0.29074 0.97944
v 0.02734 -0.29082 0.96645
v 0.03042 -0.26884 0.99398
v 0.03362 -0.26898 0.97975
v 0.03158 -0.26907 0.96492
v 0.00891 -0.39431 0.95125
v -0.00155 -0.39442 0.94791
v -0.01274 -0.39451 0.94937
v 0.00804 -0.37417 0.95276
v -0.00179 -0.37432 0.94948
v -0.01238 -0.37443 0.95079
v 0.00761 -0.35377 0.95355
v -0.00199 -0.35392 0.95058
v -0.01221 -0.35406 0.95183
v -0.02953 -0.39462 0.96637
v -0.03188 -0.39462 0.97968
v -0.02899 -0.39458 0.99287
v -0.02828 -0.37456 0.96692
v -0.03048 -0.37456 0.9795
v -0.02762 -0.3745 0.99195
v -0.02799 -0.35426 0.96713
v -0.03034 -0.35428 0.9795
v -0.02753 -0.35421 0.99189
v -0.01161 -0.39439 1.00883
v -0.00068 -0.39429 1.00987
v 0.00938 -0.39419 1.00642
v -0.01118 -0.37428 1.00713
v -0.00086 -0.37417 1.00825
v 0.0087 -0.37406 1.00504
v -0.01115 -0.35397 1.00699
v -0.0009 -0.35384 1.00813
v 0.00862 -0.35372 1.00498
v 0.0222 -0.39406 0.98971
v 0.02384 -0.39405 0.97889
v 0.02198 -0.39409 0.96812
v 0.02097 -0.37391 0.9892
v 0.02259 -0.37391 0.97888
v 0.02071 -0.37395 0.9686
v 0.02098 -0.35355 0.98926
v 0.02258 -0.35355 0.97894
v 0.02057 -0.35358 0.96872
v 0.01163 -0.47173 0.94973
v -0.00027 -0.47149 0.94851
v -0.01195 -0.47151 0.95093
v 0.01169 -0.45296 0.94854
v -0.00041 -0.45284 0.94701
v -0.01229 -0.45281 0.94983
v 0.01143 -0.43377 0.94802
v -0.00067 -0.43372 0.94618
v -0.0125 -0.43369 0.94925
v -0.03078 -0.47213 0.96634
v -0.03474 -0.47232 0.98011
v -0.03178 -0.4723 0.99492
v -0.03066 -0.4531 0.96645
v -0.03449 -0.45322 0.98009
v -0.03147 -0.45319 0.99454
v -0.0303 -0.43383 0.9666
v -0.03418 -0.43393 0.98007
v -0.03161 -0.43392 0.99459
v -0.01243 -0.47205 1.0098
v -0.00111 -0.47192 1.01009
v 0.00944 -0.47184 1.00673
v -0.01229 -0.45297 1.00931
v -0.00104 -0.45288 1.01008
v 0.00938 -0.45281 1.0067
v -0.01235 -0.43367 1.00911
v -0.00127 -0.43355 1.00966
v 0.00908 -0.43349 1.00643
v 0.0249 -0.47188 0.9906
v 0.02892 -0.47203 0.97917
v 0.02915 -0.47217 0.96619
v 0.02455 -0.45283 0.99068
v 0.02831 -0.45293 0.97934
v 0.0280 -0.45304 0.96657
v 0.02447 -0.43352 0.99093
v 0.02779 -0.4336 0.9794
v 0.02637 -0.43366 0.96688
v 0.00997 -0.53629 0.95688
v -0.00021 -0.53641 0.9555
v -0.01049 -0.53676 0.95617
v 0.01031 -0.52266 0.95477
v -0.00031 -0.52243 0.95344
v -0.01089 -0.52279 0.95479
v 0.01073 -0.50693 0.95326
v -0.00026 -0.50658 0.95208
v -0.01113 -0.50681 0.95389
v -0.02889 -0.54102 0.9669
v -0.03569 -0.54391 0.97925
v -0.03236 -0.54327 0.99344
v -0.02875 -0.52571 0.96708
v -0.03252 -0.52674 0.98007
v -0.03006 -0.52649 0.99401
v -0.02928 -0.5088 0.96726
v -0.03355 -0.50962 0.98017
v -0.03095 -0.50951 0.99454
v -0.01183 -0.54057 1.00613
v -0.0007 -0.54035 1.0066
v 0.01008 -0.53952 1.00459
v -0.0120 -0.52541 1.00868
v -0.00081 -0.5252 1.0090
v 0.00981 -0.52469 1.00575
v -0.01211 -0.50849 1.00874
v -0.00103 -0.50817 1.00908
v 0.00937 -0.50789 1.00573
v 0.02552 -0.53955 0.99233
v 0.0289 -0.54002 0.98014
v 0.02556 -0.53918 0.9684
v 0.02672 -0.5254 0.99168
v 0.03139 -0.52636 0.98004
v 0.02792 -0.52533 0.9674
v 0.02574 -0.50839 0.99087
v 0.03022 -0.50897 0.97931
v 0.02902 -0.50895 0.96637
v 0.02213 -0.0322 0.37628
v -0.00011 -0.02835 0.3760
v -0.02233 -0.03213 0.37552
v 0.02397 -0.02842 0.40092
v -0.00009 -0.02432 0.40054
v -0.02414 -0.02836 0.40016
v 0.0263 -0.02441 0.4269
v -0.00005 -0.02009 0.42626
v -0.02615 -0.02436 0.42627
v -0.05216 -0.0619 0.37492
v -0.05596 -0.08408 0.37488
v -0.05214 -0.10626 0.3749
v -0.0562 -0.0601 0.40051
v -0.06006 -0.08375 0.40115
v -0.0558 -0.10741 0.40184
v -0.06051 -0.0579 0.4292
v -0.06425 -0.08289 0.43166
v -0.05929 -0.1079 0.43417
v -0.02225 -0.13608 0.37501
v -0.00001 -0.1399 0.37508
v 0.02223 -0.13611 0.37516
v -0.0238 -0.1392 0.40282
v 0.00003 -0.14326 0.40299
v 0.02401 -0.13922 0.40293
v -0.02465 -0.14148 0.43754
v 0.00057 -0.14577 0.43803
v 0.02547 -0.14149 0.43779
v 0.05209 -0.1064 0.37543
v 0.05589 -0.08426 0.37563
v 0.05205 -0.06209 0.37593
v 0.05617 -0.10752 0.40231
v 0.06033 -0.08392 0.40184
v 0.0563 -0.06028 0.40143
v 0.05944 -0.10796 0.43487
v 0.06429 -0.0830 0.43251
v 0.06057 -0.05804 0.43008
v 0.02908 -0.01715 0.48498
v 0.00032 -0.01272 0.48268
v -0.02965 -0.01714 0.48456
v 0.03033 -0.01317 0.51434
v -0.00051 -0.00926 0.51048
v -0.03283 -0.01317 0.51384
v 0.03305 -0.00764 0.53859
v -0.00123 -0.00514 0.53263
v -0.03729 -0.00764 0.53812
v -0.07064 -0.05216 0.50001
v -0.07475 -0.07837 0.51149
v -0.06798 -0.10458 0.52302
v -0.07874 -0.04683 0.53951
v -0.08374 -0.07283 0.55841
v -0.07736 -0.09893 0.57773
v -0.08927 -0.03743 0.57745
v -0.09469 -0.06291 0.60479
v -0.08849 -0.0885 0.63365
v -0.0282 -0.13988 0.53872
v -0.00085 -0.14441 0.54121
v 0.02614 -0.13988 0.54005
v -0.03296 -0.13477 0.60241
v -0.00112 -0.13959 0.60544
v 0.03023 -0.13477 0.60352
v -0.0387 -0.12659 0.66857
v 0.0000 -0.13224 0.67102
v 0.03894 -0.12659 0.66817
v 0.06423 -0.10458 0.52552
v 0.07118 -0.07837 0.51369
v 0.06803 -0.05216 0.50159
v 0.0727 -0.09893 0.57956
v 0.07906 -0.07283 0.56033
v 0.07392 -0.04683 0.54127
v 0.08932 -0.0885 0.63046
v 0.09399 -0.06291 0.60214
v 0.08585 -0.03743 0.57634
v -0.03036 0.01448 0.49829
v -0.00043 0.00986 0.49624
v 0.02813 0.01448 0.49819
v -0.0338 0.01103 0.52416
v -0.00119 0.00695 0.52063
v 0.02969 0.01103 0.52415
v -0.03795 0.00606 0.54366
v -0.00157 0.0034 0.53803
v 0.03286 0.00606 0.54379
v 0.06446 0.05103 0.51323
v 0.06757 0.07836 0.52465
v 0.06262 0.10571 0.53623
v 0.07082 0.04593 0.54945
v 0.07559 0.07282 0.5684
v 0.07186 0.0998 0.58795
v 0.08325 0.03681 0.58145
v 0.09038 0.06289 0.60885
v 0.08756 0.08904 0.6387
v 0.02623 0.14253 0.55186
v -0.00206 0.14726 0.5539
v -0.03139 0.14253 0.5521
v 0.03198 0.13684 0.61283
v -0.00103 0.14181 0.61554
v -0.03545 0.13684 0.61299
v 0.03961 0.12792 0.67542
v 0.0000 0.13368 0.67796
v -0.03968 0.12792 0.67542
v -0.07244 0.10571 0.53681
v -0.07752 0.07836 0.52528
v -0.07238 0.05103 0.51378
v -0.08138 0.0998 0.58844
v -0.08659 0.07282 0.56911
v -0.08076 0.04593 0.55008
v -0.09064 0.08904 0.64051
v -0.0963 0.06289 0.6116
v -0.09053 0.03681 0.58381
v -0.02291 0.03077 0.38239
v -0.0001 0.02688 0.38289
v 0.02271 0.03083 0.38317
v -0.02457 0.02627 0.41079
v 0.00002 0.02208 0.41113
v 0.02487 0.02632 0.4115
v -0.02611 0.02169 0.43989
v 0.00052 0.01722 0.43979
v 0.0267 0.02172 0.44035
v 0.05341 0.0615 0.3828
v 0.05735 0.08426 0.3825
v 0.05345 0.10697 0.3823
v 0.05787 0.05937 0.41201
v 0.0620 0.08389 0.41243
v 0.05795 0.10839 0.41293
v 0.06049 0.05687 0.44326
v 0.06444 0.08297 0.44557
v 0.06019 0.10906 0.44793
v 0.02282 0.13747 0.38203
v -0.00001 0.14135 0.38196
v -0.02283 0.13743 0.38189
v 0.0249 0.14129 0.41363
v -0.0000 0.14548 0.4137
v -0.02478 0.14127 0.41355
v 0.0263 0.14413 0.4513
v 0.00019 0.14861 0.45177
v -0.02642 0.14413 0.45134
v -0.05344 0.10684 0.38178
v -0.05728 0.08407 0.38177
v -0.05337 0.06132 0.3818
v -0.0575 0.10829 0.41256
v -0.06151 0.08374 0.41186
v -0.05728 0.0592 0.41121
v -0.06159 0.10903 0.44797
v -0.0659 0.08289 0.44545
v -0.06141 0.05675 0.44296
v 0.01708 -0.04215 0.11879
v -0.00202 -0.04037 0.11842
v -0.01973 -0.04386 0.11702
v 0.01733 -0.04278 0.14009
v -0.00086 -0.04018 0.13933
v -0.01863 -0.04337 0.1383
v 0.01749 -0.04268 0.16083
v -0.00038 -0.03974 0.1602
v -0.0182 -0.04281 0.15953
v -0.0424 -0.06699 0.11418
v -0.04528 -0.08408 0.11381
v -0.0424 -0.10117 0.11418
v -0.04211 -0.06674 0.13662
v -0.0451 -0.08408 0.1364
v -0.04211 -0.10141 0.13662
v -0.04208 -0.06649 0.1586
v -0.04513 -0.08408 0.15848
v -0.04208 -0.10167 0.1586
v -0.01973 -0.12429 0.11702
v -0.00202 -0.12779 0.11842
v 0.01708 -0.1260 0.11879
v -0.01863 -0.12479 0.1383
v -0.00086 -0.12798 0.13933
v 0.01733 -0.12538 0.14009
v -0.0182 -0.12534 0.15953
v -0.00038 -0.12842 0.1602
v 0.01749 -0.12548 0.16083
v 0.04363 -0.1028 0.12251
v 0.04663 -0.08401 0.12412
v 0.0437 -0.06526 0.12248
v 0.0418 -0.10201 0.14194
v 0.04483 -0.08408 0.14252
v 0.0418 -0.06615 0.14194
v 0.0415 -0.1018 0.16178
v 0.04455 -0.08408 0.16195
v 0.0415 -0.06635 0.16178
v 0.01807 -0.04166 0.20184
v -0.00008 -0.03856 0.20169
v -0.01822 -0.04167 0.20154
v 0.01832 -0.04113 0.22241
v -0.00002 -0.03799 0.22237
v -0.01837 -0.04113 0.22233
v 0.01856 -0.0406 0.24311
v -0.0000 -0.03742 0.2431
v -0.01856 -0.0406 0.2431
v -0.04258 -0.06598 0.20134
v -0.04569 -0.08408 0.20132
v -0.04258 -0.10217 0.20134
v -0.0430 -0.06575 0.22227
v -0.04614 -0.08408 0.22226
v -0.0430 -0.10241 0.22227
v -0.04348 -0.06552 0.24309
v -0.04667 -0.08408 0.24309
v -0.04348 -0.10264 0.24309
v -0.01822 -0.12648 0.20154
v -0.00008 -0.12959 0.20169
v 0.01807 -0.1265 0.20184
v -0.01837 -0.12702 0.22233
v -0.00002 -0.13017 0.22237
v 0.01832 -0.12703 0.22241
v -0.01856 -0.12756 0.2431
v -0.0000 -0.13074 0.2431
v 0.01856 -0.12756 0.24311
v 0.04243 -0.10219 0.20203
v 0.04554 -0.08408 0.20206
v 0.04243 -0.06597 0.20203
v 0.04295 -0.10241 0.22247
v 0.0461 -0.08408 0.22248
v 0.04295 -0.06574 0.22247
v 0.04348 -0.10264 0.24311
v 0.04666 -0.08408 0.24311
v 0.04348 -0.06552 0.24311
v 0.0190 -0.03957 0.28534
v -0.00002 -0.0363 0.28526
v -0.01904 -0.03954 0.28514
v 0.01933 -0.03878 0.30715
v -0.00004 -0.03544 0.30702
v -0.01942 -0.03874 0.30679
v 0.01989 -0.03745 0.32955
v -0.00007 -0.0340 0.32937
v -0.02002 -0.0374 0.32903
v -0.04458 -0.06506 0.28501
v -0.04784 -0.08408 0.28499
v -0.04458 -0.10311 0.28499
v -0.04543 -0.06472 0.3065
v -0.04875 -0.08409 0.30644
v -0.04542 -0.10347 0.30641
v -0.04681 -0.06416 0.32855
v -0.05023 -0.08411 0.32845
v -0.0468 -0.10407 0.32839
v -0.01903 -0.12866 0.28499
v -0.0000 -0.13192 0.28499
v 0.01903 -0.12866 0.2850
v -0.01939 -0.1295 0.3064
v -0.0000 -0.13283 0.30642
v 0.01938 -0.12952 0.30647
v -0.01998 -0.13088 0.32838
v -0.00001 -0.13432 0.32841
v 0.01996 -0.13091 0.32849
v 0.04457 -0.10313 0.2851
v 0.04783 -0.08413 0.28519
v 0.04456 -0.06512 0.28528
v 0.0454 -0.10354 0.30668
v 0.04871 -0.08419 0.30683
v 0.04538 -0.06484 0.30698
v 0.04676 -0.10417 0.32879
v 0.05017 -0.08425 0.32901
v 0.04673 -0.06431 0.32925
v -0.01902 0.03957 0.28345
v -0.00002 0.03633 0.28355
v 0.01899 0.0396 0.28363
v -0.01944 0.03868 0.30584
v -0.00004 0.03537 0.30607
v 0.01936 0.03872 0.3062
v -0.02014 0.03712 0.32968
v -0.00007 0.03369 0.33003
v 0.02001 0.03717 0.33021
v 0.04453 0.06513 0.28358
v 0.04779 0.08412 0.28349
v 0.04454 0.10312 0.2834
v 0.04544 0.06481 0.30603
v 0.04877 0.08419 0.30589
v 0.04546 0.10356 0.30573
v 0.04701 0.06419 0.32991
v 0.05047 0.08425 0.32966
v 0.04704 0.10429 0.32944
v 0.01901 0.12862 0.28331
v 0.0000 0.13188 0.28331
v -0.01901 0.12862 0.28331
v 0.01941 0.12957 0.30552
v -0.0000 0.13289 0.30548
v -0.01941 0.12956 0.30547
v 0.02008 0.13119 0.32914
v -0.00001 0.13462 0.32906
v -0.0201 0.13117 0.32902
v -0.04455 0.10309 0.28331
v -0.04781 0.08408 0.28331
v -0.04455 0.06507 0.28332
v -0.04548 0.10349 0.30547
v -0.04881 0.08409 0.3055
v -0.04548 0.06469 0.30556
v -0.04708 0.10419 0.32904
v -0.05053 0.08411 0.3291
v -0.04709 0.06404 0.3292
v -0.01822 0.04167 0.20157
v -0.00007 0.03856 0.20175
v 0.01807 0.04165 0.20193
v -0.01836 0.04115 0.22156
v -0.00002 0.03801 0.22161
v 0.01831 0.04115 0.22166
v -0.01855 0.04064 0.24167
v -0.0000 0.03746 0.24167
v 0.01854 0.04064 0.24168
v 0.04244 0.06597 0.20217
v 0.04555 0.08408 0.2022
v 0.04244 0.10219 0.20217
v 0.04294 0.06575 0.22173
v 0.04608 0.08408 0.22174
v 0.04294 0.1024 0.22173
v 0.04344 0.06553 0.24169
v 0.04662 0.08408 0.24169
v 0.04344 0.10262 0.24169
v 0.01807 0.1265 0.20193
v -0.00007 0.1296 0.20175
v -0.01822 0.12648 0.20157
v 0.01831 0.12701 0.22166
v -0.00002 0.13015 0.22161
v -0.01836 0.1270 0.22156
v 0.01854 0.12752 0.24168
v -0.0000 0.1307 0.24167
v -0.01855 0.12752 0.24167
v -0.04258 0.10217 0.20134
v -0.04569 0.08408 0.20131
v -0.04258 0.06598 0.20134
v -0.04298 0.1024 0.22149
v -0.04612 0.08408 0.22148
v -0.04298 0.06576 0.22149
v -0.04345 0.10262 0.24166
v -0.04663 0.08408 0.24166
v -0.04345 0.06554 0.24166
v -0.01973 0.0438 0.11931
v -0.0020 0.0403 0.12099
v 0.01713 0.04208 0.12164
v -0.01864 0.04332 0.1403
v -0.00084 0.04012 0.14154
v 0.01737 0.04271 0.14251
v -0.01821 0.04277 0.16104
v -0.00037 0.03969 0.16184
v 0.01752 0.04264 0.16261
v 0.04375 0.06527 0.12565
v 0.04669 0.08406 0.12732
v 0.04372 0.10284 0.12567
v 0.04188 0.06612 0.14462
v 0.04491 0.08408 0.14522
v 0.04188 0.10203 0.14462
v 0.04155 0.06633 0.16373
v 0.04461 0.08408 0.16392
v 0.04155 0.10182 0.16373
v 0.01713 0.12608 0.12164
v -0.0020 0.12786 0.12099
v -0.01973 0.12435 0.11931
v 0.01737 0.12544 0.14251
v -0.00084 0.12804 0.14154
v -0.01864 0.12484 0.1403
v 0.01752 0.12552 0.16261
v -0.00037 0.12846 0.16184
v -0.01821 0.12538 0.16104
v -0.04244 0.10119 0.11609
v -0.04532 0.08408 0.11566
v -0.04244 0.06696 0.11609
v -0.04214 0.10143 0.13834
v -0.04514 0.08408 0.13808
v -0.04214 0.06672 0.13834
v -0.04211 0.10168 0.15993
v -0.04517 0.08408 0.15979
v -0.04211 0.06647 0.15993
v 0.15419 -0.06786 -0.00325
v 0.15395 -0.08591 -0.00504
v 0.15229 -0.10371 -0.00214
v 0.1370 -0.06521 -0.00634
v 0.13623 -0.08478 -0.00863
v 0.13478 -0.10429 -0.00553
v 0.11463 -0.06257 -0.00631
v 0.11384 -0.08253 -0.00926
v 0.11172 -0.10289 -0.00636
v 0.15187 -0.12653 0.01687
v 0.15301 -0.12903 0.03101
v 0.15272 -0.12511 0.0450
v 0.13499 -0.1299 0.01624
v 0.13644 -0.13261 0.03203
v 0.13698 -0.12835 0.04744
v 0.11411 -0.13001 0.01748
v 0.11757 -0.13261 0.03441
v 0.11896 -0.12829 0.05043
v 0.15449 -0.10012 0.06248
v 0.15656 -0.08171 0.06407
v 0.15694 -0.06358 0.0610
v 0.13871 -0.10074 0.06714
v 0.14026 -0.08091 0.06901
v 0.14116 -0.06146 0.06567
v 0.12023 -0.10053 0.07061
v 0.12135 -0.08053 0.07261
v 0.12234 -0.06092 0.06934
v 0.15833 -0.04163 0.0416
v 0.15877 -0.03985 0.02753
v 0.15671 -0.04361 0.01397
v 0.14288 -0.03744 0.04391
v 0.14267 -0.03528 0.02845
v 0.14041 -0.0390 0.01351
v 0.12414 -0.03647 0.04737
v 0.12337 -0.0339 0.03147
v 0.11984 -0.03695 0.01579
v 0.15233 0.10384 -0.0021
v 0.15395 0.08606 -0.00503
v 0.15413 0.06798 -0.00328
v 0.13514 0.10526 -0.00516
v 0.13618 0.08595 -0.00859
v 0.13655 0.06617 -0.00661
v 0.11298 0.10632 -0.00519
v 0.11369 0.08658 -0.00912
v 0.11311 0.06599 -0.00717
v 0.15665 0.04364 0.01394
v 0.15876 0.03986 0.02752
v 0.15833 0.04163 0.04161
v 0.13996 0.03924 0.01325
v 0.14253 0.03534 0.02841
v 0.14286 0.03744 0.04397
v 0.11836 0.03769 0.01504
v 0.12293 0.03409 0.03138
v 0.12409 0.03649 0.04759
v 0.15694 0.06358 0.06101
v 0.15656 0.08171 0.06408
v 0.15449 0.10012 0.06249
v 0.14115 0.06146 0.06576
v 0.14025 0.08091 0.06911
v 0.13871 0.10073 0.06724
v 0.12232 0.06092 0.06966
v 0.12133 0.08053 0.07294
v 0.12022 0.10052 0.07093
v 0.15272 0.12511 0.04501
v 0.15303 0.12904 0.03103
v 0.15192 0.12657 0.01692
v 0.1370 0.12835 0.04754
v 0.13658 0.13269 0.03222
v 0.1354 0.13017 0.01664
v 0.11901 0.1283 0.05074
v 0.11798 0.13284 0.03497
v 0.11543 0.13084 0.01869
v -0.0000 0.04204 1.10227
v -0.0000 0.04204 1.10227
v 0.01824 0.03788 1.10227
v 0.03287 0.02621 1.10227
v 0.04098 0.00935 1.10227
v 0.04098 -0.00936 1.10227
v 0.03287 -0.02621 1.10227
v 0.01824 -0.03788 1.10227
v -0.0000 -0.04204 1.10227
v -0.01824 -0.03788 1.10227
v -0.03287 -0.02621 1.10227
v -0.04098 -0.00936 1.10227
v -0.04098 0.00935 1.10227
v -0.03287 0.02621 1.10227
v -0.01824 0.03788 1.10227
v 0.01849 -0.0381 1.04222
v 0.01849 -0.0381 1.04222
v 0.02853 -0.03083 1.04179
v 0.02853 -0.03083 1.04179
v 0.00316 -0.04132 1.04448
v 0.00316 -0.04132 1.04448
v 0.02853 0.03083 1.04179
v 0.02853 0.03083 1.04179
v 0.01849 0.0381 1.04229
v 0.01849 0.0381 1.04229
v 0.01849 0.0381 1.04229
v 0.00316 0.04132 1.04448
v 0.00316 0.04132 1.04448
v -0.0000 -0.04204 1.04377
v -0.0000 -0.04204 1.04377
v -0.00696 -0.04045 1.04262
v -0.00696 -0.04045 1.04262
v -0.01824 -0.03788 1.04018
v -0.01824 -0.03788 1.04018
v -0.01824 -0.03788 1.04018
v -0.02393 -0.03334 1.03945
v -0.02393 -0.03334 1.03945
v -0.0128 0.03912 1.04075
v -0.0128 0.03912 1.04075
v -0.0000 0.04204 1.04359
v -0.0000 0.04204 1.04359
v -0.0000 0.04204 1.04359
v -0.02393 0.03334 1.03945
v -0.02393 0.03334 1.03945
v -0.01824 0.03788 1.03988
v -0.01824 0.03788 1.03988
v -0.01824 0.03788 1.03988
v 0.03704 -0.02212 1.03709
v 0.03704 -0.02212 1.03709
v 0.04365 -0.0000 1.03606
v 0.04365 -0.0000 1.03606
v 0.04383 -0.00977 1.03443
v 0.04383 -0.00977 1.03443
v 0.04383 -0.00977 1.03443
v 0.03433 -0.02689 1.03818
v 0.03433 -0.02689 1.03818
v 0.03433 -0.02689 1.03818
v 0.03434 0.0269 1.03806
v 0.03434 0.0269 1.03806
v 0.04383 0.00977 1.03435
v 0.04383 0.00977 1.03435
v -0.03386 0.02414 1.03375
v -0.03386 0.02414 1.03375
v -0.03287 0.02621 1.03412
v -0.03287 0.02621 1.03412
v -0.04098 0.00935 1.03239
v -0.04098 0.00935 1.03239
v -0.04098 -0.0000 1.03435
v -0.04098 -0.0000 1.03435
v -0.04098 -0.00936 1.03279
v -0.04098 -0.00936 1.03279
v -0.03287 -0.02621 1.03506
v -0.03287 -0.02621 1.03506
v 0.02669 -0.05176 1.0386
v 0.02682 0.05031 1.03882
v -0.02339 0.04723 1.03747
v 0.00274 0.05555 1.04259
v 0.00272 -0.05616 1.04251
v -0.02333 -0.04876 1.03725
v 0.04942 0.68116 0.9683
v 0.04942 0.68116 0.9683
v 0.04942 0.68197 0.99232
v 0.04942 0.68197 0.99232
v 0.05506 0.5827 0.9524
v 0.05506 0.5827 0.9524
v 0.05506 0.5827 0.99204
v 0.05506 0.5827 0.99204
v -0.04782 0.68116 0.96999
v -0.04782 0.68197 0.99274
v -0.04782 0.68197 0.99274
v -0.04267 0.57516 0.96987
v -0.04267 0.57516 0.96987
v -0.04206 0.57478 0.99523
v 0.04455 0.75554 0.91826
v 0.04455 0.75554 0.91826
v 0.04455 0.75554 0.91826
v 0.04455 0.76309 0.9326
v 0.04455 0.76309 0.9326
v 0.04455 0.76309 0.9326
v -0.04295 0.76309 0.9326
v -0.04295 0.75554 0.91826
v -0.04782 0.72666 0.96631
v -0.04782 0.72131 0.94573
v 0.04942 0.72131 0.94573
v 0.04942 0.72131 0.94573
v 0.04942 0.72666 0.96631
v 0.04942 0.72666 0.96631
v 0.00099 0.57768 0.95714
v 0.00099 0.57768 0.95714
v 0.00098 0.57583 1.00119
v 0.00098 0.57583 1.00119
v 0.0008 0.68096 0.9633
v 0.0008 0.68096 0.9633
v 0.0008 0.68217 0.99837
v 0.0008 0.68217 0.99837
v 0.0008 0.75824 0.91227
v 0.0008 0.75824 0.91227
v 0.0008 0.76896 0.93117
v 0.0008 0.76896 0.93117
v 0.0008 0.72799 0.97146
v 0.0008 0.72799 0.97146
v 0.0008 0.71997 0.94058
v 0.0008 0.71997 0.94058
v 0.05639 0.62502 0.95682
v 0.05639 0.62502 0.95682
v 0.05639 0.62502 0.99392
v 0.05639 0.62502 0.99392
v -0.04782 0.6191 0.97048
v -0.04782 0.6191 0.99687
v 0.0008 0.6191 1.00317
v 0.0008 0.6191 1.00317
v 0.0008 0.6191 0.9583
v 0.0008 0.6191 0.9583
v 0.08842 0.6514 0.97164
v 0.08842 0.6514 0.97164
v 0.09925 0.63603 0.97053
v 0.09925 0.63603 0.97053
v 0.09925 0.63603 0.95061
v 0.09925 0.63603 0.95061
v 0.08842 0.6514 0.95307
v 0.08842 0.6514 0.95307
v 0.05011 0.6516 0.96646
v 0.05011 0.6516 0.96646
v 0.05671 0.68156 0.98023
v 0.05671 0.68156 0.98023
v 0.05687 0.60402 0.99687
v 0.05687 0.60402 0.99687
v 0.06137 0.58081 0.97133
v 0.06137 0.58081 0.97133
v 0.02695 0.57697 0.95342
v 0.02695 0.57697 0.95342
v -0.02346 0.57568 1.00006
v -0.04905 0.57461 0.98331
v -0.04905 0.57461 0.98331
v -0.04713 0.59379 0.96908
v -0.04782 0.65097 0.9966
v -0.05511 0.68156 0.98144
v -0.02715 0.68098 0.96461
v 0.02875 0.68214 0.99761
v 0.04775 0.76213 0.92299
v 0.04775 0.76213 0.92299
v -0.04615 0.76213 0.92299
v -0.02652 0.75779 0.91329
v -0.02652 0.75779 0.91329
v 0.02812 0.76795 0.93142
v 0.02812 0.76795 0.93142
v -0.04698 0.74924 0.94702
v -0.04782 0.70298 0.9609
v 0.04858 0.74122 0.92823
v 0.04858 0.74122 0.92823
v 0.04942 0.70556 0.98238
v 0.04942 0.70556 0.98238
v -0.04782 0.70556 0.98244
v -0.04782 0.70556 0.98244
v -0.04698 0.74122 0.92823
v 0.04942 0.70298 0.96069
v 0.04942 0.70298 0.96069
v 0.04858 0.74924 0.94702
v 0.04858 0.74924 0.94702
v -0.02715 0.72782 0.97082
v 0.02875 0.72014 0.94123
v 0.05671 0.72398 0.95602
v -0.05511 0.72398 0.95602
v -0.05511 0.72398 0.95602
v -0.0237 0.57535 0.96201
v 0.02683 0.57625 1.00016
v 0.02683 0.57625 1.00016
v 0.02875 0.68098 0.96345
v -0.02715 0.68214 0.99767
v -0.02715 0.68214 0.99767
v 0.02812 0.75779 0.91329
v 0.02812 0.75779 0.91329
v -0.02652 0.76795 0.93142
v -0.02652 0.76795 0.93142
v 0.02875 0.72782 0.97082
v -0.02715 0.72014 0.94123
v -0.02715 0.72014 0.94123
v 0.0008 0.70233 0.95539
v 0.0008 0.70233 0.95539
v 0.0008 0.70621 0.98781
v 0.0008 0.75189 0.95123
v 0.0008 0.73969 0.92305
v 0.0008 0.77003 0.91615
v 0.0008 0.65099 1.00257
v 0.0008 0.65099 1.00257
v 0.0008 0.65084 0.96288
v 0.0008 0.65084 0.96288
v 0.03783 0.56569 0.96635
v 0.03783 0.56569 0.96635
v 0.03688 0.56425 0.98999
v 0.03688 0.56425 0.98999
v 0.05687 0.60402 0.94758
v 0.05687 0.60402 0.94758
v 0.05011 0.6517 0.99529
v 0.05011 0.6517 0.99529
v -0.04782 0.65087 0.9721
v -0.04713 0.59379 0.99647
v 0.0008 0.59379 1.00293
v 0.0008 0.59379 1.00293
v 0.0008 0.59379 0.95485
v 0.0008 0.59379 0.95485
v 0.02951 0.61971 0.9554
v -0.02715 0.6191 1.00238
v 0.02951 0.61971 1.0022
v -0.02715 0.6191 0.96246
v -0.05511 0.6191 0.98412
v 0.06258 0.6337 0.97522
v 0.09637 0.64743 0.97177
v 0.09637 0.64743 0.97177
v 0.10352 0.63833 0.95952
v 0.10352 0.63833 0.95952
v 0.09637 0.64743 0.94935
v 0.09637 0.64743 0.94935
v 0.08921 0.65653 0.9616
v 0.07606 0.63765 0.95357
v 0.07606 0.63765 0.95357
v 0.08513 0.61427 0.94966
v 0.08513 0.61427 0.94966
v 0.07606 0.63765 0.98113
v 0.07606 0.63765 0.98113
v 0.08513 0.61427 0.97977
v 0.08513 0.61427 0.97977
v 0.08076 0.6263 0.94632
v -0.0413 0.56581 0.98461
v -0.05511 0.65092 0.9846
v -0.05398 0.74551 0.93738
v -0.02715 0.65084 0.96549
v 0.0289 0.65108 1.00166
v 0.02844 0.76904 0.91701
v 0.05558 0.74551 0.93738
v -0.0270 0.73982 0.92376
v 0.0286 0.75148 0.95077
v 0.02875 0.70613 0.98713
v -0.02715 0.70241 0.95614
v 0.05671 0.70427 0.97153
v -0.05511 0.70427 0.97168
v 0.02875 0.70241 0.95599
v -0.02715 0.70613 0.98714
v -0.0270 0.75148 0.95077
v 0.0286 0.73982 0.92376
v -0.02684 0.76904 0.91701
v -0.02715 0.65099 1.00182
v 0.0289 0.65094 0.96183
v 0.04078 0.56421 0.97763
v 0.0294 0.59498 0.95053
v -0.02676 0.59379 1.00212
v 0.0294 0.59498 1.00214
v -0.02676 0.59379 0.96012
v -0.05432 0.59379 0.98336
v 0.05742 0.65251 0.9806
v 0.10169 0.65524 0.95868
v 0.07492 0.64254 0.96772
v 0.08076 0.6263 0.98535
v 0.08767 0.61075 0.96417
v 0.04942 -0.68116 0.9683
v 0.04942 -0.68116 0.9683
v 0.04942 -0.68197 0.99231
v 0.04942 -0.68197 0.99231
v 0.05506 -0.5827 0.9524
v 0.05506 -0.5827 0.9524
v 0.05506 -0.5827 0.99204
v 0.05506 -0.5827 0.99204
v -0.04782 -0.68116 0.96999
v -0.04782 -0.68197 0.99274
v -0.04782 -0.68197 0.99274
v -0.04256 -0.57515 0.96985
v -0.04256 -0.57515 0.96985
v -0.04206 -0.57478 0.99523
v 0.04455 -0.75554 0.91826
v 0.04455 -0.75554 0.91826
v 0.04455 -0.75554 0.91826
v 0.04455 -0.76309 0.9326
v 0.04455 -0.76309 0.9326
v 0.04455 -0.76309 0.9326
v -0.04296 -0.76309 0.9326
v -0.04296 -0.75554 0.91826
v -0.04782 -0.72666 0.96631
v -0.04782 -0.72131 0.94573
v 0.04942 -0.72131 0.94573
v 0.04942 -0.72131 0.94573
v 0.04942 -0.72666 0.96631
v 0.04942 -0.72666 0.96631
v 0.00189 -0.57763 0.95703
v 0.00189 -0.57763 0.95703
v 0.00089 -0.57584 1.00118
v 0.00089 -0.57584 1.00118
v 0.0008 -0.68096 0.9633
v 0.0008 -0.68096 0.9633
v 0.0008 -0.68217 0.99837
v 0.0008 -0.68217 0.99837
v 0.0008 -0.75825 0.91227
v 0.0008 -0.75825 0.91227
v 0.0008 -0.76896 0.93117
v 0.0008 -0.76896 0.93117
v 0.0008 -0.72799 0.97146
v 0.0008 -0.72799 0.97146
v 0.0008 -0.71997 0.94058
v 0.0008 -0.71997 0.94058
v 0.05639 -0.62503 0.95682
v 0.05639 -0.62503 0.95682
v 0.05639 -0.62503 0.99392
v 0.05639 -0.62503 0.99392
v -0.04782 -0.6191 0.97048
v -0.04782 -0.6191 0.99687
v 0.0008 -0.6191 1.00316
v 0.0008 -0.6191 1.00316
v 0.0008 -0.6191 0.95829
v 0.0008 -0.6191 0.95829
v 0.08842 -0.6514 0.97164
v 0.08842 -0.6514 0.97164
v 0.09925 -0.63603 0.97053
v 0.09925 -0.63603 0.97053
v 0.09925 -0.63603 0.95061
v 0.09925 -0.63603 0.95061
v 0.08842 -0.6514 0.95307
v 0.08842 -0.6514 0.95307
v 0.05011 -0.6516 0.96646
v 0.05011 -0.6516 0.96646
v 0.05671 -0.68156 0.98023
v 0.05671 -0.68156 0.98023
v 0.05687 -0.60402 0.99687
v 0.05687 -0.60402 0.99687
v 0.06137 -0.58081 0.97132
v 0.06137 -0.58081 0.97132
v 0.02703 -0.57691 0.95343
v 0.02703 -0.57691 0.95343
v -0.02342 -0.57569 1.00008
v -0.04905 -0.57461 0.98331
v -0.04905 -0.57461 0.98331
v -0.04713 -0.59379 0.96908
v -0.04782 -0.65097 0.9966
v -0.05511 -0.68156 0.98144
v -0.02715 -0.68098 0.96461
v 0.02875 -0.68215 0.99761
v 0.04775 -0.76213 0.92299
v 0.04775 -0.76213 0.92299
v -0.04615 -0.76213 0.92299
v -0.02652 -0.75779 0.91329
v -0.02652 -0.75779 0.91329
v 0.02812 -0.76795 0.93142
v 0.02812 -0.76795 0.93142
v -0.04698 -0.74924 0.94702
v -0.04782 -0.70298 0.9609
v 0.04858 -0.74122 0.92823
v 0.04858 -0.74122 0.92823
v 0.04942 -0.70556 0.98238
v 0.04942 -0.70556 0.98238
v -0.04782 -0.70556 0.98244
v -0.04782 -0.70556 0.98244
v -0.04698 -0.74122 0.92823
v 0.04942 -0.70298 0.96069
v 0.04942 -0.70298 0.96069
v 0.04858 -0.74924 0.94702
v 0.04858 -0.74924 0.94702
v -0.02715 -0.72783 0.97082
v 0.02875 -0.72014 0.94123
v 0.05671 -0.72398 0.95602
v -0.05511 -0.72398 0.95602
v -0.05511 -0.72398 0.95602
v -0.02368 -0.57534 0.96201
v 0.02685 -0.57625 1.00015
v 0.02685 -0.57625 1.00015
v 0.02875 -0.68098 0.96345
v -0.02715 -0.68215 0.99767
v -0.02715 -0.68215 0.99767
v 0.02812 -0.75779 0.91329
v 0.02812 -0.75779 0.91329
v -0.02652 -0.76795 0.93142
v -0.02652 -0.76795 0.93142
v 0.02875 -0.72783 0.97082
v -0.02715 -0.72014 0.94123
v -0.02715 -0.72014 0.94123
v 0.0008 -0.70233 0.95539
v 0.0008 -0.70233 0.95539
v 0.0008 -0.70621 0.98781
v 0.0008 -0.75189 0.95123
v 0.0008 -0.73969 0.92305
v 0.0008 -0.77003 0.91615
v 0.0008 -0.65099 1.00257
v 0.0008 -0.65099 1.00257
v 0.0008 -0.65084 0.96288
v 0.0008 -0.65084 0.96288
v 0.03815 -0.56553 0.96632
v 0.03815 -0.56553 0.96632
v 0.03687 -0.56428 0.99003
v 0.03687 -0.56428 0.99003
v 0.05687 -0.60402 0.94758
v 0.05687 -0.60402 0.94758
v 0.05011 -0.6517 0.99529
v 0.05011 -0.6517 0.99529
v -0.04782 -0.65087 0.9721
v -0.04713 -0.59379 0.99647
v 0.0008 -0.59379 1.00293
v 0.0008 -0.59379 1.00293
v 0.0008 -0.59379 0.95485
v 0.0008 -0.59379 0.95485
v 0.02951 -0.61972 0.9554
v -0.02715 -0.6191 1.00238
v 0.02951 -0.61972 1.0022
v -0.02715 -0.6191 0.96246
v -0.05511 -0.6191 0.98412
v 0.06258 -0.6337 0.97522
v 0.09637 -0.64743 0.97177
v 0.09637 -0.64743 0.97177
v 0.10352 -0.63833 0.95952
v 0.10352 -0.63833 0.95952
v 0.09637 -0.64743 0.94935
v 0.09637 -0.64743 0.94935
v 0.08921 -0.65654 0.9616
v 0.07606 -0.63765 0.95357
v 0.07606 -0.63765 0.95357
v 0.08513 -0.61427 0.94966
v 0.08513 -0.61427 0.94966
v 0.07606 -0.63765 0.98113
v 0.07606 -0.63765 0.98113
v 0.08513 -0.61427 0.97977
v 0.08513 -0.61427 0.97977
v 0.08076 -0.62631 0.94632
v -0.0413 -0.56611 0.98469
v -0.05511 -0.65092 0.9846
v -0.05398 -0.74551 0.93738
v -0.02715 -0.65084 0.96549
v 0.0289 -0.65108 1.00166
v 0.02844 -0.76904 0.91701
v 0.05558 -0.74551 0.93738
v -0.0270 -0.73982 0.92376
v 0.0286 -0.75148 0.95077
v 0.02875 -0.70613 0.98713
v -0.02715 -0.70241 0.95613
v 0.05671 -0.70427 0.97152
v -0.05511 -0.70427 0.97168
v 0.02875 -0.70241 0.95599
v -0.02715 -0.70613 0.98714
v -0.0270 -0.75148 0.95077
v 0.0286 -0.73982 0.92376
v -0.02684 -0.76904 0.91701
v -0.02715 -0.65099 1.00182
v 0.0289 -0.65094 0.96183
v 0.04079 -0.5642 0.97787
v 0.0294 -0.59498 0.95053
v -0.02676 -0.59379 1.00212
v 0.0294 -0.59498 1.00214
v -0.02676 -0.59379 0.96012
v -0.05432 -0.59379 0.98336
v 0.05742 -0.65251 0.9806
v 0.10169 -0.65524 0.95868
v 0.07492 -0.64254 0.96772
v 0.08076 -0.62631 0.98534
v 0.08767 -0.61075 0.96417
v -0.00951 0.56385 0.96199
v -0.00951 0.56385 0.96199
v -0.03736 0.56751 0.96991
v -0.03736 0.56751 0.96991
v -0.03736 0.56751 0.96991
v -0.03926 -0.56509 0.98777
v -0.03926 -0.56509 0.98777
v -0.03926 -0.56509 0.98777
v -0.00304 0.56076 0.96003
v -0.00304 0.56076 0.96003
v -0.03771 -0.56637 0.99291
v -0.03771 -0.56637 0.99291
v -0.03771 -0.56637 0.99291
v -0.01346 -0.56713 0.96395
v -0.01346 -0.56713 0.96395
v -0.01708 -0.56567 0.96329
v -0.01708 -0.56567 0.96329
v -0.03556 0.55755 0.97673
v -0.03556 0.55755 0.97673
v -0.03782 0.56076 0.98186
v -0.03782 0.56076 0.98186
v -0.03782 0.56076 0.98186
v -0.03695 0.56392 0.97382
v -0.03695 0.56392 0.97382
v -0.03535 0.55835 0.97472
v -0.03535 0.55835 0.97472
v -0.03547 -0.56198 0.97283
v -0.03547 -0.56198 0.97283
v -0.03712 -0.56404 0.97606
v -0.03712 -0.56404 0.97606
v -0.03636 -0.56026 0.97706
v -0.03636 -0.56026 0.97706
v -0.03808 -0.56174 0.98199
v -0.03808 -0.56174 0.98199
v -0.03808 -0.56174 0.98199
v -0.03229 0.56359 0.96609
v -0.03229 0.56359 0.96609
v -0.01178 -0.56725 0.96378
v -0.01178 -0.56725 0.96378
v -0.00851 -0.56523 0.96214
v -0.00851 -0.56523 0.96214
v -0.03667 0.55895 0.98419
v -0.03667 0.55895 0.98419
v -0.03535 -0.56688 0.9693
v -0.03535 -0.56688 0.9693
v 0.01673 -0.56497 0.99969
v 0.01673 -0.56497 0.99969
v 0.01002 -0.56223 1.00083
v 0.01002 -0.56223 1.00083
v -0.03909 0.56317 0.98551
v -0.03909 0.56317 0.98551
v -0.03909 0.56317 0.98551
v -0.03902 -0.56329 0.98557
v -0.03902 -0.56329 0.98557
v -0.03902 -0.56329 0.98557
v -0.03664 -0.55894 0.98418
v -0.03664 -0.55894 0.98418
v -0.01692 0.56561 0.96322
v -0.01692 0.56561 0.96322
v -0.02225 0.56722 0.9638
v -0.02225 0.56722 0.9638
v -0.02225 0.56722 0.9638
v -0.02851 0.56422 0.96508
v -0.02851 0.56422 0.96508
v -0.03944 0.56493 0.98766
v -0.03944 0.56493 0.98766
v -0.03944 0.56493 0.98766
v 0.02192 -0.56662 0.9995
v 0.02192 -0.56662 0.9995
v 0.02192 -0.56662 0.9995
v 0.02802 -0.56067 0.99516
v 0.02802 -0.56067 0.99516
v 0.02802 -0.56067 0.99516
v 0.02232 -0.56088 0.99872
v 0.02232 -0.56088 0.99872
v 0.02632 -0.5570 0.99557
v 0.02632 -0.5570 0.99557
v -0.03366 0.56044 0.99421
v -0.03366 0.56044 0.99421
v -0.03336 0.56063 0.99422
v -0.03336 0.56063 0.99422
v 0.00199 -0.56887 0.99974
v 0.00199 -0.56887 0.99974
v 0.00026 -0.56989 1.00043
v 0.00026 -0.56989 1.00043
v 0.00026 -0.56989 1.00043
v -0.00382 -0.56422 1.00161
v -0.00382 -0.56422 1.00161
v -0.02782 -0.56366 0.96524
v -0.02782 -0.56366 0.96524
v -0.02751 -0.56374 0.9652
v -0.02751 -0.56374 0.9652
v -0.02906 0.56113 0.9960
v -0.02906 0.56113 0.9960
v -0.00018 0.56855 0.95917
v -0.00018 0.56855 0.95917
v -0.01228 0.56755 0.96367
v -0.01228 0.56755 0.96367
v -0.02208 -0.56703 0.96385
v -0.02208 -0.56703 0.96385
v -0.02259 0.56675 0.99821
v -0.02259 0.56675 0.99821
v -0.02259 0.56675 0.99821
v -0.01847 0.56603 0.99844
v -0.01847 0.56603 0.99844
v -0.01276 -0.56357 1.00096
v -0.01276 -0.56357 1.00096
v -0.01163 0.56341 1.00098
v -0.01163 0.56341 1.00098
v 0.02181 0.56052 0.96131
v 0.02181 0.56052 0.96131
v 0.00186 -0.5617 0.95918
v 0.00186 -0.5617 0.95918
v -0.02172 -0.56676 0.99854
v -0.02172 -0.56676 0.99854
v 0.02546 0.56647 0.95971
v 0.02546 0.56647 0.95971
v 0.02546 0.56647 0.95971
v -0.02868 -0.56113 0.99625
v -0.02868 -0.56113 0.99625
v 0.00522 -0.56823 0.95845
v 0.00522 -0.56823 0.95845
v 0.00522 -0.56823 0.95845
v 0.01221 0.56541 0.95907
v 0.01221 0.56541 0.95907
v 0.01337 0.55937 0.95912
v 0.01337 0.55937 0.95912
v 0.0171 0.56455 0.95917
v 0.0171 0.56455 0.95917
v 0.00055 -0.56758 0.96036
v 0.00055 -0.56758 0.96036
v -0.00296 0.56386 1.00169
v -0.00296 0.56386 1.00169
v 0.01325 0.56698 0.99978
v 0.01325 0.56698 0.99978
v 0.00117 0.56733 0.96032
v 0.00117 0.56733 0.96032
v 0.00292 0.56941 1.00052
v 0.00292 0.56941 1.00052
v 0.00292 0.56941 1.00052
v 0.0122 -0.56542 0.95906
v 0.0122 -0.56542 0.95906
v -0.0320 -0.56065 0.99486
v -0.0320 -0.56065 0.99486
v 0.02891 0.56306 0.96451
v 0.02891 0.56306 0.96451
v 0.02891 0.56306 0.96451
v 0.01537 0.56154 1.00081
v 0.01537 0.56154 1.00081
v 0.02592 0.55567 0.96737
v 0.02592 0.55567 0.96737
v 0.0242 0.55791 0.9674
v 0.0242 0.55791 0.9674
v 0.02574 -0.56523 0.9599
v 0.02574 -0.56523 0.9599
v 0.02574 -0.56523 0.9599
v 0.02165 -0.5574 0.96158
v 0.02165 -0.5574 0.96158
v 0.03084 0.55901 0.96955
v 0.03084 0.55901 0.96955
v 0.03084 0.55901 0.96955
v 0.01695 -0.56459 0.95915
v 0.01695 -0.56459 0.95915
v 0.01646 -0.55681 0.95995
v 0.01646 -0.55681 0.95995
v 0.02155 0.56588 0.99983
v 0.02155 0.56588 0.99983
v 0.02155 0.56588 0.99983
v 0.0261 0.55576 0.99559
v 0.0261 0.55576 0.99559
v 0.02801 0.56034 0.99512
v 0.02801 0.56034 0.99512
v 0.02801 0.56034 0.99512
v 0.02238 0.56092 0.99871
v 0.02238 0.56092 0.99871
v 0.03023 -0.56221 0.96434
v 0.03023 -0.56221 0.96434
v 0.03023 -0.56221 0.96434
v 0.02622 0.55484 0.99489
v 0.02622 0.55484 0.99489
v 0.03158 -0.55934 0.9692
v 0.03158 -0.55934 0.9692
v 0.03158 -0.55934 0.9692
v 0.02808 -0.55694 0.96625
v 0.02808 -0.55694 0.96625
v 0.02799 0.55725 0.99287
v 0.02799 0.55725 0.99287
v 0.03093 0.5585 0.99008
v 0.03093 0.5585 0.99008
v 0.03093 0.5585 0.99008
v -0.03823 0.56624 0.99269
v -0.03823 0.56624 0.99269
v -0.03823 0.56624 0.99269
v 0.03095 -0.55852 0.99006
v 0.03095 -0.55852 0.99006
v 0.03095 -0.55852 0.99006
v 0.02799 -0.55726 0.99286
v 0.02799 -0.55726 0.99286
v 0.02898 0.55598 0.97476
v 0.02898 0.55598 0.97476
v 0.03043 0.55097 0.97805
v 0.03043 0.55097 0.97805
v 0.02653 -0.55564 0.99453
v 0.02653 -0.55564 0.99453
v 0.02674 -0.55845 0.99471
v 0.02674 -0.55845 0.99471
v 0.03347 0.55659 0.97925
v 0.03347 0.55659 0.97925
v 0.02951 0.55475 0.98182
v 0.02951 0.55475 0.98182
v 0.02874 0.55504 0.98682
v 0.02874 0.55504 0.98682
v 0.02882 -0.55508 0.98675
v 0.02882 -0.55508 0.98675
v 0.0333 -0.55671 0.98134
v 0.0333 -0.55671 0.98134
v 0.03055 -0.55095 0.97936
v 0.03055 -0.55095 0.97936
v 0.02895 -0.55595 0.97481
v 0.02895 -0.55595 0.97481
v 0.02952 -0.55587 0.97657
v 0.02952 -0.55587 0.97657
v -0.03399 -0.54359 0.98647
v -0.03549 -0.55417 0.98423
v -0.03371 0.54352 0.98768
v -0.03528 0.55301 0.98353
v 0.01631 0.10738 1.32993
v 0.01631 0.14182 1.27838
v 0.01631 0.14182 1.15676
v 0.01631 0.05583 1.07076
v 0.03958 0.0512 1.36438
v 0.05931 0.09883 1.32993
v 0.07249 0.13065 1.27838
v 0.07712 0.14182 1.21757
v 0.07249 0.13065 1.15676
v 0.05931 0.09883 1.10521
v 0.03958 0.0512 1.07076
v 0.05931 0.03801 1.36438
v 0.09576 0.07447 1.32993
v 0.12012 0.09883 1.27838
v 0.12867 0.10738 1.21757
v 0.12012 0.09883 1.15676
v 0.09576 0.07447 1.10521
v 0.05931 0.03801 1.07076
v 0.07249 0.01829 1.36438
v 0.12012 0.03801 1.32993
v 0.15195 0.0512 1.27838
v 0.16312 0.05583 1.21757
v 0.15195 0.0512 1.15676
v 0.12012 0.03801 1.10521
v 0.07249 0.01829 1.07076
v 0.07712 -0.00499 1.36438
v 0.12867 -0.00499 1.32993
v 0.16312 -0.00499 1.27838
v 0.17522 -0.00499 1.21757
v 0.16312 -0.00499 1.15676
v 0.12867 -0.00499 1.10521
v 0.07712 -0.00499 1.07076
v 0.07249 -0.02826 1.36438
v 0.12012 -0.04799 1.32993
v 0.15195 -0.06117 1.27838
v 0.16312 -0.0658 1.21757
v 0.15195 -0.06117 1.15676
v 0.12012 -0.04799 1.10521
v 0.07249 -0.02826 1.07076
v 0.05931 -0.04799 1.36438
v 0.09576 -0.08444 1.32993
v 0.12012 -0.1088 1.27838
v 0.12867 -0.11735 1.21757
v 0.12012 -0.1088 1.15676
v 0.09576 -0.08444 1.10521
v 0.05931 -0.04799 1.07076
v 0.03958 -0.06117 1.36438
v 0.05931 -0.1088 1.32993
v 0.07249 -0.14062 1.27838
v 0.07712 -0.1518 1.21757
v 0.07249 -0.14062 1.15676
v 0.05931 -0.1088 1.10521
v 0.03958 -0.06117 1.07076
v 0.01631 -0.00499 1.37648
v 0.01631 -0.00499 1.37648
v 0.01631 -0.00499 1.37648
v 0.01631 -0.00499 1.37648
v 0.01631 -0.00499 1.37648
v 0.01631 -0.00499 1.37648
v 0.01631 -0.00499 1.37648
v 0.01631 -0.00499 1.37648
v 0.01631 -0.00499 1.37648
v 0.01631 -0.00499 1.37648
v 0.01631 -0.00499 1.37648
v 0.01631 -0.00499 1.37648
v 0.01631 -0.00499 1.37648
v 0.01631 -0.00499 1.37648
v 0.01631 -0.00499 1.37648
v 0.01631 -0.00499 1.37648
v 0.01631 -0.0658 1.36438
v 0.01631 -0.11735 1.32993
v 0.01631 -0.1518 1.27838
v 0.01631 -0.16389 1.21757
v 0.01631 -0.1518 1.15676
v 0.01631 -0.11735 1.10521
v 0.01631 -0.0658 1.07076
v -0.00696 -0.06117 1.36438
v -0.02669 -0.1088 1.32993
v -0.03987 -0.14062 1.27838
v -0.0445 -0.1518 1.21757
v -0.03987 -0.14062 1.15676
v -0.02669 -0.1088 1.10521
v -0.00696 -0.06117 1.07076
v -0.02669 -0.04799 1.36438
v -0.06314 -0.08444 1.32993
v -0.0875 -0.1088 1.27838
v -0.09605 -0.11735 1.21757
v -0.0875 -0.1088 1.15676
v -0.06314 -0.08444 1.10521
v -0.02669 -0.04799 1.07076
v 0.01631 -0.00499 1.05866
v 0.01631 -0.00499 1.05866
v 0.01631 -0.00499 1.05866
v 0.01631 -0.00499 1.05866
v 0.01631 -0.00499 1.05866
v 0.01631 -0.00499 1.05866
v 0.01631 -0.00499 1.05866
v 0.01631 -0.00499 1.05866
v 0.01631 -0.00499 1.05866
v 0.01631 -0.00499 1.05866
v 0.01631 -0.00499 1.05866
v 0.01631 -0.00499 1.05866
v 0.01631 -0.00499 1.05866
v 0.01631 -0.00499 1.05866
v 0.01631 -0.00499 1.05866
v 0.01631 -0.00499 1.05866
v -0.03987 -0.02826 1.36438
v -0.0875 -0.04799 1.32993
v -0.11933 -0.06117 1.27838
v -0.1305 -0.0658 1.21757
v -0.11933 -0.06117 1.15676
v -0.0875 -0.04799 1.10521
v -0.03987 -0.02826 1.07076
v -0.0445 -0.00499 1.36438
v -0.0445 -0.00499 1.36438
v -0.09605 -0.00499 1.32993
v -0.09605 -0.00499 1.32993
v -0.1305 -0.00499 1.27838
v -0.1305 -0.00499 1.27838
v -0.1426 -0.00499 1.21757
v -0.1426 -0.00499 1.21757
v -0.1305 -0.00499 1.15676
v -0.1305 -0.00499 1.15676
v -0.09605 -0.00499 1.10521
v -0.09605 -0.00499 1.10521
v -0.0445 -0.00499 1.07076
v -0.0445 -0.00499 1.07076
v -0.03987 0.01829 1.36438
v -0.0875 0.03801 1.32993
v -0.11933 0.0512 1.27838
v -0.1305 0.05583 1.21757
v -0.11933 0.0512 1.15676
v -0.0875 0.03801 1.10521
v -0.03987 0.01829 1.07076
v -0.02669 0.03801 1.36438
v -0.06314 0.07447 1.32993
v -0.0875 0.09883 1.27838
v -0.09605 0.10738 1.21757
v -0.0875 0.09883 1.15676
v -0.06314 0.07447 1.10521
v -0.02669 0.03801 1.07076
v -0.00696 0.0512 1.36438
v -0.02669 0.09883 1.32993
v -0.03987 0.13065 1.27838
v -0.0445 0.14182 1.21757
v -0.03987 0.13065 1.15676
v -0.02669 0.09883 1.10521
v -0.00696 0.0512 1.07076
v 0.01631 0.05583 1.36438
v 0.01631 0.15392 1.21757
v 0.01631 0.10738 1.10521

# Vertex Texture Coordinates:
vt 0.0000 0.0000 
vt 0.0000 0.0000 
vt 0.0000 0.0000 
vt 0.0000 0.0000 
vt 0.0000 0.0000 
vt 0.0000 0.0000 
vt 0.0000 0.0000 
vt 0.0000 0.0000 
vt 0.0000 0.0000 
vt 0.0000 0.0000 
vt 0.0000 0.0000 
vt 0.0000 0.0000 
vt 0.0000 0.0000 
vt 0.0000 0.0000 
vt 0.0000 0.0000 
vt 0.0000 0.0000 
vt 0.0000 0.0000 
vt 0.0000 0.0000 
vt 0.0000 0.0000 
vt 0.0000 0.0000 
vt 0.0000 0.0000 
vt 0.0000 0.0000 
vt 0.0000 0.0000 
vt 0.0000 0.0000 
vt 0.0000 0.0000 
vt 0.0000 0.0000 
vt 0.0000 0.0000 
vt 0.0000 0.0000 
vt 0.0000 0.0000 
vt 0.0000 0.0000 
vt 0.0000 0.0000 
vt 0.0000 0.0000 
vt 0.0000 0.0000 
vt 0.0000 0.0000 
vt 0.0000 0.0000 
vt 0.0000 0.0000 
vt 0.0000 0.0000 
vt 0.0000 0.0000 
vt 0.0000 0.0000 
vt 0.0000 0.0000 
vt 0.0000 0.0000 
vt 0.0000 0.0000 
vt 0.0000 0.0000 
vt 0.0000 0.0000 
vt 0.0000 0.0000 
vt 0.0000 0.0000 
vt 0.0000 0.0000 
vt 0.0000 0.0000 
vt 0.0000 0.0000 
vt 0.0000 0.0000 
vt 0.0000 0.0000 
vt 0.0000 0.0000 
vt 0.0000 0.0000 
vt 0.0000 0.0000 
vt 0.0000 0.0000 
vt 0.0000 0.0000 
vt 0.0000 0.0000 
vt 0.0000 0.0000 
vt 0.0000 0.0000 
vt 0.0000 0.0000 
vt 0.0000 0.0000 
vt 0.0000 0.0000 
vt 0.0000 0.0000 
vt 0.0000 0.0000 
vt 0.0000 0.0000 
vt 0.0000 0.0000 
vt 0.0000 0.0000 
vt 0.0000 0.0000 
vt 0.0000 0.0000 
vt 0.0000 0.0000 
vt 0.0000 0.0000 
vt 0.0000 0.0000 
vt 0.0000 0.0000 
vt 0.0000 0.0000 
vt 0.0000 0.0000 
vt 0.0000 0.0000 
vt 0.0000 0.0000 
vt 0.0000 0.0000 
vt 0.0000 0.0000 
vt 0.0000 0.0000 
vt 0.0000 0.0000 
vt 0.0000 0.0000 
vt 0.0000 0.0000 
vt 0.0000 0.0000 
vt 0.0000 0.0000 
vt 0.0000 0.0000 
vt 0.0000 0.0000 
vt 0.0000 0.0000 
vt 0.0000 0.0000 
vt 0.0000 0.0000 
vt 0.0000 0.0000 
vt 0.0000 0.0000 
vt 0.0000 0.0000 
vt 0.0000 0.0000 
vt 0.0000 0.0000 
vt 0.0000 0.0000 
vt 0.0000 0.0000 
vt 0.0000 0.0000 
vt 0.0000 0.0000 
vt 0.0000 0.0000 
vt 0.0000 0.0000 
vt 0.0000 0.0000 
vt 0.0000 0.0000 
vt 0.0000 0.0000 
vt 0.0000 0.0000 
vt 0.0000 0.0000 
vt 0.0000 0.0000 
vt 0.0000 0.0000 
vt 0.0000 0.0000 
vt 0.0000 0.0000 
vt 0.0000 0.0000 
vt 0.0000 0.0000 
vt 0.0000 0.0000 
vt 0.0000 0.0000 
vt 0.0000 0.0000 
vt 0.0000 0.0000 
vt 0.0000 0.0000 
vt 0.0000 0.0000 
vt 0.0000 0.0000 
vt 0.0000 0.0000 
vt 0.0000 0.0000 
vt 0.0000 0.0000 
vt 0.0000 0.0000 
vt 0.0000 0.0000 
vt 0.0000 0.0000 
vt 0.0000 0.0000 
vt 0.0000 0.0000 
vt 0.0000 0.0000 
vt 0.0000 0.0000 
vt 0.0000 0.0000 
vt 0.0000 0.0000 
vt 0.0000 0.0000 
vt 0.0000 0.0000 
vt 0.0000 0.0000 
vt 0.0000 0.0000 
vt 0.0000 0.0000 
vt 0.0000 0.0000 
vt 0.0000 0.0000 
vt 0.0000 0.0000 
vt 0.0000 0.0000 
vt 0.0000 0.0000 
vt 0.0000 0.0000 
vt 0.0000 0.0000 
vt 0.0000 0.0000 
vt 0.0000 0.0000 
vt 0.0000 0.0000 
vt 0.0000 0.0000 
vt 0.0000 0.0000 
vt 0.0000 0.0000 
vt 0.0000 0.0000 
vt 0.0000 0.0000 
vt 0.0000 0.0000 
vt 0.0000 0.0000 
vt 0.0000 0.0000 
vt 0.0000 0.0000 
vt 0.0000 0.0000 
vt 0.0000 0.0000 
vt 0.0000 0.0000 
vt 0.0000 0.0000 
vt 0.0000 0.0000 
vt 0.0000 0.0000 
vt 0.0000 0.0000 
vt 0.0000 0.0000 
vt 0.0000 0.0000 
vt 0.0000 0.0000 
vt 0.0000 0.0000 
vt 0.0000 0.0000 
vt 0.0000 0.0000 
vt 0.0000 0.0000 
vt 0.0000 0.0000 
vt 0.0000 0.0000 
vt 0.0000 0.0000 
vt 0.0000 0.0000 
vt 0.0000 0.0000 
vt 0.0000 0.0000 
vt 0.0000 0.0000 
vt 0.0000 0.0000 
vt 0.0000 0.0000 
vt 0.0000 0.0000 
vt 0.0000 0.0000 
vt 0.0000 0.0000 
vt 0.0000 0.0000 
vt 0.0000 0.0000 
vt 0.0000 0.0000 
vt 0.0000 0.0000 
vt 0.0000 0.0000 
vt 0.0000 0.0000 
vt 0.0000 0.0000 
vt 0.0000 0.0000 
vt 0.0000 0.0000 
vt 0.0000 0.0000 
vt 0.0000 0.0000 
vt 0.0000 0.0000 
vt 0.0000 0.0000 
vt 0.0000 0.0000 
vt 0.0000 0.0000 
vt 0.0000 0.0000 
vt 0.0000 0.0000 
vt 0.0000 0.0000 
vt 0.0000 0.0000 
vt 0.0000 0.0000 
vt 0.0000 0.0000 
vt 0.0000 0.0000 
vt 0.0000 0.0000 
vt 0.0000 0.0000 
vt 0.0000 0.0000 
vt 0.0000 0.0000 
vt 0.0000 0.0000 
vt 0.0000 0.0000 
vt 0.0000 0.0000 
vt 0.0000 0.0000 
vt 0.0000 0.0000 
vt 0.0000 0.0000 
vt 0.0000 0.0000 
vt 0.0000 0.0000 
vt 0.0000 0.0000 
vt 0.0000 0.0000 
vt 0.0000 0.0000 
vt 0.0000 0.0000 
vt 0.0000 0.0000 
vt 0.0000 0.0000 
vt 0.0000 0.0000 
vt 0.0000 0.0000 
vt 0.0000 0.0000 
vt 0.0000 0.0000 
vt 0.0000 0.0000 
vt 0.0000 0.0000 
vt 0.0000 0.0000 
vt 0.0000 0.0000 
vt 0.0000 0.0000 
vt 0.0000 0.0000 
vt 0.0000 0.0000 
vt 0.0000 0.0000 
vt 0.0000 0.0000 
vt 0.0000 0.0000 
vt 0.0000 0.0000 
vt 0.0000 0.0000 
vt 0.0000 0.0000 
vt 0.0000 0.0000 
vt 0.0000 0.0000 
vt 0.0000 0.0000 
vt 0.0000 0.0000 
vt 0.0000 0.0000 
vt 0.0000 0.0000 
vt 0.0000 0.0000 
vt 0.0000 0.0000 
vt 0.0000 0.0000 
vt 0.0000 0.0000 
vt 0.0000 0.0000 
vt 0.0000 0.0000 
vt 0.0000 0.0000 
vt 0.0000 0.0000 
vt 0.0000 0.0000 
vt 0.0000 0.0000 
vt 0.0000 0.0000 
vt 0.0000 0.0000 
vt 0.0000 0.0000 
vt 0.0000 0.0000 
vt 0.0000 0.0000 
vt 0.0000 0.0000 
vt 0.0000 0.0000 
vt 0.0000 0.0000 
vt 0.0000 0.0000 
vt 0.0000 0.0000 
vt 0.0000 0.0000 
vt 0.0000 0.0000 
vt 0.0000 0.0000 
vt 0.0000 0.0000 
vt 0.0000 0.0000 
vt 0.0000 0.0000 
vt 0.0000 0.0000 
vt 0.0000 0.0000 
vt 0.0000 0.0000 
vt 0.0000 0.0000 
vt 0.0000 0.0000 
vt 0.0000 0.0000 
vt 0.0000 0.0000 
vt 0.0000 0.0000 
vt 0.0000 0.0000 
vt 0.0000 0.0000 
vt 0.0000 0.0000 
vt 0.0000 0.0000 
vt 0.0000 0.0000 
vt 0.0000 0.0000 
vt 0.0000 0.0000 
vt 0.0000 0.0000 
vt 0.0000 0.0000 
vt 0.0000 0.0000 
vt 0.0000 0.0000 
vt 0.0000 0.0000 
vt 0.0000 0.0000 
vt 0.0000 0.0000 
vt 0.0000 0.0000 
vt 0.0000 0.0000 
vt 0.0000 0.0000 
vt 0.0000 0.0000 
vt 0.0000 0.0000 
vt 0.0000 0.0000 
vt 0.0000 0.0000 
vt 0.0000 0.0000 
vt 0.0000 0.0000 
vt 0.0000 0.0000 
vt 0.0000 0.0000 
vt 0.0000 0.0000 
vt 0.0000 0.0000 
vt 0.0000 0.0000 
vt 0.0000 0.0000 
vt 0.0000 0.0000 
vt 0.0000 0.0000 
vt 0.0000 0.0000 
vt 0.0000 0.0000 
vt 0.0000 0.0000 
vt 0.0000 0.0000 
vt 0.0000 0.0000 
vt 0.0000 0.0000 
vt 0.0000 0.0000 
vt 0.0000 0.0000 
vt 0.0000 0.0000 
vt 0.0000 0.0000 
vt 0.0000 0.0000 
vt 0.0000 0.0000 
vt 0.0000 0.0000 
vt 0.0000 0.0000 
vt 0.0000 0.0000 
vt 0.0000 0.0000 
vt 0.0000 0.0000 
vt 0.0000 0.0000 
vt 0.0000 0.0000 
vt 0.0000 0.0000 
vt 0.0000 0.0000 
vt 0.0000 0.0000 
vt 0.0000 0.0000 
vt 0.0000 0.0000 
vt 0.0000 0.0000 
vt 0.0000 0.0000 
vt 0.0000 0.0000 
vt 0.0000 0.0000 
vt 0.0000 0.0000 
vt 0.0000 0.0000 
vt 0.0000 0.0000 
vt 0.0000 0.0000 
vt 0.0000 0.0000 
vt 0.0000 0.0000 
vt 0.0000 0.0000 
vt 0.0000 0.0000 
vt 0.0000 0.0000 
vt 0.0000 0.0000 
vt 0.0000 0.0000 
vt 0.0000 0.0000 
vt 0.0000 0.0000 
vt 0.0000 0.0000 
vt 0.0000 0.0000 
vt 0.0000 0.0000 
vt 0.0000 0.0000 
vt 0.0000 0.0000 
vt 0.0000 0.0000 
vt 0.0000 0.0000 
vt 0.0000 0.0000 
vt 0.0000 0.0000 
vt 0.0000 0.0000 
vt 0.0000 0.0000 
vt 0.0000 0.0000 
vt 0.0000 0.0000 
vt 0.0000 0.0000 
vt 0.0000 0.0000 
vt 0.0000 0.0000 
vt 0.0000 0.0000 
vt 0.0000 0.0000 
vt 0.0000 0.0000 
vt 0.0000 0.0000 
vt 0.0000 0.0000 
vt 0.0000 0.0000 
vt 0.0000 0.0000 
vt 0.0000 0.0000 
vt 0.0000 0.0000 
vt 0.0000 0.0000 
vt 0.0000 0.0000 
vt 0.0000 0.0000 
vt 0.0000 0.0000 
vt 0.0000 0.0000 
vt 0.0000 0.0000 
vt 0.0000 0.0000 
vt 0.0000 0.0000 
vt 0.0000 0.0000 
vt 0.0000 0.0000 
vt 0.0000 0.0000 
vt 0.0000 0.0000 
vt 0.0000 0.0000 
vt 0.0000 0.0000 
vt 0.0000 0.0000 
vt 0.0000 0.0000 
vt 0.0000 0.0000 
vt 0.0000 0.0000 
vt 0.0000 0.0000 
vt 0.0000 0.0000 
vt 0.0000 0.0000 
vt 0.0000 0.0000 
vt 0.0000 0.0000 
vt 0.0000 0.0000 
vt 0.0000 0.0000 
vt 0.0000 0.0000 
vt 0.0000 0.0000 
vt 0.0000 0.0000 
vt 0.0000 0.0000 
vt 0.0000 0.0000 
vt 0.0000 0.0000 
vt 0.0000 0.0000 
vt 0.0000 0.0000 
vt 0.0000 0.0000 
vt 0.0000 0.0000 
vt 0.0000 0.0000 
vt 0.0000 0.0000 
vt 0.0000 0.0000 
vt 0.0000 0.0000 
vt 0.0000 0.0000 
vt 0.0000 0.0000 
vt 0.0000 0.0000 
vt 0.0000 0.0000 
vt 0.0000 0.0000 
vt 0.0000 0.0000 
vt 0.0000 0.0000 
vt 0.0000 0.0000 
vt 0.0000 0.0000 
vt 0.0000 0.0000 
vt 0.0000 0.0000 
vt 0.0000 0.0000 
vt 0.0000 0.0000 
vt 0.0000 0.0000 
vt 0.0000 0.0000 
vt 0.0000 0.0000 
vt 0.0000 0.0000 
vt 0.0000 0.0000 
vt 0.0000 0.0000 
vt 0.0000 0.0000 
vt 0.0000 0.0000 
vt 0.0000 0.0000 
vt 0.0000 0.0000 
vt 0.0000 0.0000 
vt 0.0000 0.0000 
vt 0.0000 0.0000 
vt 0.0000 0.0000 
vt 0.0000 0.0000 
vt 0.0000 0.0000 
vt 0.0000 0.0000 
vt 0.0000 0.0000 
vt 0.0000 0.0000 
vt 0.0000 0.0000 
vt 0.0000 0.0000 
vt 0.0000 0.0000 
vt 0.0000 0.0000 
vt 0.0000 0.0000 
vt 0.0000 0.0000 
vt 0.0000 0.0000 
vt 0.0000 0.0000 
vt 0.0000 0.0000 
vt 0.0000 0.0000 
vt 0.0000 0.0000 
vt 0.0000 0.0000 
vt 0.0000 0.0000 
vt 0.0000 0.0000 
vt 0.0000 0.0000 
vt 0.0000 0.0000 
vt 0.0000 0.0000 
vt 0.0000 0.0000 
vt 0.0000 0.0000 
vt 0.0000 0.0000 
vt 0.0000 0.0000 
vt 0.0000 0.0000 
vt 0.0000 0.0000 
vt 0.0000 0.0000 
vt 0.0000 0.0000 
vt 0.0000 0.0000 
vt 0.0000 0.0000 
vt 0.0000 0.0000 
vt 0.0000 0.0000 
vt 0.0000 0.0000 
vt 0.0000 0.0000 
vt 0.0000 0.0000 
vt 0.0000 0.0000 
vt 0.0000 0.0000 
vt 0.0000 0.0000 
vt 0.0000 0.0000 
vt 0.0000 0.0000 
vt 0.0000 0.0000 
vt 0.0000 0.0000 
vt 0.0000 0.0000 
vt 0.0000 0.0000 
vt 0.0000 0.0000 
vt 0.0000 0.0000 
vt 0.0000 0.0000 
vt 0.0000 0.0000 
vt 0.0000 0.0000 
vt 0.0000 0.0000 
vt 0.0000 0.0000 
vt 0.0000 0.0000 
vt 0.0000 0.0000 
vt 0.0000 0.0000 
vt 0.0000 0.0000 
vt 0.0000 0.0000 
vt 0.0000 0.0000 
vt 0.0000 0.0000 
vt 0.0000 0.0000 
vt 0.0000 0.0000 
vt 0.0000 0.0000 
vt 0.0000 0.0000 
vt 0.0000 0.0000 
vt 0.0000 0.0000 
vt 0.0000 0.0000 
vt 0.0000 0.0000 
vt 0.0000 0.0000 
vt 0.0000 0.0000 
vt 0.0000 0.0000 
vt 0.0000 0.0000 
vt 0.0000 0.0000 
vt 0.0000 0.0000 
vt 0.0000 0.0000 
vt 0.0000 0.0000 
vt 0.0000 0.0000 
vt 0.0000 0.0000 
vt 0.0000 0.0000 
vt 0.0000 0.0000 
vt 0.0000 0.0000 
vt 0.0000 0.0000 
vt 0.0000 0.0000 
vt 0.0000 0.0000 
vt 0.0000 0.0000 
vt 0.0000 0.0000 
vt 0.0000 0.0000 
vt 0.0000 0.0000 
vt 0.0000 0.0000 
vt 0.0000 0.0000 
vt 0.0000 0.0000 
vt 0.0000 0.0000 
vt 0.0000 0.0000 
vt 0.0000 0.0000 
vt 0.0000 0.0000 
vt 0.0000 0.0000 
vt 0.0000 0.0000 
vt 0.0000 0.0000 
vt 0.0000 0.0000 
vt 0.0000 0.0000 
vt 0.0000 0.0000 
vt 0.0000 0.0000 
vt 0.0000 0.0000 
vt 0.0000 0.0000 
vt 0.0000 0.0000 
vt 0.0000 0.0000 
vt 0.0000 0.0000 
vt 0.0000 0.0000 
vt 0.0000 0.0000 
vt 0.0000 0.0000 
vt 0.0000 0.0000 
vt 0.0000 0.0000 
vt 0.0000 0.0000 
vt 0.0000 0.0000 
vt 0.0000 0.0000 
vt 0.0000 0.0000 
vt 0.0000 0.0000 
vt 0.0000 0.0000 
vt 0.0000 0.0000 
vt 0.0000 0.0000 
vt 0.0000 0.0000 
vt 0.0000 0.0000 
vt 0.0000 0.0000 
vt 0.0000 0.0000 
vt 0.0000 0.0000 
vt 0.0000 0.0000 
vt 0.0000 0.0000 
vt 0.0000 0.0000 
vt 0.0000 0.0000 
vt 0.0000 0.0000 
vt 0.0000 0.0000 
vt 0.0000 0.0000 
vt 0.0000 0.0000 
vt 0.0000 0.0000 
vt 0.0000 0.0000 
vt 0.0000 0.0000 
vt 0.0000 0.0000 
vt 0.0000 0.0000 
vt 0.0000 0.0000 
vt 0.0000 0.0000 
vt 0.0000 0.0000 
vt 0.0000 0.0000 
vt 0.0000 0.0000 
vt 0.0000 0.0000 
vt 0.0000 0.0000 
vt 0.0000 0.0000 
vt 0.0000 0.0000 
vt 0.0000 0.0000 
vt 0.0000 0.0000 
vt 0.0000 0.0000 
vt 0.0000 0.0000 
vt 0.0000 0.0000 
vt 0.0000 0.0000 
vt 0.0000 0.0000 
vt 0.0000 0.0000 
vt 0.0000 0.0000 
vt 0.0000 0.0000 
vt 0.0000 0.0000 
vt 0.0000 0.0000 
vt 0.0000 0.0000 
vt 0.0000 0.0000 
vt 0.0000 0.0000 
vt 0.0000 0.0000 
vt 0.0000 0.0000 
vt 0.0000 0.0000 
vt 0.0000 0.0000 
vt 0.0000 0.0000 
vt 0.0000 0.0000 
vt 0.0000 0.0000 
vt 0.0000 0.0000 
vt 0.0000 0.0000 
vt 0.0000 0.0000 
vt 0.0000 0.0000 
vt 0.0000 0.0000 
vt 0.0000 0.0000 
vt 0.0000 0.0000 
vt 0.0000 0.0000 
vt 0.0000 0.0000 
vt 0.0000 0.0000 
vt 0.0000 0.0000 
vt 0.0000 0.0000 
vt 0.0000 0.0000 
vt 0.0000 0.0000 
vt 0.0000 0.0000 
vt 0.0000 0.0000 
vt 0.0000 0.0000 
vt 0.0000 0.0000 
vt 0.0000 0.0000 
vt 0.0000 0.0000 
vt 0.0000 0.0000 
vt 0.0000 0.0000 
vt 0.0000 0.0000 
vt 0.0000 0.0000 
vt 0.0000 0.0000 
vt 0.0000 0.0000 
vt 0.0000 0.0000 
vt 0.0000 0.0000 
vt 0.0000 0.0000 
vt 0.0000 0.0000 
vt 0.0000 0.0000 
vt 0.0000 0.0000 
vt 0.0000 0.0000 
vt 0.0000 0.0000 
vt 0.0000 0.0000 
vt 0.0000 0.0000 
vt 0.0000 0.0000 
vt 0.0000 0.0000 
vt 0.0000 0.0000 
vt 0.0000 0.0000 
vt 0.0000 0.0000 
vt 0.0000 0.0000 
vt 0.0000 0.0000 
vt 0.0000 0.0000 
vt 0.0000 0.0000 
vt 0.0000 0.0000 
vt 0.0000 0.0000 
vt 0.0000 0.0000 
vt 0.0000 0.0000 
vt 0.0000 0.0000 
vt 0.0000 0.0000 
vt 0.0000 0.0000 
vt 0.0000 0.0000 
vt 0.0000 0.0000 
vt 0.0000 0.0000 
vt 0.0000 0.0000 
vt 0.0000 0.0000 
vt 0.0000 0.0000 
vt 0.0000 0.0000 
vt 0.0000 0.0000 
vt 0.0000 0.0000 
vt 0.0000 0.0000 
vt 0.0000 0.0000 
vt 0.0000 0.0000 
vt 0.0000 0.0000 
vt 0.0000 0.0000 
vt 0.0000 0.0000 
vt 0.0000 0.0000 
vt 0.0000 0.0000 
vt 0.0000 0.0000 
vt 0.0000 0.0000 
vt 0.0000 0.0000 
vt 0.0000 0.0000 
vt 0.0000 0.0000 
vt 0.0000 0.0000 
vt 0.0000 0.0000 
vt 0.0000 0.0000 
vt 0.0000 0.0000 
vt 0.0000 0.0000 
vt 0.0000 0.0000 
vt 0.0000 0.0000 
vt 0.0000 0.0000 
vt 0.0000 0.0000 
vt 0.0000 0.0000 
vt 0.0000 0.0000 
vt 0.0000 0.0000 
vt 0.0000 0.0000 
vt 0.0000 0.0000 
vt 0.0000 0.0000 
vt 0.0000 0.0000 
vt 0.0000 0.0000 
vt 0.0000 0.0000 
vt 0.0000 0.0000 
vt 0.0000 0.0000 
vt 0.0000 0.0000 
vt 0.0000 0.0000 
vt 0.0000 0.0000 
vt 0.0000 0.0000 
vt 0.0000 0.0000 
vt 0.0000 0.0000 
vt 0.0000 0.0000 
vt 0.0000 0.0000 
vt 0.0000 0.0000 
vt 0.0000 0.0000 
vt 0.0000 0.0000 
vt 0.0000 0.0000 
vt 0.0000 0.0000 
vt 0.0000 0.0000 
vt 0.0000 0.0000 
vt 0.0000 0.0000 
vt 0.0000 0.0000 
vt 0.0000 0.0000 
vt 0.0000 0.0000 
vt 0.0000 0.0000 
vt 0.0000 0.0000 
vt 0.0000 0.0000 
vt 0.0000 0.0000 
vt 0.0000 0.0000 
vt 0.0000 0.0000 
vt 0.0000 0.0000 
vt 0.0000 0.0000 
vt 0.0000 0.0000 
vt 0.0000 0.0000 
vt 0.0000 0.0000 
vt 0.0000 0.0000 
vt 0.0000 0.0000 
vt 0.0000 0.0000 
vt 0.0000 0.0000 
vt 0.0000 0.0000 
vt 0.0000 0.0000 
vt 0.0000 0.0000 
vt 0.0000 0.0000 
vt 0.0000 0.0000 
vt 0.0000 0.0000 
vt 0.0000 0.0000 
vt 0.0000 0.0000 
vt 0.0000 0.0000 
vt 0.0000 0.0000 
vt 0.0000 0.0000 
vt 0.0000 0.0000 
vt 0.0000 0.0000 
vt 0.0000 0.0000 
vt 0.0000 0.0000 
vt 0.0000 0.0000 
vt 0.0000 0.0000 
vt 0.0000 0.0000 
vt 0.0000 0.0000 
vt 0.0000 0.0000 
vt 0.0000 0.0000 
vt 0.0000 0.0000 
vt 0.0000 0.0000 
vt 0.0000 0.0000 
vt 0.0000 0.0000 
vt 0.0000 0.0000 
vt 0.0000 0.0000 
vt 0.0000 0.0000 
vt 0.0000 0.0000 
vt 0.0000 0.0000 
vt 0.0000 0.0000 
vt 0.0000 0.0000 
vt 0.0000 0.0000 
vt 0.0000 0.0000 
vt 0.0000 0.0000 
vt 0.0000 0.0000 
vt 0.0000 0.0000 
vt 0.0000 0.0000 
vt 0.0000 0.0000 
vt 0.0000 0.0000 
vt 0.0000 0.0000 
vt 0.0000 0.0000 
vt 0.0000 0.0000 
vt 0.0000 0.0000 
vt 0.0000 0.0000 
vt 0.0000 0.0000 
vt 0.0000 0.0000 
vt 0.0000 0.0000 
vt 0.0000 0.0000 
vt 0.0000 0.0000 
vt 0.0000 0.0000 
vt 0.0000 0.0000 
vt 0.0000 0.0000 
vt 0.0000 0.0000 
vt 0.0000 0.0000 
vt 0.0000 0.0000 
vt 0.0000 0.0000 
vt 0.0000 0.0000 
vt 0.0000 0.0000 
vt 0.0000 0.0000 
vt 0.0000 0.0000 
vt 0.0000 0.0000 
vt 0.0000 0.0000 
vt 0.0000 0.0000 
vt 0.0000 0.0000 
vt 0.0000 0.0000 
vt 0.0000 0.0000 
vt 0.0000 0.0000 
vt 0.0000 0.0000 
vt 0.0000 0.0000 
vt 0.0000 0.0000 
vt 0.0000 0.0000 
vt 0.0000 0.0000 
vt 0.0000 0.0000 
vt 0.0000 0.0000 
vt 0.0000 0.0000 
vt 0.0000 0.0000 
vt 0.0000 0.0000 
vt 0.0000 0.0000 
vt 0.0000 0.0000 
vt 0.0000 0.0000 
vt 0.0000 0.0000 
vt 0.0000 0.0000 
vt 0.0000 0.0000 
vt 0.0000 0.0000 
vt 0.0000 0.0000 
vt 0.0000 0.0000 
vt 0.0000 0.0000 
vt 0.0000 0.0000 
vt 0.0000 0.0000 
vt 0.0000 0.0000 
vt 0.0000 0.0000 
vt 0.0000 0.0000 
vt 0.0000 0.0000 
vt 0.0000 0.0000 
vt 0.0000 0.0000 
vt 0.0000 0.0000 
vt 0.0000 0.0000 
vt 0.0000 0.0000 
vt 0.0000 0.0000 
vt 0.0000 0.0000 
vt 0.0000 0.0000 
vt 0.0000 0.0000 
vt 0.0000 0.0000 
vt 0.0000 0.0000 
vt 0.0000 0.0000 
vt 0.0000 0.0000 
vt 0.0000 0.0000 
vt 0.0000 0.0000 
vt 0.0000 0.0000 
vt 0.0000 0.0000 
vt 0.0000 0.0000 
vt 0.0000 0.0000 
vt 0.0000 0.0000 
vt 0.0000 0.0000 
vt 0.0000 0.0000 
vt 0.0000 0.0000 
vt 0.0000 0.0000 
vt 0.0000 0.0000 
vt 0.0000 0.0000 
vt 0.0000 0.0000 
vt 0.0000 0.0000 
vt 0.0000 0.0000 
vt 0.0000 0.0000 
vt 0.0000 0.0000 
vt 0.0000 0.0000 
vt 0.0000 0.0000 
vt 0.0000 0.0000 
vt 0.0000 0.0000 
vt 0.0000 0.0000 
vt 0.0000 0.0000 
vt 0.0000 0.0000 
vt 0.0000 0.0000 
vt 0.0000 0.0000 
vt 0.0000 0.0000 
vt 0.0000 0.0000 
vt 0.0000 0.0000 
vt 0.0000 0.0000 
vt 0.0000 0.0000 
vt 0.0000 0.0000 
vt 0.0000 0.0000 
vt 0.0000 0.0000 
vt 0.0000 0.0000 
vt 0.0000 0.0000 
vt 0.0000 0.0000 
vt 0.0000 0.0000 
vt 0.0000 0.0000 
vt 0.0000 0.0000 
vt 0.0000 0.0000 
vt 0.0000 0.0000 
vt 0.0000 0.0000 
vt 0.0000 0.0000 
vt 0.0000 0.0000 
vt 0.0000 0.0000 
vt 0.0000 0.0000 
vt 0.0000 0.0000 
vt 0.0000 0.0000 
vt 0.0000 0.0000 
vt 0.0000 0.0000 
vt 0.0000 0.0000 
vt 0.0000 0.0000 
vt 0.0000 0.0000 
vt 0.0000 0.0000 
vt 0.0000 0.0000 
vt 0.0000 0.0000 
vt 0.0000 0.0000 
vt 0.0000 0.0000 
vt 0.0000 0.0000 
vt 0.0000 0.0000 
vt 0.0000 0.0000 
vt 0.0000 0.0000 
vt 0.0000 0.0000 
vt 0.0000 0.0000 
vt 0.0000 0.0000 
vt 0.0000 0.0000 
vt 0.0000 0.0000 
vt 0.0000 0.0000 
vt 0.0000 0.0000 
vt 0.0000 0.0000 
vt 0.0000 0.0000 
vt 0.0000 0.0000 
vt 0.0000 0.0000 
vt 0.0000 0.0000 
vt 0.0000 0.0000 
vt 0.0000 0.0000 
vt 0.0000 0.0000 
vt 0.0000 0.0000 
vt 0.0000 0.0000 
vt 0.0000 0.0000 
vt 0.0000 0.0000 
vt 0.0000 0.0000 
vt 0.0000 0.0000 
vt 0.0000 0.0000 
vt 0.0000 0.0000 
vt 0.0000 0.0000 
vt 0.0000 0.0000 
vt 0.0000 0.0000 
vt 0.0000 0.0000 
vt 0.0000 0.0000 
vt 0.0000 0.0000 
vt 0.0000 0.0000 
vt 0.0000 0.0000 
vt 0.0000 0.0000 
vt 0.0000 0.0000 
vt 0.0000 0.0000 
vt 0.0000 0.0000 
vt 0.0000 0.0000 
vt 0.0000 0.0000 
vt 0.0000 0.0000 
vt 0.0000 0.0000 
vt 0.0000 0.0000 
vt 0.0000 0.0000 
vt 0.0000 0.0000 
vt 0.0000 0.0000 
vt 0.0000 0.0000 
vt 0.0000 0.0000 
vt 0.0000 0.0000 
vt 0.0000 0.0000 
vt 0.0000 0.0000 
vt 0.0000 0.0000 
vt 0.0000 0.0000 
vt 0.0000 0.0000 
vt 0.0000 0.0000 
vt 0.0000 0.0000 
vt 0.0000 0.0000 
vt 0.0000 0.0000 
vt 0.0000 0.0000 
vt 0.0000 0.0000 
vt 0.0000 0.0000 
vt 0.0000 0.0000 
vt 0.0000 0.0000 
vt 0.0000 0.0000 
vt 0.0000 0.0000 
vt 0.0000 0.0000 
vt 0.0000 0.0000 
vt 0.0000 0.0000 
vt 0.0000 0.0000 
vt 0.0000 0.0000 
vt 0.0000 0.0000 
vt 0.0000 0.0000 
vt 0.0000 0.0000 
vt 0.0000 0.0000 
vt 0.0000 0.0000 
vt 0.0000 0.0000 
vt 0.0000 0.0000 
vt 0.0000 0.0000 
vt 0.0000 0.0000 
vt 0.0000 0.0000 
vt 0.0000 0.0000 
vt 0.0000 0.0000 
vt 0.0000 0.0000 
vt 0.0000 0.0000 
vt 0.0000 0.0000 
vt 0.0000 0.0000 
vt 0.0000 0.0000 
vt 0.0000 0.0000 
vt 0.0000 0.0000 
vt 0.0000 0.0000 
vt 0.0000 0.0000 
vt 0.0000 0.0000 
vt 0.0000 0.0000 
vt 0.0000 0.0000 
vt 0.0000 0.0000 
vt 0.0000 0.0000 
vt 0.0000 0.0000 
vt 0.0000 0.0000 
vt 0.0000 0.0000 
vt 0.0000 0.0000 
vt 0.0000 0.0000 
vt 0.0000 0.0000 
vt 0.0000 0.0000 
vt 0.0000 0.0000 
vt 0.0000 0.0000 
vt 0.0000 0.0000 
vt 0.0000 0.0000 
vt 0.0000 0.0000 
vt 0.0000 0.0000 
vt 0.0000 0.0000 
vt 0.0000 0.0000 
vt 0.0000 0.0000 
vt 0.0000 0.0000 
vt 0.0000 0.0000 
vt 0.0000 0.0000 
vt 0.0000 0.0000 
vt 0.0000 0.0000 
vt 0.0000 0.0000 
vt 0.0000 0.0000 
vt 0.0000 0.0000 
vt 0.0000 0.0000 
vt 0.0000 0.0000 
vt 0.0000 0.0000 
vt 0.0000 0.0000 
vt 0.0000 0.0000 
vt 0.0000 0.0000 
vt 0.0000 0.0000 
vt 0.0000 0.0000 
vt 0.0000 0.0000 
vt 0.0000 0.0000 
vt 0.0000 0.0000 
vt 0.0000 0.0000 
vt 0.0000 0.0000 
vt 0.0000 0.0000 
vt 0.0000 0.0000 
vt 0.0000 0.0000 
vt 0.0000 0.0000 
vt 0.0000 0.0000 
vt 0.0000 0.0000 
vt 0.0000 0.0000 
vt 0.0000 0.0000 
vt 0.0000 0.0000 
vt 0.0000 0.0000 
vt 0.0000 0.0000 
vt 0.0000 0.0000 
vt 0.0000 0.0000 
vt 0.0000 0.0000 
vt 0.0000 0.0000 
vt 0.0000 0.0000 
vt 0.0000 0.0000 
vt 0.0000 0.0000 
vt 0.0000 0.0000 
vt 0.0000 0.0000 
vt 0.0000 0.0000 
vt 0.0000 0.0000 
vt 0.0000 0.0000 
vt 0.0000 0.0000 
vt 0.0000 0.0000 
vt 0.0000 0.0000 
vt 0.0000 0.0000 
vt 0.0000 0.0000 
vt 0.0000 0.0000 
vt 0.0000 0.0000 
vt 0.0000 0.0000 
vt 0.0000 0.0000 
vt 0.0000 0.0000 
vt 0.0000 0.0000 
vt 0.0000 0.0000 
vt 0.0000 0.0000 
vt 0.0000 0.0000 
vt 0.0000 0.0000 
vt 0.0000 0.0000 
vt 0.0000 0.0000 
vt 0.0000 0.0000 
vt 0.0000 0.0000 
vt 0.0000 0.0000 
vt 0.0000 0.0000 
vt 0.0000 0.0000 
vt 0.0000 0.0000 
vt 0.0000 0.0000 
vt 0.0000 0.0000 
vt 0.0000 0.0000 
vt 0.0000 0.0000 
vt 0.0000 0.0000 
vt 0.0000 0.0000 
vt 0.0000 0.0000 
vt 0.0000 0.0000 
vt 0.0000 0.0000 
vt 0.0000 0.0000 
vt 0.0000 0.0000 
vt 0.0000 0.0000 
vt 0.0000 0.0000 
vt 0.0000 0.0000 
vt 0.0000 0.0000 
vt 0.0000 0.0000 
vt 0.0000 0.0000 
vt 0.0000 0.0000 
vt 0.0000 0.0000 
vt 0.0000 0.0000 
vt 0.0000 0.0000 
vt 0.0000 0.0000 
vt 0.0000 0.0000 
vt 0.0000 0.0000 
vt 0.0000 0.0000 
vt 0.0000 0.0000 
vt 0.0000 0.0000 
vt 0.0000 0.0000 
vt 0.0000 0.0000 
vt 0.0000 0.0000 
vt 0.0000 0.0000 
vt 0.0000 0.0000 
vt 0.0000 0.0000 
vt 0.0000 0.0000 
vt 0.0000 0.0000 
vt 0.0000 0.0000 
vt 0.0000 0.0000 
vt 0.0000 0.0000 
vt 0.0000 0.0000 
vt 0.0000 0.0000 
vt 0.0000 0.0000 
vt 0.0000 0.0000 
vt 0.0000 0.0000 
vt 0.0000 0.0000 
vt 0.0000 0.0000 
vt 0.0000 0.0000 
vt 0.0000 0.0000 
vt 0.0000 0.0000 
vt 0.0000 0.0000 
vt 0.0000 0.0000 
vt 0.0000 0.0000 
vt 0.0000 0.0000 
vt 0.0000 0.0000 
vt 0.0000 0.0000 
vt 0.0000 0.0000 
vt 0.0000 0.0000 
vt 0.0000 0.0000 
vt 0.0000 0.0000 
vt 0.0000 0.0000 
vt 0.0000 0.0000 
vt 0.0000 0.0000 
vt 0.0000 0.0000 
vt 0.0000 0.0000 
vt 0.0000 0.0000 
vt 0.0000 0.0000 
vt 0.0000 0.0000 
vt 0.0000 0.0000 
vt 0.0000 0.0000 
vt 0.0000 0.0000 
vt 0.0000 0.0000 
vt 0.0000 0.0000 
vt 0.0000 0.0000 
vt 0.0000 0.0000 
vt 0.0000 0.0000 
vt 0.0000 0.0000 
vt 0.0000 0.0000 
vt 0.0000 0.0000 
vt 0.0000 0.0000 
vt 0.0000 0.0000 
vt 0.0000 0.0000 
vt 0.0000 0.0000 
vt 0.0000 0.0000 
vt 0.0000 0.0000 
vt 0.0000 0.0000 
vt 0.0000 0.0000 
vt 0.0000 0.0000 
vt 0.0000 0.0000 
vt 0.0000 0.0000 
vt 0.0000 0.0000 
vt 0.0000 0.0000 
vt 0.0000 0.0000 
vt 0.0000 0.0000 
vt 0.0000 0.0000 
vt 0.0000 0.0000 
vt 0.0000 0.0000 
vt 0.0000 0.0000 
vt 0.0000 0.0000 
vt 0.0000 0.0000 
vt 0.0000 0.0000 
vt 0.0000 0.0000 
vt 0.0000 0.0000 
vt 0.0000 0.0000 
vt 0.0000 0.0000 
vt 0.0000 0.0000 
vt 0.0000 0.0000 
vt 0.0000 0.0000 
vt 0.0000 0.0000 
vt 0.0000 0.0000 
vt 0.0000 0.0000 
vt 0.0000 0.0000 
vt 0.0000 0.0000 
vt 0.0000 0.0000 
vt 0.0000 0.0000 
vt 0.0000 0.0000 
vt 0.0000 0.0000 
vt 0.0000 0.0000 
vt 0.0000 0.0000 
vt 0.0000 0.0000 
vt 0.0000 0.0000 
vt 0.0000 0.0000 
vt 0.0000 0.0000 
vt 0.0000 0.0000 
vt 0.0000 0.0000 
vt 0.0000 0.0000 
vt 0.0000 0.0000 
vt 0.0000 0.0000 
vt 0.0000 0.0000 
vt 0.0000 0.0000 
vt 0.0000 0.0000 
vt 0.0000 0.0000 
vt 0.0000 0.0000 
vt 0.0000 0.0000 
vt 0.0000 0.0000 
vt 0.0000 0.0000 
vt 0.0000 0.0000 
vt 0.0000 0.0000 
vt 0.0000 0.0000 
vt 0.0000 0.0000 
vt 0.0000 0.0000 
vt 0.0000 0.0000 
vt 0.0000 0.0000 
vt 0.0000 0.0000 
vt 0.0000 0.0000 
vt 0.0000 0.0000 
vt 0.0000 0.0000 
vt 0.0000 0.0000 
vt 0.0000 0.0000 
vt 0.0000 0.0000 
vt 0.0000 0.0000 
vt 0.0000 0.0000 
vt 0.0000 0.0000 
vt 0.0000 0.0000 
vt 0.0000 0.0000 
vt 0.0000 0.0000 
vt 0.0000 0.0000 
vt 0.0000 0.0000 
vt 0.0000 0.0000 
vt 0.0000 0.0000 
vt 0.0000 0.0000 
vt 0.0000 0.0000 
vt 0.0000 0.0000 
vt 0.0000 0.0000 
vt 0.0000 0.0000 
vt 0.0000 0.0000 
vt 0.0000 0.0000 
vt 0.0000 0.0000 
vt 0.0000 0.0000 
vt 0.0000 0.0000 
vt 0.0000 0.0000 
vt 0.0000 0.0000 
vt 0.0000 0.0000 
vt 0.0000 0.0000 
vt 0.0000 0.0000 
vt 0.0000 0.0000 
vt 0.0000 0.0000 
vt 0.0000 0.0000 
vt 0.0000 0.0000 
vt 0.0000 0.0000 
vt 0.0000 0.0000 
vt 0.0000 0.0000 
vt 0.0000 0.0000 
vt 0.0000 0.0000 
vt 0.0000 0.0000 
vt 0.0000 0.0000 
vt 0.0000 0.0000 
vt 0.0000 0.0000 
vt 0.0000 0.0000 
vt 0.0000 0.0000 
vt 0.0000 0.0000 
vt 0.0000 0.0000 
vt 0.0000 0.0000 
vt 0.0000 0.0000 
vt 0.0000 0.0000 
vt 0.0000 0.0000 
vt 0.0000 0.0000 
vt 0.0000 0.0000 
vt 0.0000 0.0000 
vt 0.0000 0.0000 
vt 0.0000 0.0000 
vt 0.0000 0.0000 
vt 0.0000 0.0000 
vt 0.0000 0.0000 
vt 0.0000 0.0000 
vt 0.0000 0.0000 
vt 0.0000 0.0000 
vt 0.0000 0.0000 
vt 0.0000 0.0000 
vt 0.0000 0.0000 
vt 0.0000 0.0000 
vt 0.0000 0.0000 
vt 0.0000 0.0000 
vt 0.0000 0.0000 
vt 0.0000 0.0000 
vt 0.0000 0.0000 
vt 0.0000 0.0000 
vt 0.0000 0.0000 
vt 0.0000 0.0000 
vt 0.0000 0.0000 
vt 0.0000 0.0000 
vt 0.0000 0.0000 
vt 0.0000 0.0000 
vt 0.0000 0.0000 
vt 0.0000 0.0000 
vt 0.0000 0.0000 
vt 0.0000 0.0000 
vt 0.0000 0.0000 
vt 0.0000 0.0000 
vt 0.0000 0.0000 
vt 0.0000 0.0000 
vt 0.0000 0.0000 
vt 0.0000 0.0000 
vt 0.0000 0.0000 
vt 0.0000 0.0000 
vt 0.0000 0.0000 
vt 0.0000 0.0000 
vt 0.0000 0.0000 
vt 0.0000 0.0000 
vt 0.0000 0.0000 
vt 0.0000 0.0000 
vt 0.0000 0.0000 
vt 0.0000 0.0000 
vt 0.0000 0.0000 
vt 0.0000 0.0000 
vt 0.0000 0.0000 
vt 0.0000 0.0000 
vt 0.0000 0.0000 
vt 0.0000 0.0000 
vt 0.0000 0.0000 
vt 0.0000 0.0000 
vt 0.0000 0.0000 
vt 0.0000 0.0000 
vt 0.0000 0.0000 
vt 0.0000 0.0000 
vt 0.0000 0.0000 
vt 0.0000 0.0000 
vt 0.0000 0.0000 
vt 0.0000 0.0000 
vt 0.0000 0.0000 
vt 0.0000 0.0000 
vt 0.0000 0.0000 
vt 0.0000 0.0000 
vt 0.0000 0.0000 
vt 0.0000 0.0000 
vt 0.0000 0.0000 
vt 0.0000 0.0000 
vt 0.0000 0.0000 
vt 0.0000 0.0000 
vt 0.0000 0.0000 
vt 0.0000 0.0000 
vt 0.0000 0.0000 
vt 0.0000 0.0000 
vt 0.0000 0.0000 
vt 0.0000 0.0000 
vt 0.0000 0.0000 
vt 0.0000 0.0000 
vt 0.0000 0.0000 
vt 0.0000 0.0000 
vt 0.0000 0.0000 
vt 0.0000 0.0000 
vt 0.0000 0.0000 
vt 0.0000 0.0000 
vt 0.0000 0.0000 
vt 0.0000 0.0000 
vt 0.0000 0.0000 
vt 0.0000 0.0000 
vt 0.0000 0.0000 
vt 0.0000 0.0000 
vt 0.0000 0.0000 
vt 0.0000 0.0000 
vt 0.0000 0.0000 
vt 0.0000 0.0000 
vt 0.0000 0.0000 
vt 0.0000 0.0000 
vt 0.0000 0.0000 
vt 0.0000 0.0000 
vt 0.0000 0.0000 
vt 0.0000 0.0000 
vt 0.0000 0.0000 
vt 0.0000 0.0000 
vt 0.0000 0.0000 
vt 0.0000 0.0000 
vt 0.0000 0.0000 
vt 0.0000 0.0000 
vt 0.0000 0.0000 
vt 0.0000 0.0000 
vt 0.0000 0.0000 
vt 0.0000 0.0000 
vt 0.0000 0.0000 
vt 0.0000 0.0000 
vt 0.0000 0.0000 
vt 0.0000 0.0000 
vt 0.0000 0.0000 
vt 0.0000 0.0000 
vt 0.0000 0.0000 
vt 0.0000 0.0000 
vt 0.0000 0.0000 
vt 0.0000 0.0000 
vt 0.0000 0.0000 
vt 0.0000 0.0000 
vt 0.0000 0.0000 
vt 0.0000 0.0000 
vt 0.0000 0.0000 
vt 0.0000 0.0000 
vt 0.0000 0.0000 
vt 0.0000 0.0000 
vt 0.0000 0.0000 
vt 0.0000 0.0000 
vt 0.0000 0.0000 
vt 0.0000 0.0000 
vt 0.0000 0.0000 
vt 0.0000 0.0000 
vt 0.0000 0.0000 
vt 0.0000 0.0000 
vt 0.0000 0.0000 
vt 0.0000 0.0000 
vt 0.0000 0.0000 
vt 0.0000 0.0000 
vt 0.0000 0.0000 
vt 0.0000 0.0000 
vt 0.0000 0.0000 
vt 0.0000 0.0000 
vt 0.0000 0.0000 
vt 0.0000 0.0000 
vt 0.0000 0.0000 
vt 0.0000 0.0000 
vt 0.0000 0.0000 
vt 0.0000 0.0000 
vt 0.0000 0.0000 
vt 0.0000 0.0000 
vt 0.0000 0.0000 
vt 0.0000 0.0000 
vt 0.0000 0.0000 
vt 0.0000 0.0000 
vt 0.0000 0.0000 
vt 0.0000 0.0000 
vt 0.0000 0.0000 
vt 0.0000 0.0000 
vt 0.0000 0.0000 
vt 0.0000 0.0000 
vt 0.0000 0.0000 
vt 0.0000 0.0000 
vt 0.0000 0.0000 
vt 0.0000 0.0000 
vt 0.0000 0.0000 
vt 0.0000 0.0000 
vt 0.0000 0.0000 
vt 0.0000 0.0000 
vt 0.0000 0.0000 
vt 0.0000 0.0000 
vt 0.0000 0.0000 
vt 0.0000 0.0000 
vt 0.0000 0.0000 
vt 0.0000 0.0000 
vt 0.0000 0.0000 
vt 0.0000 0.0000 
vt 0.0000 0.0000 
vt 0.0000 0.0000 
vt 0.0000 0.0000 
vt 0.0000 0.0000 
vt 0.0000 0.0000 
vt 0.0000 0.0000 
vt 0.0000 0.0000 
vt 0.0000 0.0000 
vt 0.0000 0.0000 
vt 0.0000 0.0000 
vt 0.0000 0.0000 
vt 0.0000 0.0000 
vt 0.0000 0.0000 
vt 0.0000 0.0000 
vt 0.0000 0.0000 
vt 0.0000 0.0000 
vt 0.0000 0.0000 
vt 0.0000 0.0000 
vt 0.0000 0.0000 
vt 0.0000 0.0000 
vt 0.0000 0.0000 
vt 0.0000 0.0000 
vt 0.0000 0.0000 
vt 0.0000 0.0000 
vt 0.0000 0.0000 
vt 0.0000 0.0000 
vt 0.0000 0.0000 
vt 0.0000 0.0000 
vt 0.0000 0.0000 
vt 0.0000 0.0000 
vt 0.0000 0.0000 
vt 0.0000 0.0000 
vt 0.0000 0.0000 
vt 0.0000 0.0000 
vt 0.0000 0.0000 
vt 0.0000 0.0000 
vt 0.0000 0.0000 
vt 0.0000 0.0000 
vt 0.0000 0.0000 
vt 0.0000 0.0000 
vt 0.0000 0.0000 
vt 0.0000 0.0000 
vt 0.0000 0.0000 
vt 0.0000 0.0000 
vt 0.0000 0.0000 
vt 0.0000 0.0000 
vt 0.0000 0.0000 
vt 0.0000 0.0000 
vt 0.0000 0.0000 
vt 0.0000 0.0000 
vt 0.0000 0.0000 
vt 0.0000 0.0000 
vt 0.0000 0.0000 
vt 0.0000 0.0000 
vt 0.0000 0.0000 
vt 0.0000 0.0000 
vt 0.0000 0.0000 
vt 0.0000 0.0000 
vt 0.0000 0.0000 
vt 0.0000 0.0000 
vt 0.0000 0.0000 
vt 0.0000 0.0000 
vt 0.0000 0.0000 
vt 0.0000 0.0000 
vt 0.0000 0.0000 
vt 0.0000 0.0000 
vt 0.0000 0.0000 
vt 0.0000 0.0000 
vt 0.0000 0.0000 
vt 0.0000 0.0000 
vt 0.0000 0.0000 
vt 0.0000 0.0000 
vt 0.0000 0.0000 
vt 0.0000 0.0000 
vt 0.0000 0.0000 
vt 0.0000 0.0000 
vt 0.0000 0.0000 
vt 0.0000 0.0000 
vt 0.0000 0.0000 
vt 0.0000 0.0000 
vt 0.0000 0.0000 
vt 0.0000 0.0000 
vt 0.0000 0.0000 
vt 0.0000 0.0000 
vt 0.0000 0.0000 
vt 0.0000 0.0000 
vt 0.0000 0.0000 
vt 0.0000 0.0000 
vt 0.0000 0.0000 
vt 0.0000 0.0000 
vt 0.0000 0.0000 
vt 0.0000 0.0000 
vt 0.0000 0.0000 
vt 0.0000 0.0000 
vt 0.0000 0.0000 
vt 0.0000 0.0000 
vt 0.0000 0.0000 
vt 0.0000 0.0000 
vt 0.0000 0.0000 
vt 0.0000 0.0000 
vt 0.0000 0.0000 
vt 0.0000 0.0000 
vt 0.0000 0.0000 
vt 0.0000 0.0000 
vt 0.0000 0.0000 
vt 0.0000 0.0000 
vt 0.0000 0.0000 
vt 0.0000 0.0000 
vt 0.0000 0.0000 
vt 0.0000 0.0000 
vt 0.0000 0.0000 
vt 0.0000 0.0000 
vt 0.0000 0.0000 
vt 0.0000 0.0000 
vt 0.0000 0.0000 
vt 0.0000 0.0000 
vt 0.0000 0.0000 
vt 0.0000 0.0000 
vt 0.0000 0.0000 
vt 0.0000 0.0000 
vt 0.0000 0.0000 
vt 0.0000 0.0000 
vt 0.0000 0.0000 
vt 0.0000 0.0000 
vt 0.0000 0.0000 
vt 0.0000 0.0000 
vt 0.0000 0.0000 
vt 0.0000 0.0000 
vt 0.0000 0.0000 
vt 0.0000 0.0000 
vt 0.0000 0.0000 
vt 0.0000 0.0000 
vt 0.0000 0.0000 
vt 0.0000 0.0000 
vt 0.0000 0.0000 
vt 0.0000 0.0000 
vt 0.0000 0.0000 
vt 0.0000 0.0000 
vt 0.0000 0.0000 
vt 0.0000 0.0000 
vt 0.0000 0.0000 
vt 0.0000 0.0000 
vt 0.0000 0.0000 
vt 0.0000 0.0000 
vt 0.0000 0.0000 
vt 0.0000 0.0000 
vt 0.0000 0.0000 
vt 0.0000 0.0000 
vt 0.0000 0.0000 
vt 0.0000 0.0000 
vt 0.0000 0.0000 
vt 0.0000 0.0000 
vt 0.0000 0.0000 
vt 0.0000 0.0000 
vt 0.0000 0.0000 
vt 0.0000 0.0000 
vt 0.0000 0.0000 
vt 0.0000 0.0000 
vt 0.0000 0.0000 
vt 0.0000 0.0000 
vt 0.0000 0.0000 
vt 0.0000 0.0000 
vt 0.0000 0.0000 
vt 0.0000 0.0000 
vt 0.0000 0.0000 
vt 0.0000 0.0000 
vt 0.0000 0.0000 
vt 0.0000 0.0000 
vt 0.0000 0.0000 
vt 0.0000 0.0000 
vt 0.0000 0.0000 
vt 0.0000 0.0000 
vt 0.0000 0.0000 
vt 0.0000 0.0000 
vt 0.0000 0.0000 
vt 0.0000 0.0000 
vt 0.0000 0.0000 
vt 0.0000 0.0000 
vt 0.0000 0.0000 
vt 0.0000 0.0000 
vt 0.0000 0.0000 
vt 0.0000 0.0000 
vt 0.0000 0.0000 
vt 0.0000 0.0000 
vt 0.0000 0.0000 
vt 0.0000 0.0000 
vt 0.0000 0.0000 
vt 0.0000 0.0000 
vt 0.0000 0.0000 
vt 0.0000 0.0000 
vt 0.0000 0.0000 
vt 0.0000 0.0000 
vt 0.0000 0.0000 
vt 0.0000 0.0000 
vt 0.0000 0.0000 
vt 0.0000 0.0000 
vt 0.0000 0.0000 
vt 0.0000 0.0000 
vt 0.0000 0.0000 
vt 0.0000 0.0000 
vt 0.0000 0.0000 
vt 0.0000 0.0000 
vt 0.0000 0.0000 
vt 0.0000 0.0000 
vt 0.0000 0.0000 
vt 0.0000 0.0000 
vt 0.0000 0.0000 
vt 0.0000 0.0000 
vt 0.0000 0.0000 
vt 0.0000 0.0000 
vt 0.0000 0.0000 
vt 0.0000 0.0000 
vt 0.0000 0.0000 
vt 0.0000 0.0000 
vt 0.0000 0.0000 
vt 0.0000 0.0000 
vt 0.0000 0.0000 
vt 0.0000 0.0000 
vt 0.0000 0.0000 
vt 0.0000 0.0000 
vt 0.0000 0.0000 
vt 0.0000 0.0000 
vt 0.0000 0.0000 
vt 0.0000 0.0000 
vt 0.0000 0.0000 
vt 0.0000 0.0000 
vt 0.0000 0.0000 
vt 0.0000 0.0000 
vt 0.0000 0.0000 
vt 0.0000 0.0000 
vt 0.0000 0.0000 
vt 0.0000 0.0000 
vt 0.0000 0.0000 
vt 0.0000 0.0000 
vt 0.0000 0.0000 
vt 0.0000 0.0000 
vt 0.0000 0.0000 
vt 0.0000 0.0000 
vt 0.0000 0.0000 
vt 0.0000 0.0000 
vt 0.0000 0.0000 
vt 0.0000 0.0000 
vt 0.0000 0.0000 
vt 0.0000 0.0000 
vt 0.0000 0.0000 
vt 0.0000 0.0000 
vt 0.0000 0.0000 
vt 0.0000 0.0000 
vt 0.0000 0.0000 
vt 0.0000 0.0000 
vt 0.0000 0.0000 
vt 0.0000 0.0000 
vt 0.0000 0.0000 
vt 0.0000 0.0000 
vt 0.0000 0.0000 
vt 0.0000 0.0000 
vt 0.0000 0.0000 
vt 0.0000 0.0000 
vt 0.0000 0.0000 
vt 0.0000 0.0000 
vt 0.0000 0.0000 
vt 0.0000 0.0000 
vt 0.0000 0.0000 
vt 0.0000 0.0000 
vt 0.0000 0.0000 
vt 0.0000 0.0000 
vt 0.0000 0.0000 
vt 0.0000 0.0000 
vt 0.0000 0.0000 
vt 0.0000 0.0000 
vt 0.0000 0.0000 
vt 0.0000 0.0000 
vt 0.0000 0.0000 
vt 0.0000 0.0000 
vt 0.0000 0.0000 
vt 0.0000 0.0000 
vt 0.0000 0.0000 
vt 0.0000 0.0000 
vt 0.0000 0.0000 
vt 0.0000 0.0000 
vt 0.0000 0.0000 
vt 0.0000 0.0000 
vt 0.0000 0.0000 
vt 0.0000 0.0000 
vt 0.0000 0.0000 
vt 0.0000 0.0000 
vt 0.0000 0.0000 
vt 0.0000 0.0000 
vt 0.0000 0.0000 
vt 0.0000 0.0000 
vt 0.0000 0.0000 
vt 0.0000 0.0000 
vt 0.0000 0.0000 
vt 0.0000 0.0000 
vt 0.0000 0.0000 
vt 0.0000 0.0000 
vt 0.0000 0.0000 
vt 0.0000 0.0000 
vt 0.0000 0.0000 
vt 0.0000 0.0000 
vt 0.0000 0.0000 
vt 0.0000 0.0000 
vt 0.0000 0.0000 
vt 0.0000 0.0000 
vt 0.0000 0.0000 
vt 0.0000 0.0000 
vt 0.0000 0.0000 
vt 0.0000 0.0000 
vt 0.0000 0.0000 
vt 0.0000 0.0000 
vt 0.0000 0.0000 
vt 0.0000 0.0000 
vt 0.0000 0.0000 
vt 0.0000 0.0000 
vt 0.0000 0.0000 
vt 0.0000 0.0000 
vt 0.0000 0.0000 
vt 0.0000 0.0000 
vt 0.0000 0.0000 
vt 0.0000 0.0000 
vt 0.0000 0.0000 
vt 0.0000 0.0000 
vt 0.0000 0.0000 
vt 0.0000 0.0000 
vt 0.0000 0.0000 
vt 0.0000 0.0000 
vt 0.0000 0.0000 
vt 0.0000 0.0000 
vt 0.0000 0.0000 
vt 0.0000 0.0000 
vt 0.0000 0.0000 
vt 0.0000 0.0000 
vt 0.0000 0.0000 
vt 0.0000 0.0000 
vt 0.0000 0.0000 
vt 0.0000 0.0000 
vt 0.0000 0.0000 
vt 0.0000 0.0000 
vt 0.0000 0.0000 
vt 0.0000 0.0000 
vt 0.0000 0.0000 
vt 0.0000 0.0000 
vt 0.0000 0.0000 
vt 0.0000 0.0000 
vt 0.0000 0.0000 
vt 0.0000 0.0000 
vt 0.0000 0.0000 
vt 0.0000 0.0000 
vt 0.0000 0.0000 
vt 0.0000 0.0000 
vt 0.0000 0.0000 
vt 0.0000 0.0000 
vt 0.0000 0.0000 
vt 0.0000 0.0000 
vt 0.0000 0.0000 
vt 0.0000 0.0000 
vt 0.0000 0.0000 
vt 0.0000 0.0000 
vt 0.0000 0.0000 
vt 0.0000 0.0000 
vt 0.0000 0.0000 
vt 0.0000 0.0000 
vt 0.0000 0.0000 
vt 0.0000 0.0000 
vt 0.0000 0.0000 
vt 0.0000 0.0000 
vt 0.0000 0.0000 
vt 0.0000 0.0000 
vt 0.0000 0.0000 
vt 0.0000 0.0000 
vt 0.0000 0.0000 
vt 0.0000 0.0000 
vt 0.0000 0.0000 
vt 0.0000 0.0000 
vt 0.0000 0.0000 
vt 0.0000 0.0000 
vt 0.0000 0.0000 
vt 0.0000 0.0000 
vt 0.0000 0.0000 
vt 0.0000 0.0000 
vt 0.0000 0.0000 
vt 0.0000 0.0000 
vt 0.0000 0.0000 
vt 0.0000 0.0000 
vt 0.0000 0.0000 
vt 0.0000 0.0000 
vt 0.0000 0.0000 
vt 0.0000 0.0000 
vt 0.0000 0.0000 
vt 0.0000 0.0000 
vt 0.0000 0.0000 
vt 0.0000 0.0000 
vt 0.0000 0.0000 
vt 0.0000 0.0000 
vt 0.0000 0.0000 
vt 0.0000 0.0000 
vt 0.0000 0.0000 
vt 0.0000 0.0000 
vt 0.0000 0.0000 
vt 0.0000 0.0000 
vt 0.0000 0.0000 
vt 0.0000 0.0000 
vt 0.0000 0.0000 
vt 0.0000 0.0000 
vt 0.0000 0.0000 
vt 0.0000 0.0000 
vt 0.0000 0.0000 
vt 0.0000 0.0000 
vt 0.0000 0.0000 
vt 0.0000 0.0000 
vt 0.0000 0.0000 
vt 0.0000 0.0000 
vt 0.0000 0.0000 
vt 0.0000 0.0000 
vt 0.0000 0.0000 
vt 0.0000 0.0000 
vt 0.0000 0.0000 
vt 0.0000 0.0000 
vt 0.0000 0.0000 
vt 0.0000 0.0000 
vt 0.0000 0.0000 
vt 0.0000 0.0000 
vt 0.0000 0.0000 
vt 0.0000 0.0000 
vt 0.0000 0.0000 
vt 0.0000 0.0000 
vt 0.0000 0.0000 
vt 0.0000 0.0000 
vt 0.0000 0.0000 
vt 0.0000 0.0000 
vt 0.0000 0.0000 
vt 0.0000 0.0000 
vt 0.0000 0.0000 
vt 0.0000 0.0000 
vt 0.0000 0.0000 
vt 0.0000 0.0000 
vt 0.0000 0.0000 
vt 0.0000 0.0000 
vt 0.0000 0.0000 
vt 0.0000 0.0000 
vt 0.0000 0.0000 
vt 0.0000 0.0000 
vt 0.0000 0.0000 
vt 0.0000 0.0000 
vt 0.0000 0.0000 
vt 0.0000 0.0000 
vt 0.0000 0.0000 
vt 0.0000 0.0000 
vt 0.0000 0.0000 
vt 0.0000 0.0000 
vt 0.0000 0.0000 
vt 0.0000 0.0000 
vt 0.0000 0.0000 
vt 0.0000 0.0000 
vt 0.0000 0.0000 
vt 0.0000 0.0000 
vt 0.0000 0.0000 
vt 0.0000 0.0000 
vt 0.0000 0.0000 
vt 0.0000 0.0000 
vt 0.0000 0.0000 
vt 0.0000 0.0000 
vt 0.0000 0.0000 
vt 0.0000 0.0000 
vt 0.0000 0.0000 
vt 1.0000 1.0000 
vt -0.0000 1.0000 
vt 0.92857 1.0000 
vt 0.85714 1.0000 
vt 0.78571 1.0000 
vt 0.71429 1.0000 
vt 0.64286 1.0000 
vt 0.57143 1.0000 
vt 0.5000 1.0000 
vt 0.42857 1.0000 
vt 0.35714 1.0000 
vt 0.28571 1.0000 
vt 0.21429 1.0000 
vt 0.14286 1.0000 
vt 0.07143 1.0000 
vt 0.0000 0.0000 
vt 0.57143 0.6411 
vt 0.0000 0.0000 
vt 0.6178 0.6365 
vt 0.0000 0.0000 
vt 0.51239 0.65633 
vt 0.0000 0.0000 
vt 0.8822 0.6365 
vt 0.0000 0.0000 
vt 0.92857 0.64152 
vt 0.92857 0.64152 
vt 0.0000 0.0000 
vt 0.98761 0.65633 
vt 0.0000 0.0000 
vt 0.5000 0.65213 
vt 0.0000 0.0000 
vt 0.47273 0.64528 
vt 0.0000 0.0000 
vt 0.42857 0.63081 
vt 0.42857 0.63081 
vt 0.0000 0.0000 
vt 0.4008 0.62645 
vt 0.0000 0.0000 
vt 0.05013 0.63416 
vt 0.0000 0.0000 
vt 1.0000 0.65108 
vt -0.0000 0.65108 
vt 0.0000 0.0000 
vt 0.0992 0.62645 
vt 0.0000 0.0000 
vt 0.07143 0.62898 
vt 0.07143 0.62898 
vt 0.0000 0.0000 
vt 0.66292 0.60692 
vt 0.0000 0.0000 
vt 0.7500 0.59773 
vt 0.0000 0.0000 
vt 0.71429 0.58786 
vt 0.71429 0.58786 
vt 0.0000 0.0000 
vt 0.64286 0.61381 
vt 0.64286 0.61381 
vt 0.0000 0.0000 
vt 0.85714 0.61304 
vt 0.0000 0.0000 
vt 0.78571 0.5874 
vt 0.0000 0.0000 
vt 0.15161 0.59254 
vt 0.0000 0.0000 
vt 0.14286 0.59477 
vt 0.0000 0.0000 
vt 0.21429 0.58448 
vt 0.0000 0.0000 
vt 0.2500 0.59611 
vt 0.0000 0.0000 
vt 0.28571 0.58685 
vt 0.0000 0.0000 
vt 0.35714 0.60031 
vt 0.0000 0.0000 
vt 0.0000 0.0000 
vt 0.0000 0.0000 
vt 0.0000 0.0000 
vt 0.0000 0.0000 
vt 0.0000 0.0000 
vt 0.1250 0.7500 
vt 0.3750 0.0000 
vt 0.6250 0.0000 
vt 0.8750 0.7500 
vt 0.1250 0.5000 
vt 0.3750 0.2500 
vt 0.6250 0.2500 
vt 0.8750 0.5000 
vt 0.39583 0.72307 
vt 0.60417 0.72307 
vt 0.60417 0.72307 
vt 0.39583 0.51474 
vt 0.39583 0.51474 
vt 0.60417 0.51474 
vt 0.1250 0.7500 
vt 0.3750 0.0000 
vt 0.3750 1.0000 
vt 0.6250 0.0000 
vt 0.6250 1.0000 
vt 0.8750 0.7500 
vt 0.6250 0.7500 
vt 0.3750 0.7500 
vt 0.60417 0.7500 
vt 0.39583 0.7500 
vt 0.1250 0.7500 
vt 0.3750 0.0000 
vt 0.6250 0.0000 
vt 0.8750 0.7500 
vt 0.2500 0.51474 
vt 0.2500 0.51474 
vt 0.7500 0.51474 
vt 0.7500 0.51474 
vt 0.2500 0.72307 
vt 0.2500 0.72307 
vt 0.7500 0.72307 
vt 0.7500 0.72307 
vt 0.2500 0.7500 
vt 0.3750 0.8750 
vt 0.6250 0.8750 
vt 0.7500 0.7500 
vt 0.7500 0.7500 
vt 0.7500 0.7500 
vt 0.2500 0.7500 
vt 0.2500 0.7500 
vt 0.1250 0.58845 
vt 0.3750 0.16155 
vt 0.6250 0.16155 
vt 0.8750 0.58845 
vt 0.39583 0.60063 
vt 0.60417 0.60063 
vt 0.7500 0.60063 
vt 0.7500 0.60063 
vt 0.2500 0.60063 
vt 0.2500 0.60063 
vt 0.6250 0.16155 
vt 0.8750 0.58845 
vt 0.6250 0.2500 
vt 0.8750 0.5000 
vt 0.1250 0.5000 
vt 0.3750 0.2500 
vt 0.1250 0.58845 
vt 0.3750 0.16155 
vt 0.1250 0.66922 
vt 0.3750 0.08078 
vt 0.5000 0.02244 
vt 0.5000 0.02244 
vt 0.85764 0.54478 
vt 0.85764 0.54478 
vt 0.5000 0.2500 
vt 0.5000 0.2500 
vt 0.18793 0.51351 
vt 0.18793 0.51351 
vt 0.6849 0.51474 
vt 0.5000 0.51474 
vt 0.5000 0.51474 
vt 0.39583 0.54759 
vt 0.60417 0.66738 
vt 0.5000 0.72307 
vt 0.3151 0.72307 
vt 0.8125 0.72532 
vt 0.5000 0.0000 
vt 0.5000 1.0000 
vt 0.5000 0.76736 
vt 0.3125 0.7500 
vt 0.3750 0.8125 
vt 0.6250 0.9375 
vt 0.8125 0.7500 
vt 0.6059 0.75043 
vt 0.39583 0.74663 
vt 0.1250 0.7500 
vt 0.3750 0.0000 
vt 0.6250 0.0000 
vt 0.8750 0.7500 
vt 0.60417 0.74663 
vt 0.60417 0.74663 
vt 0.3941 0.75043 
vt 0.1250 0.7500 
vt 0.3750 0.0000 
vt 0.6250 0.0000 
vt 0.8750 0.7500 
vt 0.6849 0.7500 
vt 0.1875 0.7500 
vt 0.5000 0.0000 
vt 0.5000 0.7500 
vt 0.5000 0.7500 
vt 0.3151 0.51474 
vt 0.81207 0.51351 
vt 0.81207 0.51351 
vt 0.1875 0.72532 
vt 0.6849 0.72307 
vt 0.6849 0.72307 
vt 0.1875 0.7500 
vt 0.3750 0.9375 
vt 0.6250 0.8125 
vt 0.6875 0.7500 
vt 0.8125 0.7500 
vt 0.3151 0.7500 
vt 0.3151 0.7500 
vt 0.2500 0.74663 
vt 0.2500 0.74663 
vt 0.7500 0.74663 
vt 0.7500 0.7500 
vt 0.2500 0.7500 
vt 0.5000 0.8750 
vt 0.7500 0.66738 
vt 0.7500 0.66738 
vt 0.2500 0.66738 
vt 0.2500 0.66738 
vt 0.1250 0.5000 
vt 0.3750 0.2500 
vt 0.6250 0.2500 
vt 0.8750 0.5000 
vt 0.14236 0.54478 
vt 0.14236 0.54478 
vt 0.6250 0.08078 
vt 0.8750 0.66922 
vt 0.39583 0.66738 
vt 0.60417 0.54759 
vt 0.7500 0.54759 
vt 0.7500 0.54759 
vt 0.2500 0.54759 
vt 0.2500 0.54759 
vt 0.18793 0.59962 
vt 0.6849 0.60063 
vt 0.81207 0.59962 
vt 0.3151 0.60063 
vt 0.5000 0.60063 
vt 0.5000 0.13912 
vt 0.6250 0.20578 
vt 0.8750 0.54422 
vt 0.5000 0.23772 
vt 0.5000 0.23772 
vt 0.1250 0.54422 
vt 0.3750 0.20578 
vt 0.5000 0.17384 
vt 0.1250 0.58845 
vt 0.3750 0.16155 
vt 0.1250 0.5000 
vt 0.3750 0.2500 
vt 0.6250 0.16155 
vt 0.8750 0.58845 
vt 0.6250 0.2500 
vt 0.8750 0.5000 
vt 0.12674 0.54422 
vt 0.5000 0.50011 
vt 0.5000 0.66738 
vt 0.5000 0.75174 
vt 0.3151 0.66738 
vt 0.8125 0.66769 
vt 0.5000 0.9375 
vt 0.5000 0.0000 
vt 0.31467 0.7500 
vt 0.8125 0.7500 
vt 0.8125 0.7472 
vt 0.3151 0.74663 
vt 0.5000 0.00224 
vt 0.5000 0.74663 
vt 0.1875 0.7472 
vt 0.6849 0.74663 
vt 0.68533 0.7500 
vt 0.1875 0.7500 
vt 0.5000 0.81424 
vt 0.6849 0.66738 
vt 0.1875 0.66769 
vt 0.5000 0.25174 
vt 0.18924 0.54703 
vt 0.6849 0.54759 
vt 0.81076 0.54703 
vt 0.3151 0.54759 
vt 0.5000 0.54759 
vt 0.5000 0.08078 
vt 0.5000 0.20578 
vt 0.5000 0.16054 
vt 0.87326 0.54422 
vt 0.5000 0.24877 
vt 0.1250 0.7500 
vt 0.3750 0.0000 
vt 0.6250 0.0000 
vt 0.8750 0.7500 
vt 0.1250 0.5000 
vt 0.3750 0.2500 
vt 0.6250 0.2500 
vt 0.8750 0.5000 
vt 0.39583 0.72307 
vt 0.60417 0.72307 
vt 0.60417 0.72307 
vt 0.39583 0.51474 
vt 0.39583 0.51474 
vt 0.60417 0.51474 
vt 0.1250 0.7500 
vt 0.3750 0.0000 
vt 0.3750 1.0000 
vt 0.6250 0.0000 
vt 0.6250 1.0000 
vt 0.8750 0.7500 
vt 0.6250 0.7500 
vt 0.3750 0.7500 
vt 0.60417 0.7500 
vt 0.39583 0.7500 
vt 0.1250 0.7500 
vt 0.3750 0.0000 
vt 0.6250 0.0000 
vt 0.8750 0.7500 
vt 0.2500 0.51474 
vt 0.2500 0.51474 
vt 0.7500 0.51474 
vt 0.7500 0.51474 
vt 0.2500 0.72307 
vt 0.2500 0.72307 
vt 0.7500 0.72307 
vt 0.7500 0.72307 
vt 0.2500 0.7500 
vt 0.3750 0.8750 
vt 0.6250 0.8750 
vt 0.7500 0.7500 
vt 0.7500 0.7500 
vt 0.7500 0.7500 
vt 0.2500 0.7500 
vt 0.2500 0.7500 
vt 0.1250 0.58845 
vt 0.3750 0.16155 
vt 0.6250 0.16155 
vt 0.8750 0.58845 
vt 0.39583 0.60063 
vt 0.60417 0.60063 
vt 0.7500 0.60063 
vt 0.7500 0.60063 
vt 0.2500 0.60063 
vt 0.2500 0.60063 
vt 0.6250 0.16155 
vt 0.8750 0.58845 
vt 0.6250 0.2500 
vt 0.8750 0.5000 
vt 0.1250 0.5000 
vt 0.3750 0.2500 
vt 0.1250 0.58845 
vt 0.3750 0.16155 
vt 0.1250 0.66922 
vt 0.3750 0.08078 
vt 0.5000 0.02244 
vt 0.5000 0.02244 
vt 0.85764 0.54478 
vt 0.85764 0.54478 
vt 0.5000 0.2500 
vt 0.5000 0.2500 
vt 0.18793 0.51351 
vt 0.18793 0.51351 
vt 0.6849 0.51474 
vt 0.5000 0.51474 
vt 0.5000 0.51474 
vt 0.39583 0.54759 
vt 0.60417 0.66738 
vt 0.5000 0.72307 
vt 0.3151 0.72307 
vt 0.8125 0.72532 
vt 0.5000 0.0000 
vt 0.5000 1.0000 
vt 0.5000 0.76736 
vt 0.3125 0.7500 
vt 0.3750 0.8125 
vt 0.6250 0.9375 
vt 0.8125 0.7500 
vt 0.6059 0.75043 
vt 0.39583 0.74663 
vt 0.1250 0.7500 
vt 0.3750 0.0000 
vt 0.6250 0.0000 
vt 0.8750 0.7500 
vt 0.60417 0.74663 
vt 0.60417 0.74663 
vt 0.3941 0.75043 
vt 0.1250 0.7500 
vt 0.3750 0.0000 
vt 0.6250 0.0000 
vt 0.8750 0.7500 
vt 0.6849 0.7500 
vt 0.1875 0.7500 
vt 0.5000 0.0000 
vt 0.5000 0.7500 
vt 0.5000 0.7500 
vt 0.3151 0.51474 
vt 0.81207 0.51351 
vt 0.81207 0.51351 
vt 0.1875 0.72532 
vt 0.6849 0.72307 
vt 0.6849 0.72307 
vt 0.1875 0.7500 
vt 0.3750 0.9375 
vt 0.6250 0.8125 
vt 0.6875 0.7500 
vt 0.8125 0.7500 
vt 0.3151 0.7500 
vt 0.3151 0.7500 
vt 0.2500 0.74663 
vt 0.2500 0.74663 
vt 0.7500 0.74663 
vt 0.7500 0.7500 
vt 0.2500 0.7500 
vt 0.5000 0.8750 
vt 0.7500 0.66738 
vt 0.7500 0.66738 
vt 0.2500 0.66738 
vt 0.2500 0.66738 
vt 0.1250 0.5000 
vt 0.3750 0.2500 
vt 0.6250 0.2500 
vt 0.8750 0.5000 
vt 0.14236 0.54478 
vt 0.14236 0.54478 
vt 0.6250 0.08078 
vt 0.8750 0.66922 
vt 0.39583 0.66738 
vt 0.60417 0.54759 
vt 0.7500 0.54759 
vt 0.7500 0.54759 
vt 0.2500 0.54759 
vt 0.2500 0.54759 
vt 0.18793 0.59962 
vt 0.6849 0.60063 
vt 0.81207 0.59962 
vt 0.3151 0.60063 
vt 0.5000 0.60063 
vt 0.5000 0.13912 
vt 0.6250 0.20578 
vt 0.8750 0.54422 
vt 0.5000 0.23772 
vt 0.5000 0.23772 
vt 0.1250 0.54422 
vt 0.3750 0.20578 
vt 0.5000 0.17384 
vt 0.1250 0.58845 
vt 0.3750 0.16155 
vt 0.1250 0.5000 
vt 0.3750 0.2500 
vt 0.6250 0.16155 
vt 0.8750 0.58845 
vt 0.6250 0.2500 
vt 0.8750 0.5000 
vt 0.12674 0.54422 
vt 0.5000 0.50011 
vt 0.5000 0.66738 
vt 0.5000 0.75174 
vt 0.3151 0.66738 
vt 0.8125 0.66769 
vt 0.5000 0.9375 
vt 0.5000 0.0000 
vt 0.31467 0.7500 
vt 0.8125 0.7500 
vt 0.8125 0.7472 
vt 0.3151 0.74663 
vt 0.5000 0.00224 
vt 0.5000 0.74663 
vt 0.1875 0.7472 
vt 0.6849 0.74663 
vt 0.68533 0.7500 
vt 0.1875 0.7500 
vt 0.5000 0.81424 
vt 0.6849 0.66738 
vt 0.1875 0.66769 
vt 0.5000 0.25174 
vt 0.18924 0.54703 
vt 0.6849 0.54759 
vt 0.81076 0.54703 
vt 0.3151 0.54759 
vt 0.5000 0.54759 
vt 0.5000 0.08078 
vt 0.5000 0.20578 
vt 0.5000 0.16054 
vt 0.87326 0.54422 
vt 0.5000 0.24877 
vt 0.0000 0.0000 
vt 0.25575 0.50901 
vt 0.0000 0.0000 
vt 0.39432 0.50311 
vt 0.39432 0.50311 
vt 0.0000 0.0000 
vt 0.58041 0.5011 
vt 0.58041 0.5011 
vt 0.0000 0.0000 
vt 0.25041 0.50869 
vt 0.0000 0.0000 
vt 0.60581 0.5021 
vt 0.60581 0.5021 
vt 0.0000 0.0000 
vt 0.29317 0.50834 
vt 0.0000 0.0000 
vt 0.30411 0.50836 
vt 0.0000 0.0000 
vt 0.44466 0.50302 
vt 0.0000 0.0000 
vt 0.47172 0.50045 
vt 0.47172 0.50045 
vt 0.0000 0.0000 
vt 0.41915 0.50356 
vt 0.0000 0.0000 
vt 0.4303 0.50371 
vt 0.0000 0.0000 
vt 0.43009 0.50371 
vt 0.0000 0.0000 
vt 0.43555 0.50342 
vt 0.0000 0.0000 
vt 0.44465 0.50302 
vt 0.0000 0.0000 
vt 0.47131 0.50046 
vt 0.47131 0.50046 
vt 0.0000 0.0000 
vt 0.36368 0.50496 
vt 0.0000 0.0000 
vt 0.28824 0.50848 
vt 0.0000 0.0000 
vt 0.25402 0.50896 
vt 0.0000 0.0000 
vt 0.49178 0.49869 
vt 0.0000 0.0000 
vt 0.3943 0.5030 
vt 0.0000 0.0000 
vt 0.79476 0.50567 
vt 0.0000 0.0000 
vt 0.78937 0.50688 
vt 0.0000 0.0000 
vt 0.5000 0.49786 
vt 0.5000 0.49786 
vt 0.0000 0.0000 
vt 0.5000 0.49782 
vt 0.5000 0.49782 
vt 0.0000 0.0000 
vt 0.49162 0.49866 
vt 0.0000 0.0000 
vt 0.30414 0.5084 
vt 0.0000 0.0000 
vt 0.31484 0.50702 
vt 0.31484 0.50702 
vt 0.0000 0.0000 
vt 0.34479 0.50594 
vt 0.0000 0.0000 
vt 0.57998 0.50109 
vt 0.57998 0.50109 
vt 0.0000 0.0000 
vt 0.81247 0.50233 
vt 0.81247 0.50233 
vt 0.0000 0.0000 
vt 0.82556 0.50121 
vt 0.82556 0.50121 
vt 0.0000 0.0000 
vt 0.81613 0.50201 
vt 0.0000 0.0000 
vt 0.82727 0.50117 
vt 0.0000 0.0000 
vt 0.6065 0.50225 
vt 0.0000 0.0000 
vt 0.60939 0.50249 
vt 0.0000 0.0000 
vt 0.7533 0.50968 
vt 0.0000 0.0000 
vt 0.7500 0.51012 
vt 0.7500 0.51012 
vt 0.0000 0.0000 
vt 0.74665 0.51055 
vt 0.0000 0.0000 
vt 0.34305 0.50542 
vt 0.0000 0.0000 
vt 0.34163 0.50551 
vt 0.0000 0.0000 
vt 0.6221 0.50339 
vt 0.0000 0.0000 
vt 0.2500 0.50865 
vt 0.0000 0.0000 
vt 0.28948 0.50873 
vt 0.0000 0.0000 
vt 0.31484 0.50675 
vt 0.0000 0.0000 
vt 0.68518 0.5064 
vt 0.68518 0.5064 
vt 0.0000 0.0000 
vt 0.69075 0.50723 
vt 0.0000 0.0000 
vt 0.69921 0.50869 
vt 0.0000 0.0000 
vt 0.69921 0.50868 
vt 0.0000 0.0000 
vt 0.19907 0.50511 
vt 0.0000 0.0000 
vt 0.25024 0.50874 
vt 0.0000 0.0000 
vt 0.68517 0.50656 
vt 0.0000 0.0000 
vt 0.18753 0.50249 
vt 0.18753 0.50249 
vt 0.0000 0.0000 
vt 0.62204 0.5034 
vt 0.0000 0.0000 
vt 0.2500 0.50872 
vt 0.2500 0.50872 
vt 0.0000 0.0000 
vt 0.21742 0.50674 
vt 0.0000 0.0000 
vt 0.20239 0.50578 
vt 0.0000 0.0000 
vt 0.20205 0.50573 
vt 0.0000 0.0000 
vt 0.25097 0.5088 
vt 0.0000 0.0000 
vt 0.74666 0.51054 
vt 0.0000 0.0000 
vt 0.7839 0.50749 
vt 0.0000 0.0000 
vt 0.24917 0.50858 
vt 0.0000 0.0000 
vt 0.7500 0.51026 
vt 0.7500 0.51026 
vt 0.0000 0.0000 
vt 0.21748 0.50676 
vt 0.0000 0.0000 
vt 0.60649 0.50225 
vt 0.0000 0.0000 
vt 0.18003 0.50135 
vt 0.18003 0.50135 
vt 0.0000 0.0000 
vt 0.78937 0.50685 
vt 0.0000 0.0000 
vt 0.12804 0.50007 
vt 0.0000 0.0000 
vt 0.15616 0.50072 
vt 0.0000 0.0000 
vt 0.18754 0.50253 
vt 0.18754 0.50253 
vt 0.0000 0.0000 
vt 0.19986 0.50527 
vt 0.0000 0.0000 
vt 0.1250 0.5000 
vt 0.3750 0.2500 
vt 0.0000 0.0000 
vt 0.20253 0.50577 
vt 0.0000 0.0000 
vt 0.20225 0.50575 
vt 0.0000 0.0000 
vt 0.81247 0.50238 
vt 0.81247 0.50238 
vt 0.0000 0.0000 
vt 0.82726 0.50117 
vt 0.0000 0.0000 
vt 0.8256 0.50121 
vt 0.8256 0.50121 
vt 0.0000 0.0000 
vt 0.81631 0.50203 
vt 0.0000 0.0000 
vt 0.17912 0.50133 
vt 0.17912 0.50133 
vt 0.0000 0.0000 
vt 0.8571 0.50044 
vt 0.0000 0.0000 
vt 0.1250 0.5000 
vt 0.3750 0.2500 
vt 0.0000 0.0000 
vt 0.12793 0.50007 
vt 0.0000 0.0000 
vt 0.85812 0.50041 
vt 0.0000 0.0000 
vt 0.6250 0.2500 
vt 0.8750 0.5000 
vt 0.0000 0.0000 
vt 0.60581 0.50209 
vt 0.60581 0.50209 
vt 0.0000 0.0000 
vt 0.6250 0.2500 
vt 0.8750 0.5000 
vt 0.0000 0.0000 
vt 0.85813 0.50041 
vt 0.0000 0.0000 
vt 0.41398 0.25286 
vt 0.0000 0.0000 
vt 0.4663 0.25697 
vt 0.0000 0.0000 
vt 0.8571 0.50044 
vt 0.0000 0.0000 
vt 0.84633 0.5007 
vt 0.0000 0.0000 
vt 0.5000 0.26124 
vt 0.0000 0.0000 
vt 0.50194 0.2611 
vt 0.0000 0.0000 
vt 0.56371 0.25591 
vt 0.0000 0.0000 
vt 0.56297 0.25594 
vt 0.0000 0.0000 
vt 0.5000 0.26115 
vt 0.0000 0.0000 
vt 0.4662 0.25695 
vt 0.0000 0.0000 
vt 0.4143 0.25289 
vt 0.0000 0.0000 
vt 0.43819 0.25477 
vt 0.0000 0.0000 
vt 0.0000 0.0000 
vt 0.0000 0.0000 
vt 0.0000 0.0000 
vt 0.7500 0.7500 
vt 0.7500 0.6250 
vt 0.7500 0.3750 
vt 0.7500 0.1250 
vt 0.6875 0.8750 
vt 0.6875 0.7500 
vt 0.6875 0.6250 
vt 0.6875 0.5000 
vt 0.6875 0.3750 
vt 0.6875 0.2500 
vt 0.6875 0.1250 
vt 0.6250 0.8750 
vt 0.6250 0.7500 
vt 0.6250 0.6250 
vt 0.6250 0.5000 
vt 0.6250 0.3750 
vt 0.6250 0.2500 
vt 0.6250 0.1250 
vt 0.5625 0.8750 
vt 0.5625 0.7500 
vt 0.5625 0.6250 
vt 0.5625 0.5000 
vt 0.5625 0.3750 
vt 0.5625 0.2500 
vt 0.5625 0.1250 
vt 0.5000 0.8750 
vt 0.5000 0.7500 
vt 0.5000 0.6250 
vt 0.5000 0.5000 
vt 0.5000 0.3750 
vt 0.5000 0.2500 
vt 0.5000 0.1250 
vt 0.4375 0.8750 
vt 0.4375 0.7500 
vt 0.4375 0.6250 
vt 0.4375 0.5000 
vt 0.4375 0.3750 
vt 0.4375 0.2500 
vt 0.4375 0.1250 
vt 0.3750 0.8750 
vt 0.3750 0.7500 
vt 0.3750 0.6250 
vt 0.3750 0.5000 
vt 0.3750 0.3750 
vt 0.3750 0.2500 
vt 0.3750 0.1250 
vt 0.3125 0.8750 
vt 0.3125 0.7500 
vt 0.3125 0.6250 
vt 0.3125 0.5000 
vt 0.3125 0.3750 
vt 0.3125 0.2500 
vt 0.3125 0.1250 
vt 0.03125 1.0000 
vt 0.09375 1.0000 
vt 0.15625 1.0000 
vt 0.21875 1.0000 
vt 0.28125 1.0000 
vt 0.34375 1.0000 
vt 0.40625 1.0000 
vt 0.46875 1.0000 
vt 0.53125 1.0000 
vt 0.59375 1.0000 
vt 0.65625 1.0000 
vt 0.71875 1.0000 
vt 0.78125 1.0000 
vt 0.84375 1.0000 
vt 0.90625 1.0000 
vt 0.96875 1.0000 
vt 0.2500 0.8750 
vt 0.2500 0.7500 
vt 0.2500 0.6250 
vt 0.2500 0.5000 
vt 0.2500 0.3750 
vt 0.2500 0.2500 
vt 0.2500 0.1250 
vt 0.1875 0.8750 
vt 0.1875 0.7500 
vt 0.1875 0.6250 
vt 0.1875 0.5000 
vt 0.1875 0.3750 
vt 0.1875 0.2500 
vt 0.1875 0.1250 
vt 0.1250 0.8750 
vt 0.1250 0.7500 
vt 0.1250 0.6250 
vt 0.1250 0.5000 
vt 0.1250 0.3750 
vt 0.1250 0.2500 
vt 0.1250 0.1250 
vt 0.03125 0.0000 
vt 0.09375 0.0000 
vt 0.15625 0.0000 
vt 0.21875 0.0000 
vt 0.28125 0.0000 
vt 0.34375 0.0000 
vt 0.40625 0.0000 
vt 0.46875 0.0000 
vt 0.53125 0.0000 
vt 0.59375 0.0000 
vt 0.65625 0.0000 
vt 0.71875 0.0000 
vt 0.78125 0.0000 
vt 0.84375 0.0000 
vt 0.90625 0.0000 
vt 0.96875 0.0000 
vt 0.0625 0.8750 
vt 0.0625 0.7500 
vt 0.0625 0.6250 
vt 0.0625 0.5000 
vt 0.0625 0.3750 
vt 0.0625 0.2500 
vt 0.0625 0.1250 
vt 0.0000 0.8750 
vt 1.0000 0.8750 
vt 0.0000 0.7500 
vt 1.0000 0.7500 
vt 0.0000 0.6250 
vt 1.0000 0.6250 
vt 0.0000 0.5000 
vt 1.0000 0.5000 
vt 0.0000 0.3750 
vt 1.0000 0.3750 
vt 0.0000 0.2500 
vt 1.0000 0.2500 
vt 0.0000 0.1250 
vt 1.0000 0.1250 
vt 0.9375 0.8750 
vt 0.9375 0.7500 
vt 0.9375 0.6250 
vt 0.9375 0.5000 
vt 0.9375 0.3750 
vt 0.9375 0.2500 
vt 0.9375 0.1250 
vt 0.8750 0.8750 
vt 0.8750 0.7500 
vt 0.8750 0.6250 
vt 0.8750 0.5000 
vt 0.8750 0.3750 
vt 0.8750 0.2500 
vt 0.8750 0.1250 
vt 0.8125 0.8750 
vt 0.8125 0.7500 
vt 0.8125 0.6250 
vt 0.8125 0.5000 
vt 0.8125 0.3750 
vt 0.8125 0.2500 
vt 0.8125 0.1250 
vt 0.7500 0.8750 
vt 0.7500 0.5000 
vt 0.7500 0.2500 

# Vertex Surface Normals:
vn 79.54588 -59.8969 -9.20954
vn -81.3013 -55.72089 -16.89029
vn -81.17178 56.50125 -14.7903
vn 80.32907 58.21934 -12.55983
vn 69.03887 -71.81886 8.69983
vn -80.22834 -56.97885 17.79961
vn -80.63216 56.59152 17.20048
vn 70.42075 69.96074 12.10015
vn 44.00042 41.87044 -79.44073
vn -56.5685 38.9790 -72.66804
vn -78.61034 12.51004 60.53027
vn 80.01722 13.05953 58.53796
vn 43.90003 -41.73001 -79.57006
vn -56.5707 -38.97046 -72.67091
vn -78.60177 -12.5103 60.54135
vn 80.01308 -13.11053 58.53224
vn 48.64918 -0.03997 -87.36852
vn -33.7617 7.04039 -93.86471
vn -41.10845 13.41946 90.1666
vn 51.50874 -1.64999 85.6979
vn 49.82072 0.89004 -86.70124
vn -33.85946 -7.92984 -93.7585
vn -42.78135 -12.68044 89.49281
vn 47.28974 -1.98002 88.0895
vn 78.57883 7.92991 -61.33908
vn -86.64067 3.51005 -49.81038
vn 70.10848 70.22849 -12.35971
vn -69.99316 70.3132 -12.53054
vn -70.11935 -70.21935 -12.34991
vn 70.12021 -70.22021 -12.34006
vn -69.98662 -70.20661 -13.14939
vn 70.04035 -70.16036 -13.11009
vn 70.06312 70.14314 -13.08056
vn -70.08005 70.13007 -13.05998
vn 59.93136 42.14099 -68.06152
vn 56.84874 -53.42881 -62.55863
vn 59.78058 -48.6805 63.69059
vn 65.49048 47.84034 58.50043
vn 56.96999 53.38002 -62.48996
vn 59.81068 -42.20047 -68.13079
vn 65.50955 -47.83971 58.47958
vn 59.81038 48.67029 63.67041
vn -45.57943 -77.78903 -43.25948
vn -41.47128 64.76203 -63.92193
vn -45.60162 -78.32278 -42.26152
vn -41.69777 65.57652 -62.9366
vn 74.95917 15.45985 -64.35927
vn -73.06104 5.0701 -68.09097
vn -62.12215 8.30026 77.92268
vn 65.2509 10.40012 75.06103
vn 76.20767 10.39971 -63.90804
vn -67.99007 11.89004 -72.36005
vn -66.36926 8.55988 74.30915
vn 77.43148 7.93013 62.7812
vn 78.22119 -12.32017 -61.07093
vn -70.08231 -0.40999 -71.33234
vn -63.43199 -5.3402 77.12241
vn 74.47998 -3.03003 66.65997
vn 62.19659 6.10969 -78.06572
vn -60.05085 6.07012 -79.73112
vn -59.40201 2.28005 80.4127
vn 70.24918 -0.05003 71.16916
vn 74.92091 -15.72017 -64.34077
vn -73.03877 -5.14989 -68.10885
vn -62.02745 -8.67967 77.95679
vn 65.94823 -10.75974 74.39798
vn 76.08186 -10.62024 -64.02156
vn -68.18059 -12.13008 -72.14063
vn -66.17778 -8.91973 74.43749
vn 77.64346 -8.3604 62.46276
vn 78.29311 12.0005 -61.04242
vn -70.33971 0.00003 -71.0797
vn -63.33862 4.73987 77.2383
vn 74.63184 2.76004 66.50165
vn 62.25771 -6.47974 -77.98712
vn -60.29195 -6.65018 -79.50256
vn -59.15707 -2.81989 80.57599
vn 70.23904 -0.17003 71.17899
vn 70.40289 69.69288 -13.65053
vn -69.06001 70.63004 -15.55998
vn -67.44021 -73.78025 -2.88004
vn 69.13226 -72.25239 -0.57005
vn -69.53883 -69.97883 -16.34975
vn 72.87109 -67.60102 -10.95019
vn 71.62907 69.77911 0.39002
vn -68.29655 72.90634 -4.49974
vn 31.53972 90.03922 29.96976
vn -74.02762 67.12785 3.70991
vn -74.02032 -67.1303 3.80999
vn 35.78933 -89.09834 27.93944
vn 70.48962 70.87963 -2.69996
vn -70.48566 70.90565 -2.03985
vn -70.48567 -70.90565 -2.0399
vn 70.48962 -70.87964 -2.70001
vn 70.67971 70.68973 -2.70996
vn -70.66175 70.70176 -2.86004
vn -70.68114 -70.68115 -2.89007
vn 70.68073 -70.68075 -2.91006
vn -70.66113 -70.70115 -2.89007
vn 70.67913 -70.68915 -2.73999
vn 70.68032 70.68033 -2.92999
vn -70.68053 70.68053 -2.91999
vn -70.48092 -70.91093 -2.02005
vn 70.49984 -70.86987 -2.69002
vn 70.49985 70.86986 -2.68997
vn -70.48092 70.91094 -2.0200
vn -74.05911 -67.0892 3.77993
vn 32.28071 -89.89202 29.62062
vn 36.2709 89.01222 27.59072
vn -74.06639 67.08674 3.67985
vn -5.40985 78.59786 -61.58825
vn -4.96015 -70.16212 -71.08217
vn 19.73005 -58.7502 78.48019
vn 19.13932 64.0677 74.35736
vn -5.31007 81.50112 -57.70073
vn -6.23021 -68.45228 -72.63245
vn 21.12059 -64.12183 73.77203
vn 21.98053 58.60139 77.99189
vn 59.66797 -67.64771 -43.16855
vn 39.46951 -68.21914 -61.54924
vn 34.68848 -57.98745 -73.7168
vn 15.62979 -33.76953 -92.81879
vn 13.36068 -29.71148 -94.54481
vn -16.24947 -31.73894 -93.42695
vn -64.36936 1.17996 76.51923
vn -87.18996 9.44002 -48.04996
vn -58.54865 -0.12997 -81.06812
vn -45.96096 -56.79117 -68.28144
vn -46.96076 -64.82104 -59.94098
vn -61.94062 -64.82064 -44.29046
vn -32.42083 -90.93234 -26.0807
vn -0.0100 -97.78288 -20.94065
vn 30.57978 -92.28935 -23.39986
vn -87.06525 -35.62214 -33.92205
vn -96.76303 -25.22079 0.91002
vn -93.91418 -14.22064 31.27139
vn -92.75677 -16.07945 33.72881
vn -97.44579 -16.55929 15.16934
vn -96.41046 -26.46013 -2.21002
vn -74.27017 -18.24007 64.43013
vn -72.3993 -0.44002 68.97933
vn -74.24955 18.21987 64.4596
vn -92.75677 16.07943 33.72883
vn -97.44579 16.55928 15.16935
vn -96.36809 26.65948 -1.56996
vn 25.33037 -12.16021 95.97136
vn 5.1700 -20.21003 97.79994
vn -19.09963 -18.50968 96.39812
vn -97.86786 19.84957 5.27989
vn -99.54966 -0.9700 9.42997
vn -97.79365 -20.67077 3.02011
vn -31.95952 91.34866 -25.17959
vn 0.15999 97.76592 -21.01908
vn 31.70948 91.55851 -24.72955
vn 95.95687 24.3092 14.18954
vn 96.87236 1.91004 24.7406
vn 95.64025 -22.92007 18.10003
vn -97.7594 -0.03999 -21.04987
vn -98.88153 -14.76023 2.14003
vn -93.78075 -31.44026 14.72011
vn 96.64442 25.67118 0.92005
vn 97.46638 12.81952 18.32932
vn 93.6289 11.99985 33.00961
vn 80.10745 15.81947 57.72816
vn 83.67582 -0.02002 54.75725
vn 80.10745 -15.81952 57.72815
vn 69.63927 16.76985 -69.77926
vn 71.55169 9.85021 69.16162
vn 93.6289 -11.99987 33.0096
vn 97.46638 -12.81953 18.32931
vn 96.50352 -26.13096 2.06006
vn 93.62601 -14.84097 31.84203
vn 96.74733 -25.26931 1.18996
vn 86.52731 -36.40887 -34.45894
vn 43.87037 -15.87017 88.45072
vn -1.08997 -15.48958 98.78708
vn -43.26941 -13.08985 89.19875
vn -94.87165 29.01051 12.56023
vn -99.30277 11.78033 0.43002
vn -97.62275 0.43002 -21.6706
vn 43.86258 15.8109 88.4652
vn -1.08002 15.46025 98.79179
vn -43.29933 13.05977 89.18863
vn -18.18081 19.03081 96.47429
vn 4.3202 18.89082 98.10441
vn 26.50116 9.81039 95.92416
vn -16.29909 31.80825 -93.39474
vn 13.24978 29.93956 -94.48845
vn 15.65987 34.10977 -92.68923
vn 35.04188 58.08315 -73.47392
vn 39.84058 68.10102 -61.44086
vn 60.00177 67.0920 -43.57125
vn -58.39059 -2.58999 -81.14081
vn -91.83668 -16.60939 -35.9187
vn -64.6123 -0.31004 76.32271
vn -61.86571 65.14552 -43.91693
vn -47.00816 64.8175 -59.90763
vn -45.99195 56.81243 -68.24285
vn -93.91418 14.22062 31.2714
vn -96.76303 25.22079 0.91004
vn -87.06525 35.62217 -33.92203
vn 86.52731 36.40889 -34.45892
vn 96.75011 25.26004 1.16001
vn 93.66171 14.79026 31.76058
vn -97.04068 -19.56014 14.16009
vn -99.26564 -4.80979 11.09951
vn -98.06863 13.91981 13.73981
vn -4.31014 -96.11308 -27.2709
vn -3.59994 -99.92845 -1.16002
vn 4.54979 -98.18557 18.40913
vn 87.05935 48.94965 -4.95995
vn 92.05841 29.3195 -25.79954
vn 88.70012 11.03003 -44.84005
vn -65.54143 -46.6710 -59.38131
vn -72.05273 -6.55022 -69.0326
vn -61.73017 31.73012 -71.99018
vn -0.2400 -71.93958 -69.45963
vn -9.16985 -77.19868 -62.89895
vn -26.55034 -80.29102 -53.37071
vn 88.88818 0.6500 -45.80906
vn 92.56316 -24.19082 -29.1010
vn 86.34843 -49.5291 -9.52984
vn -1.19995 -28.99862 -95.69556
vn -7.26988 1.19002 -99.7283
vn -23.18073 31.27102 -92.11286
vn -2.85002 39.18037 -91.96074
vn -2.65008 4.73018 -99.85291
vn -4.37983 -26.56896 -96.30632
vn 92.86267 -34.87101 12.67035
vn 98.58408 7.71031 14.89062
vn 89.71368 42.13173 13.28056
vn -21.65966 71.13892 -66.85892
vn -10.13975 74.75822 -65.63837
vn -5.01996 76.98941 -63.61944
vn 4.16007 -99.78165 5.13005
vn -7.06977 -99.4667 -7.50979
vn -23.17945 -94.41775 -23.40947
vn 14.32015 -98.83108 5.23002
vn -9.75023 -99.49239 2.49002
vn -40.69021 -91.28049 3.48998
vn -76.62005 -64.25005 1.13998
vn -74.52884 -65.68898 -11.41984
vn -63.36858 -71.7784 -28.84937
vn -2.67013 -71.97356 -69.37347
vn -10.04005 -77.91037 -61.88032
vn -26.69164 -81.01497 -52.19323
vn -76.67863 64.18887 0.42002
vn -74.69933 65.03944 -13.77985
vn -62.82856 68.59845 -36.69913
vn -2.38991 -28.88889 -95.70642
vn -7.64979 1.3900 -99.6973
vn -23.6092 32.18895 -91.68685
vn -40.7116 91.2736 3.42017
vn -9.75037 99.49385 2.43013
vn 13.36985 98.94892 5.50997
vn 1.40002 99.87154 4.87011
vn -8.39986 99.22839 -9.11981
vn -24.5203 91.99117 -30.60034
vn -2.0400 98.29013 18.30005
vn -9.16978 99.55759 -2.04991
vn -8.23039 96.21455 -25.98118
vn -4.90991 95.62823 -28.82942
vn 0.91999 99.93931 3.36001
vn 9.79037 91.44342 39.2715
vn 23.99963 29.39952 92.51858
vn 25.08013 1.60997 96.79048
vn 24.27952 -25.63953 93.55811
vn -2.64998 42.79967 -90.33918
vn -2.5601 7.91034 -99.65378
vn -4.69994 -24.13967 -96.92879
vn 9.51019 -87.82184 46.87092
vn -1.65999 -99.60963 8.66993
vn -7.88974 -95.4769 -28.6691
vn 29.98889 -56.45795 76.89712
vn 35.42972 -58.87957 72.64938
vn 36.95993 -70.7299 60.25984
vn 27.18873 60.17716 75.0965
vn 30.73056 61.6611 72.48133
vn 30.40038 72.73089 61.53078
vn 19.99066 5.74023 -97.81322
vn -1.41003 14.91036 -98.87211
vn -13.65934 17.15921 -97.56529
vn 77.53148 41.52078 47.59092
vn 88.72881 -0.45001 46.11937
vn 79.53901 -41.13951 44.50942
vn -21.6201 72.24039 -65.68027
vn -8.89001 76.3801 -63.93002
vn -2.90989 79.45693 -60.6476
vn -65.91022 -47.31014 -58.4602
vn -72.70872 -6.67986 -68.32879
vn -62.28136 32.27074 -71.27154
vn -7.66016 -95.09198 -29.98065
vn -8.67008 -99.56089 -3.53007
vn -1.43001 -98.41069 17.70008
vn 1.87997 -99.84858 5.16989
vn -7.57036 -99.44471 -7.31038
vn -23.11021 -94.59089 -22.77024
vn 13.43999 -98.93997 5.49996
vn -9.84037 -99.48376 2.48006
vn -40.77195 -91.24438 3.48013
vn -76.62039 -64.25034 1.09998
vn -74.41988 -65.8399 -11.2600
vn -63.23969 -72.12965 -28.24989
vn 69.73934 -61.17945 37.32962
vn 73.69707 -67.57734 1.42992
vn 68.30123 -64.08116 -35.05065
vn -76.67873 64.18896 0.39002
vn -74.58012 65.22012 -13.56999
vn -62.75217 69.05243 -35.97122
vn 71.23003 23.48999 66.14003
vn 71.87344 -1.87012 69.50332
vn 67.79144 -26.50059 68.57143
vn -40.78975 91.23946 3.40001
vn -9.83951 99.48508 2.42992
vn 14.28015 98.84106 5.15009
vn 3.9101 99.81247 4.71015
vn -7.79965 99.29556 -8.91956
vn -24.41996 92.28987 -29.76991
vn 4.74023 98.1347 18.63092
vn -4.16998 99.90958 0.83003
vn -5.85968 97.47469 -21.54878
vn -6.76034 97.14495 -22.74112
vn -0.26001 99.31281 11.70037
vn 11.19031 87.1524 47.74134
vn 27.03076 25.74069 92.7726
vn 27.9509 -1.47008 96.00306
vn 26.67054 -29.25063 91.83183
vn 72.77613 53.27719 -43.18768
vn 79.90884 59.56915 -8.12986
vn 76.58052 57.29038 29.21022
vn 10.31028 -91.9425 37.95098
vn -0.0600 -99.99788 0.64995
vn -7.01037 -93.88488 -33.71178
vn 30.02859 -60.01722 74.13648
vn 33.54053 -61.56103 71.3111
vn 32.25912 -72.73808 60.56833
vn 33.03881 56.14796 75.86728
vn 38.48942 58.6091 71.29894
vn 38.92948 70.61904 59.13923
vn 74.17937 -10.90994 66.16943
vn 69.54988 -14.80995 -70.30988
vn 80.05322 41.07164 43.64176
vn 89.20045 0.46998 45.20022
vn 78.21806 -41.27901 46.66883
vn -14.89054 -17.6706 -97.2935
vn -0.93999 -14.49978 -98.93875
vn 22.01104 -5.09021 -97.4146
vn 64.41099 -31.02046 -69.92107
vn 67.5402 -6.35999 -73.47021
vn 65.90234 18.7307 -72.84258
vn 68.3918 64.01171 -35.00089
vn 73.73992 67.52994 1.46002
vn 69.7598 61.14983 37.33991
vn 67.81694 26.49878 68.54691
vn 71.89793 1.86992 69.47799
vn 71.25401 -23.49135 66.11371
vn 76.5806 -57.30048 29.1902
vn 79.86731 -59.6180 -8.17975
vn 72.69089 -53.35065 -43.24054
vn 65.84191 -18.75052 -72.89212
vn 67.54105 6.34013 -73.47115
vn 64.46024 31.01015 -69.88025
vn -94.46151 -32.69053 2.89003
vn -99.97401 0.0100 2.28009
vn -94.45723 32.70905 2.81993
vn -94.46649 -32.67879 2.85988
vn -99.97469 0.0100 2.25011
vn -94.4642 32.69146 2.79014
vn 66.75175 -72.12191 18.51045
vn 67.88005 -70.69007 19.87999
vn 71.78425 -68.68408 11.38065
vn -78.3812 -61.92095 -4.71009
vn -79.20076 -60.92059 3.99002
vn -80.40349 -58.23254 12.0105
vn -39.02144 -90.45338 17.1906
vn -0.61997 -98.69527 16.08918
vn 32.97037 -93.35109 14.09012
vn -78.1509 62.38074 -1.03999
vn -78.90898 60.97923 7.40993
vn -80.18549 58.17673 13.62925
vn 73.00405 68.04379 6.36038
vn 69.10056 70.39058 16.44016
vn 67.91179 71.20188 17.84049
vn 35.26849 92.00607 17.0593
vn -0.1000 98.37026 17.98008
vn -38.14981 90.65956 18.03994
vn 71.9236 4.61026 -69.32346
vn 65.38006 6.58003 -75.38006
vn 55.64011 22.56008 -79.97014
vn -67.26064 20.58023 -71.08066
vn -72.16093 10.81017 -68.38086
vn -73.42989 5.37002 -67.66989
vn -36.61952 6.60995 -92.81876
vn 3.02009 9.0603 -99.54291
vn 41.72897 12.46973 -90.01777
vn -73.85071 5.96004 67.16064
vn -67.80229 7.48023 73.12247
vn -63.71014 8.10999 76.65015
vn -90.01038 7.19002 42.97018
vn -99.81076 5.15004 3.36003
vn -94.4227 4.35014 -32.64093
vn 72.89738 10.66959 67.61756
vn 67.17966 10.67992 73.29962
vn 64.70602 8.34946 75.78534
vn 36.90944 7.94984 92.59857
vn 6.41991 7.26986 99.52856
vn -26.93909 7.7997 95.98672
vn 93.91187 16.55034 -30.11059
vn 98.46552 15.91927 7.14968
vn 88.18115 13.62016 45.15059
vn 77.15562 15.58914 -61.67649
vn 77.82088 18.51023 -60.01067
vn 76.43594 21.61888 -60.74676
vn -71.64423 10.34064 -68.99404
vn -69.94182 15.22043 -69.8318
vn -68.35994 16.57001 -71.07991
vn -30.66945 12.17982 -94.39829
vn 10.3196 11.77958 -98.76613
vn 47.77025 11.16009 -87.14043
vn -62.25172 9.74024 77.65213
vn -63.51003 10.96998 76.46004
vn -65.07005 10.66998 75.18005
vn -90.60484 8.94046 41.36221
vn -99.50847 9.54986 2.61996
vn -92.2534 10.69041 -37.08135
vn 68.80184 13.97035 71.21191
vn 73.14761 13.78952 66.77782
vn 76.02853 11.06976 64.00877
vn 48.44841 7.84971 87.12711
vn 10.07981 7.87982 99.17815
vn -30.5896 8.12986 94.85875
vn 93.52214 9.49023 -34.11078
vn 99.62093 8.65008 -0.92001
vn 94.30672 8.1397 32.24887
vn 78.3036 -9.66043 -61.44283
vn 77.66187 -4.70009 -62.82151
vn 76.56842 1.71999 -64.29867
vn -69.04365 1.92013 -72.31381
vn -70.0967 -4.50976 -71.17664
vn -70.44191 -4.40009 -70.84191
vn -37.78873 -1.23992 -92.57687
vn 2.39991 -5.18978 -99.8364
vn 45.27811 -10.02955 -88.59628
vn -67.23988 3.41997 73.93987
vn -67.36146 -3.97011 73.80158
vn -66.15964 -9.27998 74.40958
vn -91.23161 -7.03014 40.3407
vn -99.8213 -5.54007 -2.24003
vn -91.45716 -2.43991 -40.36874
vn 78.24286 3.19009 62.19226
vn 78.72929 -3.1100 61.57944
vn 77.71963 -5.3300 62.69969
vn 47.2902 -0.45004 88.11037
vn 13.70941 -0.16003 99.05569
vn -24.56063 -2.18009 96.91246
vn 94.87804 -11.66975 -29.35939
vn 99.46884 -9.77989 3.20996
vn 92.62939 -6.69997 37.07975
vn 67.81944 2.6800 -73.43938
vn 73.37175 -1.80002 -67.92162
vn 77.06937 -8.20991 -63.18948
vn -68.93148 1.89007 -72.42154
vn -66.3381 2.12997 -74.79785
vn -62.91728 3.93986 -77.62663
vn -31.82055 7.91017 -94.4716
vn -4.0000 9.26004 -99.48997
vn 26.02896 9.06967 -96.12614
vn -60.90941 0.29997 79.30923
vn -60.03916 -1.37001 79.95888
vn -59.60999 -0.41003 80.28999
vn -90.31852 2.54994 42.8493
vn -99.7800 3.30001 -5.7500
vn -86.38741 4.50989 -50.16848
vn 71.86151 -1.14005 69.53145
vn 71.78131 -0.57004 69.62126
vn 71.78652 0.46995 69.61663
vn 44.88988 1.81996 89.33974
vn 13.90019 2.34999 99.00134
vn -21.11012 2.24998 97.72053
vn 94.40302 0.99004 -32.97105
vn 98.60245 -2.44007 16.48041
vn 88.16969 -2.21001 47.12983
vn 54.22224 12.40054 -83.10341
vn 55.77726 13.54937 -81.88597
vn 58.0306 8.82012 -80.96083
vn -57.9892 5.41996 -81.28886
vn -54.31961 4.5100 -83.83938
vn -45.91955 4.69999 -88.70911
vn -59.90791 2.87987 80.01719
vn -57.92004 5.53998 81.33005
vn -51.72094 8.71013 85.14153
vn 67.24875 -2.49998 73.96862
vn 64.30191 -0.65005 76.58226
vn 60.6102 1.15997 79.53024
vn 55.63884 -22.56951 -79.96835
vn 65.38006 -6.57998 -75.38006
vn 71.93241 -4.64013 -69.31232
vn 41.72153 -12.74044 -89.98331
vn 3.12004 -9.2601 -99.52144
vn -36.57854 -6.7297 -92.82631
vn -73.42989 -5.36997 -67.66989
vn -72.15599 -10.80937 -68.3862
vn -67.25925 -20.58975 -71.07922
vn -94.42064 -4.40002 -32.64022
vn -99.80781 -5.21989 3.33992
vn -90.04866 -7.36991 42.85936
vn -63.77841 -7.96983 76.60808
vn -67.79004 -7.32003 73.15003
vn -73.79819 -5.95988 67.21835
vn -26.71876 -8.30965 96.00552
vn 6.50996 -7.83999 99.47942
vn 37.47048 -8.53015 92.32118
vn 65.76011 -8.46005 74.86012
vn 68.00945 -10.54994 72.54939
vn 73.12769 -10.60969 67.37786
vn 88.26057 -13.80011 44.94028
vn 98.41367 -16.16061 7.32026
vn 93.89852 -16.78973 -30.01953
vn 76.3687 -21.70961 -60.79896
vn 77.78294 -18.24067 -60.14227
vn 77.10928 -15.44984 -61.76942
vn 47.36905 -11.39974 -87.32824
vn 9.84988 -11.98982 -98.7888
vn -31.26852 -12.37938 -94.17554
vn -68.42409 -16.50096 -71.03424
vn -69.91949 -15.14987 -69.8695
vn -71.59115 -10.46014 -69.0311
vn -92.22826 -10.97978 -37.0593
vn -99.47974 -9.75998 2.91999
vn -90.40311 -9.17033 41.75143
vn -65.11704 -10.75954 75.12657
vn -63.66308 -10.68054 76.37368
vn -62.23091 -9.88017 77.65112
vn -30.36939 -8.59986 94.88807
vn 10.64021 -8.3402 99.08193
vn 49.02707 -8.25954 86.76479
vn 76.28323 -11.1405 63.69268
vn 73.51208 -13.47041 66.44186
vn 69.21977 -13.94999 70.80975
vn 94.32418 -8.59948 32.07801
vn 99.58269 -9.04025 -1.25004
vn 93.45698 -9.73968 -34.21889
vn 76.46209 -1.84003 -64.42176
vn 77.66417 5.1503 -62.78337
vn 78.40965 10.01998 -61.24971
vn 44.89997 9.47003 -88.84995
vn 2.08003 4.62011 -99.87157
vn -38.40848 0.8000 -92.32632
vn -70.54932 4.48999 -70.72931
vn -70.16869 5.05993 -71.06866
vn -69.23935 -1.80995 -72.12931
vn -91.44875 2.04999 -40.40945
vn -99.84231 5.21012 -2.09004
vn -91.18773 6.61982 40.50899
vn -66.03088 9.5401 74.4910
vn -67.16389 4.61024 73.94428
vn -67.0105 -3.36005 74.15055
vn -24.36104 1.60003 96.97412
vn 14.33947 -0.23003 98.96629
vn 47.93975 0.20997 87.75953
vn 77.80125 5.53007 62.58101
vn 78.88032 3.57999 61.36024
vn 78.49079 -3.35006 61.87061
vn 92.67763 6.35982 37.01905
vn 99.51185 9.46017 2.81005
vn 94.94476 11.42058 -29.24146
vn 77.06139 7.96017 -63.23114
vn 73.41917 2.1800 -67.85922
vn 67.99963 -2.47996 -73.27959
vn 25.87947 -9.56977 -96.11802
vn -4.27986 -9.79963 -99.42662
vn -32.0391 -8.48973 -94.34734
vn -63.18833 -4.45985 -77.37794
vn -66.56216 -1.57002 -74.61242
vn -69.15647 -1.4799 -72.2163
vn -86.4679 -4.83986 -49.99878
vn -99.77014 -3.4200 -5.85001
vn -90.29431 -2.75984 42.8873
vn -59.59195 0.53999 80.30261
vn -59.95977 1.80997 80.00969
vn -60.8007 -0.60004 79.39091
vn -20.93982 -2.93001 97.73915
vn 14.18983 -2.7900 98.94881
vn 45.33885 -2.04998 89.10773
vn 71.83101 -0.43003 69.57098
vn 71.9185 0.67996 69.47854
vn 72.04871 1.05995 69.33875
vn 88.00774 2.04993 47.43877
vn 98.59898 2.30997 16.51983
vn 94.41116 -1.2100 -32.9404
vn 58.16938 -8.92988 -80.84913
vn 56.26865 -13.18966 -81.60804
vn 54.74995 -12.03996 -82.80992
vn -46.43066 -4.91004 -88.43125
vn -54.79007 -3.96997 -83.56009
vn -58.26843 -5.12983 -81.10781
vn -52.27255 -9.72051 84.69411
vn -58.04093 -4.96011 81.2813
vn -59.62956 -2.75001 80.22939
vn 59.98121 -2.28008 79.98161
vn 64.36335 1.20003 76.52398
vn 67.30005 2.82997 73.91004
vn 70.09982 69.35985 -16.58993
vn 69.4675 69.67751 -17.86933
vn 69.59062 69.98064 -16.12012
vn 35.37154 92.74407 -12.14049
vn 0.31001 99.27444 -12.0205
vn -34.91185 92.90496 -12.24061
vn -69.56712 70.02712 -16.01931
vn -69.51824 69.74826 -17.38953
vn -69.60103 69.89105 -16.46022
vn -33.43857 93.21603 -13.87937
vn 0.38001 99.1335 -13.13042
vn 34.46994 92.89986 -13.46994
vn -92.74512 35.28196 -12.39067
vn -99.25054 0.00001 -12.22006
vn -92.7717 -35.25064 -12.28023
vn -69.84059 -70.2506 -13.68014
vn -69.66074 -70.93075 -10.78014
vn -68.93143 -72.19151 -6.07015
vn -90.39742 -42.1188 -7.3698
vn -99.01232 -6.96016 -12.17029
vn -93.42296 32.17104 -15.40047
vn -35.18876 -92.82672 -12.03961
vn -0.0400 -99.29546 -11.84949
vn 35.12965 -92.84907 -12.03991
vn 69.70251 -70.29253 -14.16053
vn 69.76671 -70.75667 -11.2295
vn 69.78742 -71.43738 -5.13984
vn 35.21046 -93.59125 0.94998
vn 0.16001 -99.99437 1.05001
vn -34.20882 -93.96677 -0.05003
vn 92.81334 -35.15127 -12.25045
vn 99.26015 0.2100 -12.14002
vn 92.70088 35.45034 -12.2401
vn 94.34022 31.01008 -11.76001
vn 99.44406 -7.04029 -7.83032
vn 91.38045 -40.45021 -3.66003
vn 67.48992 54.47996 -49.76992
vn 67.79806 68.85805 -25.72923
vn 69.39238 70.49244 -14.68048
vn -67.9371 70.95699 -18.69917
vn -67.06988 68.49989 -28.44992
vn -69.64001 54.79004 -46.34998
vn -48.23782 11.95949 -86.77605
vn 0.8500 15.42009 -98.80031
vn 47.2487 12.87968 -87.18758
vn -65.10281 -75.8833 -1.83011
vn -63.31311 -77.40382 0.31999
vn -68.76825 -71.88819 10.14972
vn 66.80844 -74.40829 -0.20002
vn 62.82085 -77.78107 -1.91005
vn 61.27007 -79.03011 0.46997
vn -71.95971 -46.8098 -51.2898
vn -67.83791 -66.51796 -31.19906
vn -68.45632 -70.00624 -20.31893
vn -34.11987 -92.90965 -14.26998
vn 0.41998 -99.14663 -13.02959
vn 36.25012 -92.36031 -12.47007
vn 72.46809 -67.29823 -14.80963
vn 71.09389 -63.8935 -29.38163
vn 71.10062 -41.59035 -56.7005
vn 95.06946 -30.07983 -7.54997
vn 99.8653 3.39984 -3.91981
vn 93.59011 35.20004 -1.35999
vn 69.69046 71.71049 -0.91998
vn 66.27853 74.84835 -2.20992
vn 65.6205 75.35059 4.03006
vn 35.96924 93.29805 1.30001
vn 0.26001 99.99405 1.06008
vn -33.99137 94.04382 -0.58999
vn -65.92186 75.17213 -1.86002
vn -64.28089 76.57108 2.20006
vn -68.7477 71.81761 10.76967
vn -91.7065 38.68854 -9.64962
vn -98.96067 3.45003 -13.96009
vn -92.9743 -32.89152 -16.55078
vn -70.07217 -69.54215 -15.93051
vn -70.08576 -69.50581 -16.02905
vn -69.93938 -69.75939 -15.55989
vn -34.88855 -92.81617 -12.9595
vn 0.32001 -99.18329 -12.75046
vn 35.34206 -92.65541 -12.88078
vn 69.73861 -69.75861 -16.4397
vn 70.59894 -68.98897 -16.00978
vn 72.02665 -68.17683 -12.80943
vn 92.61394 -35.42151 -12.96056
vn 99.17197 -0.2200 -12.84025
vn 92.7310 35.11039 -12.97013
vn 69.76095 70.11097 -14.76017
vn 70.49099 70.0510 -11.13013
vn 71.53001 69.77003 -3.94998
vn 35.10043 92.76115 -12.78012
vn -0.0400 99.20564 -12.5794
vn -35.15999 92.73999 -12.76996
vn -69.95987 69.99989 -14.33995
vn -70.0814 70.33142 -11.92021
vn -69.68909 71.27908 -7.91987
vn -92.72874 35.14954 -12.87981
vn -99.19026 -0.04999 -12.70003
vn -92.70171 -35.22065 -12.88025
vn 70.0507 71.36072 -0.73998
vn 68.26241 72.94258 4.43018
vn 61.20124 77.75158 14.46032
vn -71.74093 69.64091 1.84005
vn -70.71064 70.71066 -0.09997
vn -70.43874 70.96874 -1.34995
vn -35.31152 93.52404 -2.52007
vn -0.0800 99.96133 -2.7800
vn 35.20804 93.5548 -2.80981
vn -71.74093 -69.64091 1.8400
vn -70.71064 -70.71066 -0.10003
vn -70.43874 -70.96874 -1.3500
vn -93.40931 -35.66974 -1.5400
vn -99.99102 0.0000 -1.34001
vn -93.40931 35.66975 -1.53997
vn 62.28874 -77.13846 13.02971
vn 68.32675 -72.88654 4.35976
vn 70.0507 -71.36073 -0.74003
vn 35.20803 -93.5548 -2.80988
vn -0.0800 -99.96133 -2.78007
vn -35.31152 -93.52404 -2.52014
vn 93.42171 35.58065 -2.53003
vn 99.9695 -0.0000 -2.46999
vn 93.42171 -35.58066 -2.53006
vn 70.67393 70.69395 -2.75013
vn 70.65716 70.70716 -2.83986
vn 70.6109 70.75092 -2.90001
vn -70.58055 70.80058 -2.37999
vn -70.64194 70.73196 -2.59004
vn -70.66951 70.69952 -2.71995
vn -35.4100 93.48003 -2.75997
vn 0.0600 99.96461 -2.66009
vn 35.49095 93.45251 -2.65004
vn -70.58056 -70.80058 -2.38004
vn -70.64194 -70.73196 -2.5901
vn -70.66933 -70.69933 -2.7300
vn -93.45885 -35.45956 -2.83998
vn -99.96079 0.0000 -2.80002
vn -93.45552 35.46831 -2.83985
vn 70.6109 -70.75091 -2.90006
vn 70.65716 -70.70716 -2.83991
vn 70.67796 -70.68797 -2.79995
vn 35.45935 -93.45832 -2.85998
vn -0.0000 -99.96024 -2.82004
vn -35.45946 -93.45858 -2.84999
vn 93.44717 35.49893 -2.72991
vn 99.96162 0.0300 -2.77005
vn 93.4619 -35.45072 -2.85007
vn 70.44757 70.47758 -8.36968
vn 70.61278 70.61279 -5.26018
vn 70.67052 70.67052 -3.3700
vn -70.62009 70.71009 -3.58998
vn -70.5336 70.67362 -5.50025
vn -70.34805 70.54805 -8.60973
vn -70.66277 -70.66278 -3.68017
vn -70.59813 -70.59814 -5.63987
vn -70.44009 -70.4401 -8.74003
vn 70.65199 -70.6720 -3.71013
vn 70.57733 -70.61735 -5.65981
vn 70.42009 -70.46009 -8.74004
vn -70.29981 -70.50982 -9.2900
vn -70.51077 -70.66079 -5.94009
vn -70.62066 -70.70068 -3.76006
vn -35.40971 -93.47926 -2.79001
vn 0.0500 -99.96354 -2.70013
vn 35.49057 -93.45151 -2.69008
vn 70.66136 -70.67137 -3.54009
vn 70.59071 -70.60072 -5.70008
vn 70.40051 -70.44052 -9.05009
vn 93.44972 -35.48991 -2.76001
vn 99.96078 -0.0300 -2.80002
vn 93.46135 35.45052 -2.87003
vn 70.64771 70.66772 -3.86985
vn 70.5590 70.59901 -6.09989
vn 70.38123 70.41125 -9.42014
vn 35.45915 93.45778 -2.8799
vn 0.0000 99.95939 -2.84995
vn -35.45915 93.45778 -2.8799
vn -70.65825 70.65826 -3.84988
vn -70.57944 70.57945 -6.08992
vn -70.39124 70.40126 -9.42014
vn -93.45803 35.45927 -2.86993
vn -99.95995 0.0000 -2.8300
vn -93.45831 -35.45936 -2.85996
vn -70.66952 -70.69952 -2.72001
vn -70.64194 -70.73196 -2.5901
vn -70.58089 -70.80091 -2.36005
vn -35.30822 -93.5253 -2.51991
vn -0.0700 -99.96133 -2.78007
vn 35.21133 -93.55355 -2.81014
vn 70.61069 -70.75071 -2.91006
vn 70.65716 -70.70716 -2.83991
vn 70.67393 -70.69395 -2.75018
vn 93.42195 -35.58075 -2.52007
vn 99.96974 -0.0000 -2.45999
vn 93.42195 35.58075 -2.52004
vn 70.61069 70.75071 -2.9100
vn 70.65716 70.70716 -2.83986
vn 70.67796 70.68797 -2.79989
vn 35.21133 93.55355 -2.81007
vn -0.0700 99.96133 -2.7800
vn -35.30822 93.5253 -2.51984
vn -70.58089 70.80092 -2.3600
vn -70.64194 70.73196 -2.59004
vn -70.66932 70.69933 -2.72995
vn -93.40654 35.67869 -1.49993
vn -99.99155 0.0000 -1.30002
vn -93.40654 -35.67869 -1.49996
vn -70.42889 -70.9789 -1.3300
vn -70.71066 -70.71067 -0.07003
vn -71.76035 -69.62035 1.85998
vn 61.32883 -77.65854 14.41969
vn 68.26748 -72.92732 4.5998
vn 70.05112 -71.36117 -0.65004
vn 62.24353 77.15439 13.15077
vn 68.29404 72.90431 4.5703
vn 70.05113 71.36117 -0.64999
vn -71.76035 69.62036 1.86004
vn -70.71066 70.71067 -0.06997
vn -70.42889 70.9789 -1.32995
vn -1.37003 68.06139 -73.25142
vn 12.74037 60.75177 -78.40221
vn 35.38089 53.28138 -76.8719
vn 31.62016 -62.1803 -71.65038
vn 8.63038 -65.7229 -74.87334
vn -5.0701 -67.69133 -73.43147
vn 37.59189 -56.15287 73.71368
vn 20.18918 -59.07763 78.11678
vn 13.94992 -59.7297 78.97951
vn 42.59025 60.09033 67.6404
vn 23.67015 65.75041 71.53047
vn 15.70964 66.53848 72.97836
vn -3.83992 72.09856 -69.18855
vn 9.37989 66.96926 -73.66911
vn 32.05052 62.28105 -71.37112
vn 34.81877 -53.26811 -77.13729
vn 11.53952 -59.71749 -79.37671
vn -3.59985 -64.1273 -76.64679
vn 42.7607 -60.08101 67.54108
vn 24.18029 -65.77082 71.34082
vn 16.78061 -66.62248 72.66263
vn 37.80063 56.12091 73.63123
vn 20.80996 59.02987 77.98988
vn 15.24072 59.67281 78.78374
vn 92.37463 12.2406 36.29181
vn 98.76694 15.55952 1.72995
vn 91.2501 20.74004 -35.26003
vn 90.35686 9.79964 41.70855
vn 99.47598 9.28962 4.26983
vn 93.38764 9.76977 -34.39913
vn 88.59859 8.47985 45.58928
vn 99.41677 8.22973 6.96977
vn 94.38917 7.63994 -32.12971
vn -38.39161 6.83025 92.08384
vn 2.41006 10.07022 99.46248
vn 41.29943 10.89982 90.41876
vn -30.43136 8.86036 94.84422
vn 5.97013 10.46018 99.27206
vn 38.12005 11.01998 91.79012
vn -27.00147 8.55043 95.90521
vn 6.91007 8.35004 99.41091
vn 36.79851 8.13964 92.62621
vn -92.57903 -37.47961 -4.93996
vn -79.44752 -49.95843 -34.52893
vn -93.78651 -34.69871 -0.3000
vn -94.89464 -19.22095 25.01122
vn -96.77926 -23.74982 8.34993
vn -89.96216 -39.60094 -18.40045
vn -80.29214 -50.51134 -31.65086
vn -92.12062 19.77015 -33.51021
vn -98.91354 14.70053 0.08001
vn -93.99509 9.3395 32.82829
vn -93.88122 9.93015 -32.98042
vn -99.6737 8.0703 0.15001
vn -93.09354 7.05026 35.83136
vn -94.37212 4.89013 -32.71073
vn -99.87061 4.90003 1.36001
vn -91.53202 6.40013 39.76087
vn 25.87074 14.62046 -95.48272
vn 14.05012 10.30013 -98.47083
vn -24.42009 14.38009 -95.90033
vn 34.81174 0.28005 -93.74467
vn 9.78013 1.36006 -99.51131
vn -32.77988 7.71001 -94.15964
vn 38.77798 1.35996 -92.16518
vn 3.41996 2.5600 -99.90871
vn -37.1585 4.97984 -92.70625
vn 37.90959 -26.76975 88.57903
vn 40.33163 -0.66006 91.50369
vn 39.33053 24.77031 88.54119
vn 48.13134 -27.4608 83.2423
vn 53.44137 -0.16004 84.52216
vn 50.4517 26.25086 82.25277
vn 58.22073 -35.63048 73.08089
vn 70.33963 0.15997 71.07962
vn 61.70718 34.61839 70.66678
vn -92.83667 -15.88944 33.59879
vn -94.2216 -0.00001 33.50057
vn -92.83667 15.88942 33.5988
vn -98.14642 -12.13956 14.82945
vn -99.08449 -0.0000 13.50061
vn -98.14642 12.13955 14.82946
vn -98.68954 -13.58994 8.69995
vn -99.15376 -0.20001 12.98049
vn -98.64173 13.47024 9.40017
vn 92.09578 33.95213 19.12121
vn 96.2391 3.79995 26.89974
vn 92.43812 -30.04941 23.49951
vn 89.31053 39.41024 21.69014
vn 96.31151 5.55008 26.33041
vn 90.73768 -33.45916 25.43933
vn 88.45969 42.27984 19.67994
vn 97.17632 6.94973 22.54914
vn 90.96667 -35.40872 21.70919
vn -36.1781 93.22514 0.47001
vn -0.0200 99.94082 3.44006
vn 34.84925 93.71801 1.5700
vn -38.7094 91.29861 12.88984
vn -0.0800 98.94307 14.50048
vn 35.58128 92.33333 14.44055
vn -39.52782 90.12505 17.74905
vn -0.1400 98.23386 18.71077
vn 35.68198 91.62508 18.21104
vn 92.66959 -37.27984 -4.74999
vn 95.14884 -18.27979 24.74969
vn 93.84913 -34.52969 -0.20001
vn 79.45148 -49.95094 -34.53066
vn 80.34286 -50.4618 -31.60114
vn 90.21284 -39.49125 -17.38056
vn 96.97449 -22.64873 9.10947
vn -20.7602 -97.77094 -3.14006
vn 3.01005 -99.95174 0.76998
vn -15.34977 -98.7985 1.79994
vn -45.57248 -88.96484 2.90012
vn -44.78999 -89.12998 -7.05003
vn -34.15169 -92.19456 -18.27093
vn -10.6399 -99.1491 -7.49997
vn -5.08993 -98.9387 -13.60985
vn -1.71005 -94.75297 -31.92103
vn -3.22984 -99.63515 -7.89965
vn -2.26008 -99.87359 4.49012
vn -6.87976 -99.38651 -8.65973
vn -14.89994 -94.83965 -27.98992
vn -6.43026 -94.1538 -33.07137
vn -96.7364 -25.19907 -2.65991
vn -99.97455 -2.2201 -0.40002
vn -97.35835 22.82962 0.4000
vn -96.71809 -25.28951 -2.45996
vn -99.87169 -3.50006 -3.66006
vn -97.73555 21.15904 0.2400
vn -97.2810 -22.75024 4.34004
vn -99.89408 -4.45018 1.17005
vn -98.28479 17.52908 5.7297
vn 33.1592 -94.27773 3.48988
vn -0.56002 -99.94397 3.30009
vn -37.06901 -92.86752 -1.2300
vn 33.72893 -92.86707 15.42947
vn -0.62001 -99.03149 13.87017
vn -39.91774 -91.03486 10.91935
vn 33.5801 -92.6003 17.25002
vn -0.58999 -98.47817 17.36964
vn -40.64206 -89.88457 16.4008
vn -95.0972 -30.91909 -0.72999
vn -99.98719 0.0500 -1.59995
vn -95.08192 30.95063 -1.22001
vn -93.5468 -32.59888 -13.64954
vn -98.92365 -0.2400 -14.63054
vn -93.52042 31.93016 -15.31005
vn -85.1016 -39.05072 -35.11067
vn -92.18018 -1.88999 -38.72007
vn -84.13188 35.27081 -40.9609
vn -95.10322 -30.90105 -0.71003
vn -99.9875 0.0500 -1.57996
vn -95.08899 30.92968 -1.19997
vn -93.56573 -32.46852 -13.82938
vn -98.89558 -0.22998 -14.81933
vn -93.52715 31.80905 -15.51951
vn -85.00844 -38.70929 -35.70935
vn -91.93614 -1.83991 -39.29835
vn -83.96722 34.93887 -41.57861
vn -92.57903 37.47961 -4.93993
vn -94.89464 19.22094 25.01123
vn -93.78651 34.69872 -0.29998
vn -79.44383 49.96243 -34.53164
vn -80.29214 50.51137 -31.65082
vn -89.95229 39.71103 -18.21045
vn -96.77926 23.74982 8.34994
vn 92.66959 37.27984 -4.74997
vn 79.45148 49.95095 -34.53062
vn 93.84914 34.52969 -0.19999
vn 95.14884 18.27977 24.7497
vn 96.97449 22.64871 9.10949
vn 90.23079 39.33035 -17.65014
vn 80.34286 50.46182 -31.60111
vn -21.18084 -20.09077 -95.6438
vn -32.65863 18.20927 -92.74609
vn -9.63972 -4.82982 -99.41705
vn -1.2700 -36.30007 -93.17025
vn -14.28972 -48.38904 -86.33832
vn -39.57914 -52.79883 -75.13837
vn -43.4505 -13.88013 -88.9910
vn -98.31793 -3.86992 17.84962
vn -96.90758 -15.10963 19.5095
vn -98.13187 -4.52009 18.70036
vn -97.96613 9.04964 17.90929
vn -99.27343 2.9701 11.6604
vn -99.94794 -1.07997 -3.03994
vn -98.78713 -8.20977 13.17961
vn -4.53007 16.1603 -98.58156
vn -15.69072 36.91174 -91.60418
vn -7.69018 43.13103 -89.89203
vn -1.92997 43.93942 -89.80871
vn -2.15002 10.34012 -99.44074
vn -3.29993 -15.67964 -98.70796
vn -7.73976 6.03985 -99.51692
vn 98.95638 8.3697 -11.72957
vn 93.11493 36.45802 0.64998
vn 99.62293 8.04023 3.2601
vn 96.12992 -27.51998 -1.30001
vn 96.98296 -10.87033 -21.82067
vn 92.32831 7.20988 -37.72931
vn 95.05467 23.86118 -19.88097
vn -20.77963 97.72829 -4.16989
vn -45.69843 88.91697 2.32995
vn -15.38008 98.80057 1.38004
vn 2.40002 99.97072 0.31004
vn -10.91951 98.99562 -8.97956
vn -34.69934 90.9883 -22.73953
vn -44.96219 88.88435 -8.8304
vn -9.68985 98.52853 -14.07975
vn -7.10968 99.65552 4.26984
vn -9.07011 99.23123 -8.42007
vn -7.88977 94.65727 -31.26905
vn -10.34965 93.30685 -34.44878
vn -16.71999 92.81998 -33.23994
vn -9.8699 99.01907 -9.88987
vn -20.74905 -97.77554 -3.06989
vn 2.52989 -99.96555 0.69993
vn -15.41971 -98.78817 1.76993
vn -45.64061 -88.93118 2.86001
vn -44.68983 -89.18967 -6.93001
vn -33.99901 -92.33731 -17.82951
vn -10.6201 -99.16097 -7.37011
vn -7.60007 -98.76094 -13.73016
vn -5.20984 -94.23706 -33.0490
vn -7.5300 -99.3000 -9.10003
vn -6.17019 -99.72315 4.15009
vn -8.38021 -99.28248 -8.53025
vn -15.18029 -95.02182 -27.21055
vn -8.13977 -94.21732 -32.50911
vn 6.21995 -97.29928 22.22979
vn 18.24043 -85.28207 48.93113
vn 18.50896 -86.12518 47.3273
vn 13.00935 -92.58541 35.47819
vn -1.94993 -99.61649 8.52966
vn -5.61987 -99.00773 -12.87974
vn 3.30993 -98.88785 14.49964
vn 88.45293 31.23102 34.65115
vn 93.95885 4.81993 33.88958
vn 92.35514 -22.73882 30.87836
vn 93.72645 34.84868 -0.95995
vn 99.7323 6.52015 -3.31007
vn 97.14518 -23.00886 -5.77972
vn 86.84207 33.47081 -36.58086
vn 91.50888 7.01993 -39.70951
vn 89.03467 -20.22878 -40.78756
vn 92.35514 22.7388 30.87838
vn 93.95885 -4.81996 33.88958
vn 88.45293 -31.23105 34.65113
vn 97.14518 23.00886 -5.77971
vn 99.7323 -6.52015 -3.31008
vn 93.72645 -34.84869 -0.95998
vn 89.03467 20.22881 -40.78755
vn 91.50888 -7.0199 -39.70952
vn 86.84207 -33.47079 -36.58088
vn -21.6604 -20.72035 -95.40176
vn -33.27908 18.69952 -92.42744
vn -10.0001 -5.04001 -99.3710
vn -2.25008 -37.03134 -92.86344
vn -14.6797 -49.46895 -85.65823
vn -40.02095 -53.78125 -74.20177
vn -44.20158 -14.24048 -88.56315
vn -3.86992 17.73965 -98.33784
vn -15.80999 38.09002 -91.09993
vn -6.77004 45.03033 -89.03054
vn -0.56001 46.76097 -88.39174
vn -1.59994 12.5496 -99.19651
vn -3.56004 -14.28013 -98.9111
vn -7.76017 6.86019 -99.46215
vn 2.47996 98.16837 18.88972
vn 15.25009 88.35049 44.29027
vn 2.2701 99.40424 10.66049
vn -6.44999 98.87988 -13.45994
vn -6.20991 99.57851 6.74993
vn 6.03985 93.64762 34.54915
vn 13.19977 88.38846 44.86924
vn -20.74967 97.73846 -4.0799
vn -45.7506 88.89117 2.29006
vn -15.44022 98.79145 1.36006
vn 2.97985 99.95496 0.36002
vn -10.80052 99.02476 -8.80038
vn -34.51976 91.1994 -22.15981
vn -44.82875 88.96753 -8.66972
vn -7.1401 98.87148 -13.17016
vn -3.03014 99.85453 4.46024
vn -4.83999 99.66979 -6.51995
vn -4.68982 95.85645 -28.09891
vn -8.50994 94.05936 -32.86973
vn -16.30092 93.23527 -32.27177
vn -8.31026 99.20309 -9.47026
vn 97.91464 12.6593 15.88913
vn 97.28262 7.03018 22.06059
vn 94.49083 9.58007 31.30027
vn 97.36033 0.45999 22.82007
vn 97.33804 -0.00001 22.91953
vn 95.58698 -0.00001 29.37907
vn 97.6921 -12.50028 17.32037
vn 97.28262 -7.0302 22.06058
vn 94.49083 -9.5801 31.30026
vn -11.49946 53.45755 -83.72606
vn 11.23988 53.2095 -83.91911
vn 10.87986 54.07937 -83.40894
vn -12.66027 69.96151 -70.32145
vn 7.2498 74.11794 -66.73809
vn 11.72008 74.09055 -66.13042
vn -21.12021 82.30087 -52.7305
vn 2.19006 87.99229 -47.46117
vn 20.90031 84.6813 -48.91069
vn 2.7001 -98.50385 17.02062
vn 16.58925 -88.76602 42.95802
vn 14.65986 -88.70918 43.76954
vn 7.03993 -93.86908 33.74962
vn -6.33007 -99.68105 4.86001
vn -7.42021 -98.19275 -17.41052
vn 1.90004 -99.66218 7.99013
vn -26.17111 -16.84068 -95.03403
vn -15.40043 18.95057 -96.97269
vn 20.61999 -84.93998 -48.58001
vn 11.52002 -74.22014 -66.02015
vn 10.73952 -53.81757 -83.59627
vn 2.27998 -88.10917 -47.23958
vn 7.5495 -74.22507 -66.58561
vn 11.56933 -52.9869 -84.01511
vn -21.13935 -82.20745 -52.86838
vn -12.50015 -69.9708 -70.34084
vn -11.35974 -53.35876 -83.80812
vn 43.52967 -19.0999 87.97932
vn 43.52074 19.1103 87.98149
vn -2.17998 -18.01984 98.33887
vn -2.17997 18.01977 98.33889
vn -41.95046 -17.81024 89.01098
vn -41.91977 17.78988 89.02952
vn 7.74007 96.74084 24.11024
vn 20.31985 84.50938 49.44966
vn 4.58981 98.36591 17.40931
vn -5.34988 99.54779 -7.84979
vn -1.29997 99.41743 10.69976
vn 14.50985 92.26903 35.71965
vn 20.7198 85.56914 47.41955
vn 35.67963 -24.78978 90.06905
vn 36.56123 0.81999 93.07311
vn 34.34858 27.04885 89.93628
vn 46.95742 -26.31859 84.27535
vn 49.86871 0.27996 86.67776
vn 44.68146 27.71088 85.06277
vn 59.57064 -34.6104 72.48075
vn 68.2699 -0.12003 73.06989
vn 56.06841 35.72897 74.69788
vn 46.15821 18.9293 -86.66663
vn 7.51029 15.19062 -98.55375
vn -33.68025 12.30013 -93.35067
vn 49.29122 18.62049 -84.99209
vn 10.9995 17.74924 -97.79559
vn -31.1210 16.60057 -93.57299
vn 48.99773 17.16924 -85.46601
vn 11.51011 18.00021 -97.6909
vn -30.00146 17.87091 -93.70456
vn -94.0965 9.11968 -32.59878
vn -99.42979 9.30998 5.19999
vn -89.04091 10.06009 44.39045
vn -93.42932 13.48992 -32.99975
vn -99.05173 12.55022 5.5901
vn -89.05035 12.06003 43.87017
vn -92.63864 14.21981 -34.86948
vn -99.13271 12.39034 4.38013
vn -89.7600 11.47999 42.5600
vn -27.83073 8.61019 95.66251
vn 6.7201 8.38008 99.4214
vn 39.63779 10.1594 91.2449
vn -28.9284 9.66943 95.2347
vn 8.00978 9.57971 99.2173
vn 43.69898 11.18971 89.24792
vn -29.81914 9.78969 94.94726
vn 9.42013 9.6001 99.09137
vn 46.9202 10.18001 87.72037
vn 89.58347 18.22069 40.53157
vn 97.63223 21.06048 4.94012
vn 93.0956 22.10897 -29.05862
vn 91.90021 15.87002 36.09008
vn 98.51648 16.93939 2.74991
vn 93.81797 17.67963 -29.75935
vn 93.4017 11.8202 33.71061
vn 99.1939 12.6305 1.02004
vn 93.81956 13.86995 -31.70984
vn 47.93047 0.84004 -87.76084
vn 9.49969 0.46002 -99.5467
vn -32.26868 0.9200 -94.64612
vn 49.05033 -5.65001 -86.96058
vn 9.5999 -5.9699 -99.35896
vn -33.41155 -5.47022 -94.09435
vn 48.73017 -9.3600 -86.82029
vn 7.83021 -7.47017 -99.4127
vn -35.04073 -5.26007 -93.51192
vn -92.65643 2.80991 -37.50855
vn -99.92451 3.30015 2.05009
vn -91.20678 3.44987 40.85855
vn -92.94801 -3.71991 -36.69921
vn -99.91426 -3.55015 2.13009
vn -91.26987 -3.76001 40.68994
vn -92.53196 -5.2701 -37.55079
vn -99.73479 -7.24035 0.74003
vn -91.17039 -9.03005 40.08016
vn -31.23984 3.24995 94.93951
vn 10.21978 3.10989 99.4278
vn 49.19772 3.08982 87.00596
vn -31.33097 -3.95016 94.88292
vn 10.34002 -3.83005 99.39022
vn 49.65782 -3.55988 86.72618
vn -28.77886 -7.35974 95.4862
vn 11.96947 -4.98982 99.15561
vn 49.29162 -4.27017 86.90283
vn 94.85017 3.24999 31.51006
vn 99.93785 3.05993 -1.74996
vn 93.72192 2.55006 -34.78071
vn 94.96909 -2.72999 31.19969
vn 99.95238 -2.83007 -1.23003
vn 94.18657 -3.56986 -33.40878
vn 94.35962 -6.81999 32.39986
vn 99.68825 -7.88986 0.05999
vn 94.48242 -8.81022 -31.55081
vn 39.62053 -3.71002 -91.74122
vn -3.42991 0.89001 -99.9372
vn -39.79869 2.77994 -91.69698
vn 33.63187 3.62024 -94.10522
vn -5.61999 6.03002 -99.65971
vn -38.50849 4.92984 -92.15636
vn 28.93887 7.24975 -95.44624
vn -5.03983 8.42975 -99.51654
vn -35.05967 6.74997 -93.4091
vn -90.09593 -0.44996 -43.38803
vn -99.8955 -2.0599 -4.07982
vn -90.64153 -1.54004 42.2107
vn -88.81757 -0.38997 -45.94874
vn -99.90409 -1.13004 -4.23017
vn -90.1131 -1.07005 43.34148
vn -87.56232 1.65006 -48.27127
vn -99.89753 0.37999 -4.50989
vn -90.1293 -0.34001 43.31966
vn -23.32875 1.07991 97.23479
vn 13.15015 0.31997 99.13109
vn 45.55894 -0.44002 89.01792
vn -23.45987 -1.38003 97.19945
vn 12.54053 -1.13009 99.20414
vn 45.70082 -0.91005 88.9416
vn -22.26008 0.34997 97.49034
vn 13.09036 1.1600 99.13274
vn 45.75929 1.15995 88.90862
vn 90.55187 -3.05008 42.32087
vn 99.42998 -6.3700 8.54999
vn 95.8624 -9.02022 -27.00068
vn 89.44894 -0.92001 44.69946
vn 98.99399 -3.12013 13.80055
vn 96.51174 -4.84008 -25.73046
vn 88.9669 -0.4500 45.6584
vn 98.55466 -1.74009 16.8508
vn 96.16088 -1.52001 -27.40025
vn 24.94032 10.01017 -96.32124
vn -2.61992 9.24975 -99.53683
vn -29.14075 7.41023 -95.37247
vn 25.00943 13.12974 -95.92778
vn -0.0000 11.63021 -99.3214
vn -24.91005 8.43005 -96.48019
vn 23.98105 16.12074 -95.73417
vn 2.10995 17.47966 -98.43786
vn -17.84932 14.38949 -97.33625
vn -85.80798 4.55991 -51.14879
vn -99.68613 4.85982 -6.24975
vn -90.70138 4.39005 41.88063
vn -83.73177 -0.23998 -54.67114
vn -99.62203 -4.33008 -7.53015
vn -89.83235 -1.04004 43.92115
vn -78.82997 -7.16997 -61.10997
vn -99.09893 -7.15992 -11.31988
vn -86.79779 -1.76997 49.62873
vn -20.76985 1.97995 97.79926
vn 14.12052 1.69002 98.98362
vn 43.21064 0.40997 90.18134
vn -19.92922 8.70963 97.60619
vn 12.25976 7.54982 98.95806
vn 39.52969 3.20994 91.79925
vn -18.25936 16.36939 96.94658
vn 8.53016 15.63027 98.40189
vn 33.16905 9.51969 93.85728
vn 86.56757 -5.57986 49.74859
vn 99.17057 -3.89003 12.25007
vn 91.17204 3.51009 -40.9309
vn 86.28133 0.38999 50.55077
vn 99.61135 6.42008 6.03008
vn 87.33735 11.57967 -47.30856
vn 86.5649 -2.87018 49.98282
vn 99.99638 -0.72998 0.43998
vn 84.71734 4.40988 -52.94834
vn 38.78144 -1.38002 -92.16342
vn 3.41996 -2.55993 -99.90871
vn -37.14988 -4.97995 -92.70969
vn 34.82053 -0.27997 -93.74142
vn 9.78012 -1.36998 -99.51118
vn -32.7888 -7.70968 -94.15656
vn 25.87074 -14.62039 -95.48273
vn 14.05012 -10.30005 -98.47083
vn -24.41974 -14.38981 -95.89897
vn -94.37212 -4.8901 -32.71073
vn -99.87213 -4.8801 1.32003
vn -91.6025 -6.32019 39.61108
vn -93.88122 -9.93012 -32.98043
vn -99.67453 -8.06036 0.1400
vn -93.12481 -7.00962 35.7580
vn -92.12062 -19.77012 -33.51023
vn -98.91354 -14.70053 0.0800
vn -94.00214 -9.33022 32.81074
vn -26.88996 -8.40002 95.94984
vn 6.63996 -8.34998 99.42933
vn 37.37835 -8.33967 92.37592
vn -30.40132 -8.53041 94.8841
vn 5.49987 -9.9898 99.34766
vn 38.47043 -10.62015 91.69101
vn -38.32078 -6.85017 92.11185
vn 2.21991 -9.97964 99.47604
vn 41.38868 -10.7397 90.39711
vn 88.68103 -8.47012 45.43052
vn 99.39705 -8.26976 7.19978
vn 94.39876 -7.68989 -32.08958
vn 90.3972 -9.80972 41.6187
vn 99.46298 -9.31029 4.52013
vn 93.38994 -9.77998 -34.38998
vn 92.33652 -12.32955 36.35862
vn 98.75633 -15.60943 1.87992
vn 91.2501 -20.74002 -35.26004
vn 48.73031 -17.01008 -85.65055
vn 11.12039 -17.8506 -97.76346
vn -30.31926 -17.78953 -93.61771
vn 49.19858 -18.28944 -85.11755
vn 10.97003 -17.52001 -97.84023
vn -31.17983 -16.50987 -93.56947
vn 46.15045 -19.02016 -86.65085
vn 7.71981 -15.3196 -98.51759
vn -33.63009 -12.4400 -93.35023
vn -92.66167 -14.14024 -34.84062
vn -99.13547 -12.26944 4.64978
vn -89.69028 -11.43005 42.72012
vn -93.44316 -13.39044 -33.00112
vn -99.0625 -12.41031 5.71014
vn -89.08249 -11.89035 43.85121
vn -94.08806 -9.2398 -32.58932
vn -99.41349 -9.46033 5.24018
vn -89.05041 -10.24006 44.33019
vn -29.73064 -10.01025 94.95202
vn 9.9701 -9.87014 99.01101
vn 47.50852 -10.39971 87.37727
vn -29.1389 -9.30969 95.20639
vn 8.20973 -9.30973 99.22667
vn 44.29137 -10.97037 88.98273
vn -27.93847 -8.56957 95.63475
vn 6.74996 -8.25999 99.42944
vn 40.13184 -10.1105 91.03415
vn 93.4822 -11.78029 33.50078
vn 99.20609 -12.55951 0.63997
vn 93.75706 -13.78956 -31.9290
vn 92.03761 -15.47961 35.90905
vn 98.58427 -16.57072 2.5601
vn 93.83568 -17.39919 -29.86863
vn 89.6742 -18.15087 40.36188
vn 97.62981 -21.05997 4.98998
vn 93.1076 -22.14942 -28.98926
vn 48.46939 9.69991 -86.92889
vn 7.3798 7.72983 -99.42731
vn -35.4695 5.45996 -93.33866
vn 48.92855 6.25985 -86.98743
vn 9.32971 6.56983 -99.34685
vn -33.71155 6.01031 -93.9543
vn 47.71004 -0.91997 -87.88007
vn 9.25994 -0.45996 -99.56929
vn -32.7504 -0.84997 -94.48116
vn -92.52063 5.33005 -37.57025
vn -99.72858 7.2999 0.95999
vn -91.11037 9.19003 40.18016
vn -92.89549 4.27027 -36.77217
vn -99.89449 4.02018 2.2201
vn -91.14375 4.27016 40.92168
vn -92.61827 -2.71993 -37.60929
vn -99.92726 -3.18991 2.08994
vn -91.05188 -3.35008 41.21084
vn -28.37111 7.67027 95.58372
vn 12.77015 5.27003 99.04116
vn 49.90938 4.47991 86.53893
vn -31.05119 4.64014 94.94363
vn 10.88977 4.39987 99.30788
vn 50.17052 4.01001 86.41087
vn -31.08018 -3.29005 94.99053
vn 10.61036 -3.22015 99.38336
vn 49.70966 -3.23001 86.7094
vn 94.3790 7.06991 32.28965
vn 99.66911 8.11993 -0.36999
vn 94.44423 9.07042 -31.59141
vn 94.99409 3.27013 31.07134
vn 99.93497 3.31016 -1.43007
vn 94.1469 3.93988 -33.4789
vn 94.88821 -3.39995 31.37941
vn 99.93161 -3.19005 -1.87003
vn 93.72275 -2.65007 -34.77102
vn 29.06894 -7.11971 -95.4165
vn -5.01978 -8.56959 -99.5056
vn -34.94036 -7.19004 -93.42096
vn 33.81926 -3.0599 -94.05794
vn -5.20987 -5.40983 -99.71757
vn -38.2891 -4.32986 -92.27782
vn 39.48042 3.47007 -91.81098
vn -3.21014 -0.9200 -99.94424
vn -39.96149 -2.53006 -91.63341
vn -87.80829 -1.99994 -47.80906
vn -99.90108 -0.4900 -4.42005
vn -90.15233 0.4100 43.27112
vn -89.01047 0.70002 -45.57023
vn -99.91054 1.25001 -4.04002
vn -90.03285 1.31003 43.50137
vn -90.11227 0.68004 -43.35109
vn -99.89632 2.03993 -4.06985
vn -90.53224 1.35002 42.45105
vn -21.96925 -0.22003 97.55668
vn 13.62032 -1.07006 99.06232
vn 46.18837 -1.12999 88.68686
vn -23.38054 1.77001 97.21224
vn 12.84048 1.30001 99.16367
vn 46.08209 0.97001 88.74402
vn -23.40088 -1.38009 97.21366
vn 13.38974 -0.54003 99.09805
vn 46.03233 0.33998 88.77449
vn 88.88454 0.56995 45.81718
vn 98.53381 1.85006 16.96065
vn 96.18531 1.61993 -27.30867
vn 89.43091 1.13999 44.73045
vn 98.96605 3.45985 13.91944
vn 96.53085 5.19005 -25.59021
vn 90.56692 2.90988 42.29855
vn 99.44146 6.27009 8.49012
vn 95.93423 8.9104 -26.78117
vn 24.94968 -16.39976 -95.43879
vn 2.27005 -17.77037 -98.38223
vn -18.16025 -14.64017 -97.24132
vn 25.64886 -12.47941 -95.84573
vn 0.0400 -10.89054 -99.40521
vn -25.29916 -7.73971 -96.43677
vn 25.06925 -9.91967 -96.29711
vn -2.66991 -8.90965 -99.56651
vn -29.50935 -7.02981 -95.28788
vn -78.87794 7.49983 -61.0084
vn -98.96179 8.66016 -11.4702
vn -86.44802 1.94994 50.22885
vn -83.87643 0.4400 -54.44768
vn -99.62234 4.34011 -7.52017
vn -89.89597 1.14993 43.78803
vn -85.83958 -4.39996 -51.10975
vn -99.68108 -4.82005 -6.36007
vn -90.68002 -4.36001 41.9300
vn -18.86925 -17.30935 96.66612
vn 8.82984 -16.58974 98.2182
vn 33.11938 -11.03983 93.70821
vn -20.20037 -7.87018 97.62175
vn 12.14963 -6.92983 99.0170
vn 39.7297 -2.70002 91.72929
vn -20.98931 -1.74998 97.75677
vn 13.89018 -1.36006 99.02129
vn 43.55767 -0.00003 90.01517
vn 85.98901 3.61994 50.91941
vn 99.95401 2.5701 1.61006
vn 85.69778 -2.80991 -51.45867
vn 86.25941 0.05998 50.58964
vn 99.62088 -6.28006 6.02005
vn 87.37867 -11.50981 -47.24928
vn 86.40188 5.7101 50.02108
vn 99.15576 3.88983 12.36947
vn 91.17892 -3.57995 -40.90951
vn 35.08931 92.34821 -15.50966
vn 0.36002 98.84498 -15.15072
vn -34.57175 92.54472 -15.50075
vn 34.72874 92.21668 -17.02935
vn 0.30999 98.65726 -16.3295
vn -34.34983 92.40959 -16.74988
vn 34.63993 92.40984 -16.13994
vn 0.1600 98.81161 -15.37021
vn -34.2112 92.64327 -15.71051
vn -92.39212 34.91081 -15.65034
vn -98.89651 -0.39998 -14.80947
vn -92.41029 -35.49011 -14.17005
vn -92.56757 34.04912 -16.48955
vn -98.9379 -1.66996 -14.43969
vn -92.23856 -36.58944 -12.37982
vn -93.09924 33.04974 -15.49986
vn -99.1217 -3.92006 -12.63022
vn -91.71092 -38.82039 -9.0601
vn -35.04942 -92.74849 -13.00982
vn -0.0600 -99.18648 -12.72958
vn 34.87945 -92.78856 -13.17983
vn -35.04071 -93.15191 -9.74023
vn -0.1000 -99.54288 -9.55031
vn 34.95836 -93.14566 -10.08956
vn -34.6904 -93.68109 -4.52008
vn 0.1800 -99.91076 -4.22007
vn 35.30867 -93.4565 -4.37987
vn 92.36089 -35.34034 -14.85015
vn 98.80234 -0.0300 -15.43037
vn 92.20128 35.2505 -16.01021
vn 92.33716 -36.21888 -12.72962
vn 98.90029 -1.2100 -14.74004
vn 92.3865 34.33871 -16.89935
vn 92.24907 -37.93962 -7.11994
vn 99.37593 -3.70985 -10.51957
vn 93.44975 32.54992 -14.40995
vn 33.25101 93.39287 -13.12036
vn 0.48999 99.19804 -12.62971
vn -31.89026 93.62082 -14.77009
vn 31.04078 92.99235 -19.72046
vn 0.39999 98.51769 -17.14956
vn -29.56965 93.08892 -21.44971
vn 29.71832 86.76513 -39.85771
vn 0.44002 94.52504 -32.63169
vn -28.5398 87.09942 -39.98968
vn -93.43127 30.00043 -19.25025
vn -98.23866 -11.28984 -14.8898
vn -88.24824 -46.24908 -8.55984
vn -93.41776 23.57945 -26.77934
vn -96.85944 -16.9199 -18.2199
vn -86.38732 -49.57846 -8.89974
vn -94.58463 10.63053 -30.67149
vn -97.19382 -19.67077 -12.90051
vn -89.14819 -45.29909 0.76997
vn -33.16079 -94.28223 3.35004
vn -0.0600 -99.85625 5.35976
vn 33.86918 -93.99775 4.15986
vn -31.94992 -94.49976 6.99995
vn -0.1300 -99.58226 9.13017
vn 31.81983 -94.58952 6.34993
vn -34.91968 -92.76917 13.20984
vn -0.21999 -99.16562 12.88939
vn 31.7294 -94.30826 9.95978
vn 89.30237 -44.61119 -5.91017
vn 98.78362 -11.0104 -10.9804
vn 94.39055 29.75018 -14.33007
vn 85.1618 -50.92108 -12.43028
vn 95.94978 -18.30996 -21.40996
vn 93.20094 24.20025 -26.98026
vn 82.27735 -54.86824 -14.82954
vn 92.18465 -25.19127 -29.45149
vn 90.09683 10.33965 -42.13851
vn -32.64943 -93.27836 -15.26976
vn 0.3400 -99.23013 -12.38005
vn 35.02955 -92.75881 -12.98986
vn -30.52052 -92.3316 -23.31043
vn 0.27999 -98.3259 -18.21927
vn 32.7414 -91.93394 -21.82096
vn -32.14064 -79.32159 -51.72105
vn 0.36999 -88.84844 -45.88922
vn 33.65076 -78.32178 -52.28122
vn 95.28104 -26.9303 -14.01016
vn 99.11742 7.55981 -10.88971
vn 92.08723 38.38886 -6.79978
vn 93.78889 -18.49977 -29.34966
vn 95.99379 16.09064 -22.9409
vn 88.28078 44.81041 -14.09011
vn 90.15706 -1.45994 -43.23858
vn 92.51079 25.18023 -28.42023
vn 85.8317 49.75099 -12.56023
vn 34.64115 93.70312 4.44018
vn 0.1100 99.80509 6.23973
vn -32.6997 94.40916 4.2000
vn 33.07074 94.09212 7.2802
vn 0.22999 99.42675 10.68968
vn -31.57872 94.45619 8.98967
vn 33.78889 93.24695 12.77961
vn 0.1300 98.88819 14.86976
vn -34.09113 92.85307 14.70052
vn -89.90788 42.61901 -10.00975
vn -98.25254 7.60021 -16.99043
vn -92.86736 -30.32914 -21.3494
vn -88.26047 46.28026 -8.26002
vn -97.25394 13.58056 -18.90076
vn -92.97277 -23.22068 -28.58085
vn -90.33105 42.89051 0.84003
vn -97.74292 16.66051 -12.99038
vn -94.44781 -9.67976 -31.39927
vn -34.84061 -92.40163 -15.75031
vn 0.3100 -98.75138 -15.75025
vn 35.10918 -92.23787 -16.10966
vn -34.90879 -92.24682 -16.48946
vn 0.23001 -98.59363 -16.71065
vn 35.37091 -91.99238 -16.92047
vn -34.77163 -92.43434 -15.71077
vn 0.4400 -98.77947 -15.56995
vn 36.0998 -92.0195 -15.13995
vn 92.30926 -35.03973 -15.84989
vn 98.83955 -0.0900 -15.18993
vn 92.44952 35.03983 -15.00991
vn 93.07319 -33.95117 -13.59048
vn 99.3241 0.39002 -11.60048
vn 93.07967 34.84989 -11.02995
vn 94.26546 -32.24187 -8.63051
vn 99.85369 1.41005 -5.22019
vn 93.7250 34.65815 -3.79978
vn 34.86934 92.67825 -13.9597
vn -0.0400 99.07778 -13.54966
vn -35.01931 92.6382 -13.84969
vn 35.12052 93.0014 -10.83013
vn -0.0300 99.43982 -10.56994
vn -35.02934 93.01824 -10.97975
vn 35.90093 93.22243 -4.55008
vn 0.27001 99.87355 -5.02014
vn -34.71844 93.59582 -5.8697
vn -92.59665 34.96874 -14.24947
vn -98.98812 -0.05999 -14.18973
vn -92.54173 -34.91065 -14.74028
vn -92.74991 35.16998 -12.66997
vn -99.08838 0.2400 -13.46978
vn -92.69626 -34.49861 -14.73942
vn -92.60136 36.25055 -10.53014
vn -99.15366 1.27005 -12.92047
vn -92.90086 -33.86032 -14.93015
vn 24.05918 96.90671 5.49985
vn -5.16012 99.86246 0.93006
vn -37.39897 92.73746 1.04001
vn 31.56934 94.87804 1.24001
vn -2.10009 99.97427 -0.8600
vn -35.84954 93.34882 -0.89995
vn 34.37111 93.89305 -1.65002
vn -0.53002 99.97351 -2.24004
vn -35.33834 93.52563 -2.03987
vn -93.81261 34.58097 1.83006
vn -99.98672 0.0000 1.62995
vn -93.81263 -34.58097 1.83004
vn -93.4898 35.48993 0.35001
vn -99.99911 0.0000 0.4200
vn -93.4898 -35.48993 0.34999
vn -93.39634 35.72861 -0.76996
vn -99.99837 0.0000 -0.56999
vn -93.39634 -35.72861 -0.76998
vn -37.39897 -92.73746 1.03994
vn -5.16013 -99.86246 0.92999
vn 24.49979 -96.8192 5.07992
vn -35.84954 -93.34882 -0.90002
vn -2.10009 -99.97427 -0.86007
vn 31.56934 -94.87804 1.23994
vn -35.33834 -93.52563 -2.03994
vn -0.53002 -99.97351 -2.24011
vn 34.37111 -93.89305 -1.65009
vn 90.81733 -37.8489 17.87946
vn 98.08132 -0.43002 19.49026
vn 90.46662 37.87859 19.51929
vn 93.10138 -36.05055 5.70007
vn 99.8357 -0.0500 5.72975
vn 93.08971 36.05989 5.82999
vn 93.41324 -35.69125 -0.32003
vn 99.99949 -0.0000 -0.3200
vn 93.41324 35.69124 -0.3200
vn 35.37915 93.48779 -2.8899
vn -0.0100 99.9608 -2.79998
vn -35.3815 93.4940 -2.65008
vn 35.43906 93.46753 -2.80989
vn 0.0000 99.9622 -2.75002
vn -35.42807 93.47493 -2.69982
vn 35.46093 93.46247 -2.70004
vn 0.0200 99.96408 -2.68007
vn -35.44003 93.47011 -2.70997
vn -93.43784 35.56919 -2.04994
vn -99.98157 0.0000 -1.92003
vn -93.43784 -35.56918 -2.04996
vn -93.45462 35.50177 -2.42011
vn -99.97262 0.0000 -2.34006
vn -93.45464 -35.50176 -2.42013
vn -93.46064 35.47025 -2.6400
vn -99.96647 0.0000 -2.58991
vn -93.46064 -35.47025 -2.64003
vn -35.38151 -93.4940 -2.65015
vn -0.0100 -99.9608 -2.80006
vn 35.37915 -93.48779 -2.88997
vn -35.42808 -93.47493 -2.69989
vn -0.0000 -99.9622 -2.7501
vn 35.43906 -93.46753 -2.80996
vn -35.44859 -93.46629 -2.72992
vn -0.0000 -99.9630 -2.72012
vn 35.46035 -93.46094 -2.76006
vn 93.43719 -35.51894 -2.80993
vn 99.96219 -0.0000 -2.75006
vn 93.4372 35.51894 -2.8099
vn 93.45277 -35.48106 -2.7701
vn 99.96273 -0.0000 -2.73008
vn 93.45277 35.48106 -2.77007
vn 93.46119 -35.46046 -2.75005
vn 99.96353 0.0100 -2.7001
vn 93.45533 35.47823 -2.71985
vn 35.52013 93.42037 -3.30998
vn 0.11001 99.94482 -3.32012
vn -35.3588 93.47686 -3.43985
vn 35.53034 93.33091 -5.19002
vn 0.16001 99.8651 -5.19023
vn -35.27932 93.41822 -5.32986
vn 35.50033 93.12088 -8.26004
vn 0.2200 99.66052 -8.2300
vn -35.15038 93.24104 -8.40006
vn -93.42885 35.46957 -3.59994
vn -99.93591 0.0000 -3.57985
vn -93.43574 -35.44839 -3.62985
vn -93.34374 35.45144 -5.49021
vn -99.85029 0.0000 -5.47001
vn -93.35186 -35.4207 -5.55012
vn -93.13332 35.40127 -8.54029
vn -99.64065 0.01001 -8.47005
vn -93.15173 -35.34066 -8.59017
vn -35.44838 -93.43575 -3.62987
vn -0.0100 -99.93555 -3.58988
vn 35.43063 -93.44168 -3.6501
vn -35.42051 -93.35136 -5.56011
vn -0.0300 -99.84809 -5.50993
vn 35.36957 -93.36887 -5.58997
vn -35.3488 -93.14686 -8.60974
vn -0.0400 -99.63642 -8.51973
vn 35.28064 -93.17173 -8.62019
vn 93.44337 -35.43129 -3.60014
vn 99.93977 0.0500 -3.46999
vn 93.42085 35.51033 -3.40002
vn 93.36691 -35.38883 -5.49983
vn 99.85835 0.0900 -5.31991
vn 93.33411 35.51157 -5.26022
vn 93.17943 -35.27979 -8.53996
vn 99.65314 0.16001 -8.32026
vn 93.11779 35.49916 -8.29979
vn -35.35999 -93.46999 -3.61003
vn 0.1000 -99.93904 -3.4900
vn 35.51808 -93.41498 -3.47985
vn -35.26875 -93.3967 -5.75983
vn 0.1600 -99.84183 -5.62014
vn 35.51997 -93.30996 -5.62003
vn -35.11958 -93.1889 -9.07992
vn 0.23001 -99.60378 -8.89037
vn 35.47893 -93.06721 -8.92976
vn 93.41533 -35.50823 -3.56984
vn 99.93372 -0.0500 -3.64014
vn 93.43752 35.42906 -3.76989
vn 93.30957 -35.50984 -5.68999
vn 99.83449 -0.1000 -5.75026
vn 93.34417 35.3778 -5.93962
vn 93.05923 -35.48971 -8.96994
vn 99.59497 -0.16999 -8.98955
vn 93.12728 35.24898 -9.20972
vn 35.42852 93.43611 -3.80981
vn -0.0100 99.92931 -3.75994
vn -35.44958 93.42893 -3.78992
vn 35.37065 93.34172 -6.02008
vn -0.0300 99.82343 -5.94017
vn -35.40937 93.32835 -5.99986
vn 35.26168 93.11446 -9.29041
vn -0.0400 99.57777 -9.17975
vn -35.32986 93.08966 -9.27993
vn -93.42892 35.4496 -3.78994
vn -99.93004 0.0000 -3.7400
vn -93.42504 -35.46192 -3.77022
vn -93.32944 35.4098 -5.97995
vn -99.82581 0.0000 -5.89975
vn -93.32102 -35.44039 -5.93008
vn -93.0960 35.31849 -9.25959
vn -99.58232 -0.00999 -9.13021
vn -93.07788 -35.37919 -9.2098
vn -35.37829 -93.4955 -2.63991
vn -0.0100 -99.9608 -2.80006
vn 35.37915 -93.48779 -2.88997
vn -35.42808 -93.47493 -2.69989
vn -0.0000 -99.9622 -2.7501
vn 35.43906 -93.46753 -2.80996
vn -35.43994 -93.46986 -2.72003
vn 0.0200 -99.96382 -2.69014
vn 35.46083 -93.46222 -2.7101
vn 93.44051 -35.5102 -2.81003
vn 99.96219 -0.0000 -2.75006
vn 93.44051 35.5102 -2.8100
vn 93.45277 -35.48106 -2.7701
vn 99.96273 -0.0000 -2.73008
vn 93.45277 35.48106 -2.77007
vn 93.45863 -35.46949 -2.71997
vn 99.96327 -0.0100 -2.71009
vn 93.46119 35.46046 -2.75002
vn 35.37915 93.48779 -2.8899
vn -0.0100 99.9608 -2.79998
vn -35.37829 93.4955 -2.63984
vn 35.43906 93.46753 -2.80989
vn 0.0000 99.9622 -2.75002
vn -35.42807 93.47493 -2.69982
vn 35.46035 93.46094 -2.75999
vn 0.0000 99.9630 -2.72004
vn -35.44858 93.46629 -2.72986
vn -93.43822 35.56933 -2.02995
vn -99.98214 0.0000 -1.89004
vn -93.43822 -35.56932 -2.02997
vn -93.45486 35.50185 -2.41011
vn -99.97285 0.0000 -2.33006
vn -93.45486 -35.50185 -2.41014
vn -93.46064 35.47025 -2.6400
vn -99.96647 0.0000 -2.58991
vn -93.46064 -35.47025 -2.64003
vn -37.44019 -92.72049 1.06997
vn -5.21995 -99.85896 0.96995
vn 24.03967 -96.90869 5.54989
vn -35.86167 -93.34435 -0.88007
vn -2.12009 -99.97417 -0.82007
vn 31.53884 -94.88653 1.35991
vn -35.32974 -93.52931 -2.02002
vn -0.53002 -99.97374 -2.23012
vn 34.3714 -93.89382 -1.6001
vn 90.51727 -37.80888 19.4194
vn 98.08155 0.3700 19.49031
vn 90.80277 37.83115 17.99056
vn 93.07958 -36.05985 5.98996
vn 99.8246 0.0200 5.92027
vn 93.08759 36.04907 5.92986
vn 93.41476 -35.68801 -0.2200
vn 99.99976 -0.0000 -0.2200
vn 93.41476 35.6880 -0.21998
vn 24.43989 96.82957 5.17001
vn -5.21994 99.85896 0.97003
vn -37.44019 92.72049 1.07004
vn 31.53884 94.88653 1.35998
vn -2.12009 99.97417 -0.8200
vn -35.86166 93.34435 -0.88001
vn 34.3714 93.89382 -1.60003
vn -0.53002 99.97374 -2.23005
vn -35.32973 93.52931 -2.01995
vn -93.81688 34.56886 1.83995
vn -99.98655 0.0000 1.63994
vn -93.81689 -34.56886 1.83993
vn -93.48969 35.48989 0.38001
vn -99.99899 0.0000 0.4500
vn -93.48971 -35.48989 0.37999
vn -93.39661 35.72872 -0.72996
vn -99.9986 0.0000 -0.52999
vn -93.39661 -35.72871 -0.72999
vn 34.47134 22.3409 -91.17353
vn 34.98992 -4.71996 -93.55976
vn 32.78198 -31.59188 -89.03536
vn 11.68045 27.25109 -95.50365
vn 10.98057 -2.45009 -99.36511
vn 9.84048 -32.13153 -94.18456
vn -0.74997 32.76856 -94.47572
vn -0.47999 0.54002 -99.9974
vn -2.37009 -30.63114 -95.16363
vn 35.65951 -85.42883 -37.81951
vn 39.77921 -91.6982 3.00991
vn 39.08904 -81.48804 42.79892
vn 8.88002 -91.72018 -38.84011
vn 11.52996 -99.24967 4.06995
vn 15.82007 -87.46042 45.83016
vn -5.13982 -93.46676 -35.17881
vn -1.39998 -99.82819 5.68986
vn 6.16986 -88.45802 46.22892
vn 39.65975 -25.48987 88.18941
vn 42.31941 0.96995 90.59872
vn 42.37145 28.00093 86.14295
vn 22.76941 -26.10937 93.80756
vn 24.04962 2.26993 97.03848
vn 24.70035 31.17041 91.7513
vn 18.11983 -26.0598 94.82911
vn 19.36988 2.28995 98.07938
vn 19.03955 31.20924 93.07781
vn 45.4396 83.27927 31.61975
vn 46.38902 88.14814 -8.82978
vn 41.25926 78.13863 -46.81913
vn 20.5604 91.65177 34.31069
vn 17.46944 98.24684 -6.50975
vn 14.88957 87.69749 -45.68864
vn 9.32007 92.82067 36.02029
vn 3.76018 99.90485 -2.21007
vn 0.3700 92.13996 -38.85992
vn 32.94954 31.82959 -88.88873
vn 34.94817 4.91978 -93.56508
vn 34.19033 -22.17019 -91.32089
vn 10.05985 34.03952 -93.48856
vn 10.82031 4.23016 -99.32285
vn 11.04994 -25.57982 -96.03944
vn -1.81994 37.51884 -92.6770
vn -0.66998 5.10989 -99.86713
vn -2.00001 -26.55006 -96.39033
vn 40.65929 -78.27864 -47.1092
vn 46.06082 -88.2916 -9.11019
vn 45.40843 -83.35715 31.45888
vn 13.52079 -87.39513 -46.68277
vn 16.66917 -98.32512 -7.36967
vn 20.5096 -91.83823 33.83929
vn -1.74002 -91.01088 -41.40043
vn 2.6601 -99.88375 -4.02019
vn 9.39974 -93.15742 35.11898
vn 42.61074 -27.98053 86.03149
vn 42.56237 -0.95009 90.48504
vn 39.8983 25.50888 88.07623
vn 25.4391 -31.11894 91.56673
vn 24.84008 -2.22004 96.8403
vn 23.52902 26.15888 93.60609
vn 20.58051 -31.14081 92.77227
vn 21.02983 -2.19002 97.7392
vn 19.70057 26.17072 94.48271
vn 39.29971 81.34939 42.86971
vn 40.16115 91.52262 3.27013
vn 36.21114 85.3327 -37.51114
vn 16.46053 87.17278 46.1515
vn 12.4802 99.09161 5.01012
vn 10.0299 92.08912 -37.66959
vn 7.29985 88.01815 46.89904
vn -0.0300 99.70232 7.71021
vn -3.56002 94.62058 -32.16014
vn -0.3600 99.99931 0.10004
vn -0.3600 99.99931 0.10004
vn 41.78846 90.84668 0.7800
vn 76.40398 64.47337 2.37015
vn 97.11066 23.56016 3.80003
vn 97.10992 -23.55999 3.81999
vn 76.40797 -64.46829 2.37991
vn 41.78846 -90.84668 0.77994
vn -0.3600 -99.99931 0.09996
vn -43.38847 -90.09685 -0.00003
vn -78.18143 -62.35115 -0.00002
vn -97.49311 -22.25071 -0.00001
vn -97.49311 22.25072 0.00001
vn -78.18143 62.35115 0.00002
vn -43.38847 90.09685 0.00003
vn 39.50844 -69.42729 60.15759
vn 39.50844 -69.42729 60.15759
vn 67.64891 -56.33912 47.42921
vn 67.64891 -56.33912 47.42921
vn 13.99994 -72.01974 67.94969
vn 13.99994 -72.01974 67.94969
vn 67.60795 56.33828 47.48857
vn 67.60795 56.33828 47.48857
vn 39.51148 69.54259 60.02227
vn 39.51148 69.54259 60.02227
vn 39.51148 69.54259 60.02227
vn 14.17951 71.08752 68.88763
vn 14.17951 71.08752 68.88763
vn -16.35071 -78.39346 59.89257
vn -16.35071 -78.39346 59.89257
vn -29.21015 -72.52042 62.35029
vn -29.21015 -72.52042 62.35029
vn -44.1701 -68.2002 58.2901
vn -44.1701 -68.2002 58.2901
vn -44.1701 -68.2002 58.2901
vn -63.73047 -54.59044 54.39038
vn -63.73047 -54.59044 54.39038
vn -29.11984 71.57959 63.46966
vn -29.11984 71.57959 63.46966
vn -16.6396 77.49812 60.96856
vn -16.6396 77.49812 60.96856
vn -16.6396 77.49812 60.96856
vn -62.62946 53.10954 57.06952
vn -62.62946 53.10954 57.06952
vn -43.86964 67.59945 59.20955
vn -43.86964 67.59945 59.20955
vn -43.86964 67.59945 59.20955
vn 85.56297 -35.44126 37.72129
vn 85.56297 -35.44126 37.72129
vn 92.10224 -0.04002 38.95094
vn 92.10224 -0.04002 38.95094
vn 90.04528 -23.37879 36.67806
vn 90.04528 -23.37879 36.67806
vn 90.04528 -23.37879 36.67806
vn 81.79816 -44.23903 36.76915
vn 81.79816 -44.23903 36.76915
vn 81.79816 -44.23903 36.76915
vn 81.82677 44.17825 36.77856
vn 81.82677 44.17825 36.77856
vn 90.04008 23.38001 36.69004
vn 90.04008 23.38001 36.69004
vn -80.46901 31.7296 50.17939
vn -80.46901 31.7296 50.17939
vn -76.47787 41.71883 49.09864
vn -76.47787 41.71883 49.09864
vn -85.16137 20.17031 48.38078
vn -85.16137 20.17031 48.38078
vn -86.14253 -0.84004 50.78149
vn -86.14253 -0.84004 50.78149
vn -86.12839 -20.97963 46.27912
vn -86.12839 -20.97963 46.27912
vn -77.15777 -43.09877 46.78862
vn -77.15777 -43.09877 46.78862
vn 44.04974 -16.79994 88.18947
vn 44.04112 16.8604 88.18225
vn -39.73973 14.38987 90.62939
vn -2.38008 14.37047 98.93346
vn -2.52988 -14.93935 98.84542
vn -40.39927 -15.52976 90.14835
vn 60.93002 -11.46998 -78.46002
vn 60.93002 -11.46998 -78.46002
vn 58.06772 20.58916 78.76691
vn 58.06772 20.58916 78.76691
vn 37.07129 -57.31197 -73.08255
vn 37.07129 -57.31197 -73.08255
vn 58.24963 -47.24974 66.13956
vn 58.24963 -47.24974 66.13956
vn -60.69046 -18.39011 -77.32058
vn -55.91039 21.77013 80.00056
vn -55.91039 21.77013 80.00056
vn -68.08269 -30.41118 -66.63263
vn -68.08269 -30.41118 -66.63263
vn -58.0601 -30.82009 75.36012
vn 50.83178 -10.43034 -85.48297
vn 50.83178 -10.43034 -85.48297
vn 50.83178 -10.43034 -85.48297
vn 47.22119 80.58202 35.73093
vn 47.22119 80.58202 35.73093
vn 47.22119 80.58202 35.73093
vn -47.22119 80.58202 35.73093
vn -50.83178 -10.43033 -85.48297
vn -53.20937 53.68934 65.46923
vn -53.96183 -53.83181 -64.73221
vn 54.02327 -53.62323 -64.85395
vn 54.02327 -53.62323 -64.85395
vn 53.29892 53.5889 65.47868
vn 53.29892 53.5889 65.47868
vn -14.14034 -20.58046 -96.83232
vn -14.14034 -20.58046 -96.83232
vn -1.76992 -7.3297 99.71532
vn -1.76992 -7.3297 99.71532
vn -2.75011 -17.07063 -98.49382
vn -2.75011 -17.07063 -98.49382
vn 0.10999 26.89841 96.3144
vn 0.10999 26.89841 96.3144
vn -0.0000 -9.88994 -99.50975
vn -0.0000 -9.88994 -99.50975
vn 0.0000 92.67844 37.5594
vn 0.0000 92.67844 37.5594
vn 0.0000 62.3731 78.16392
vn 0.0000 62.3731 78.16392
vn -0.0500 -65.32993 -75.70995
vn -0.0500 -65.32993 -75.70995
vn -12.42977 47.67917 -87.01839
vn -12.42977 47.67917 -87.01839
vn 38.18081 22.94046 89.5319
vn 38.18081 22.94046 89.5319
vn -66.24253 3.67017 -74.82285
vn -60.93888 -1.17001 79.27853
vn 0.1800 0.50996 99.99854
vn 0.1800 0.50996 99.99854
vn -12.14946 14.07941 -98.25558
vn -12.14946 14.07941 -98.25558
vn -10.82041 76.36288 63.65243
vn -10.82041 76.36288 63.65243
vn 84.28611 -15.34932 51.57761
vn 84.28611 -15.34932 51.57761
vn 69.91003 -21.69999 -68.13002
vn 69.91003 -21.69999 -68.13002
vn -38.46949 66.64915 -63.85913
vn -38.46949 66.64915 -63.85913
vn 55.87025 21.43013 -80.12032
vn 55.87025 21.43013 -80.12032
vn 99.73983 4.93999 5.24999
vn 99.73983 4.93999 5.24999
vn 37.90893 -6.05987 92.33739
vn 37.90893 -6.05987 92.33739
vn 69.70955 -71.68955 -1.09002
vn 69.70955 -71.68955 -1.09002
vn 0.39001 -36.3114 -93.17366
vn 0.39001 -36.3114 -93.17366
vn -16.19927 -12.79946 97.84558
vn -91.32231 -40.68103 2.30004
vn -91.32231 -40.68103 2.30004
vn -68.46139 -8.60015 -72.38146
vn -58.74937 5.29992 80.74914
vn -99.80375 3.17012 5.4002
vn -15.74071 -20.06087 -96.69433
vn 13.69969 25.94938 95.59784
vn 73.17761 57.08816 -37.22876
vn 73.17761 57.08816 -37.22876
vn -73.17761 57.08817 -37.22876
vn -16.98936 -7.80967 -98.23631
vn -16.98936 -7.80967 -98.23631
vn 14.44998 92.14987 36.04998
vn 14.44998 92.14987 36.04998
vn -53.93156 62.24179 56.72166
vn -56.20018 -43.16011 -70.56023
vn 57.28886 -42.86913 -69.8586
vn 57.28886 -42.86913 -69.8586
vn 54.24855 41.74886 72.89806
vn 54.24855 41.74886 72.89806
vn -53.49045 42.54034 73.00063
vn -53.49045 42.54034 73.00063
vn -57.28887 -42.86913 -69.85861
vn 56.78142 -41.08101 -71.33179
vn 56.78142 -41.08101 -71.33179
vn 53.93156 62.24179 56.72166
vn 53.93156 62.24179 56.72166
vn -11.20006 62.12034 77.56046
vn 11.08021 -64.65121 -75.48146
vn 99.98093 1.93002 -0.3000
vn -99.98339 1.79006 -0.34001
vn -99.98339 1.79006 -0.34001
vn -28.58064 -15.89032 -94.5021
vn 22.20968 -20.23975 95.37863
vn 22.20968 -20.23975 95.37863
vn 11.29961 -14.62947 -98.27665
vn -12.63959 26.44912 95.60693
vn -12.63959 26.44912 95.60693
vn 16.98936 -7.80967 -98.23631
vn 16.98936 -7.80967 -98.23631
vn -14.44998 92.14987 36.04998
vn -14.44998 92.14987 36.04998
vn 11.23021 62.10115 77.57147
vn -11.13958 -64.79752 -75.34715
vn -11.13958 -64.79752 -75.34715
vn -0.60003 -50.32212 -86.41369
vn -0.60003 -50.32212 -86.41369
vn 0.0300 50.39268 86.37463
vn 0.0000 70.63062 70.79065
vn -0.0000 -58.57787 -81.0471
vn 0.0000 83.00298 -55.77193
vn 0.2100 7.50977 99.71741
vn 0.2100 7.50977 99.71741
vn -6.93033 7.92041 -99.44466
vn -6.93033 7.92041 -99.44466
vn 43.64235 -73.02393 -52.56285
vn 43.64235 -73.02393 -52.56285
vn 61.12102 -57.5910 54.29088
vn 61.12102 -57.5910 54.29088
vn -3.46004 1.95006 -99.9211
vn -3.46004 1.95006 -99.9211
vn 61.14949 9.1899 78.58935
vn 61.14949 9.1899 78.58935
vn -63.34105 -0.22997 -77.38126
vn -62.17041 -12.00011 77.4005
vn 0.0300 -5.76027 99.83397
vn 0.0300 -5.76027 99.83397
vn -15.65939 -0.18996 -98.76614
vn -15.65939 -0.18996 -98.76614
vn -5.99975 22.77911 -97.1860
vn -14.38989 0.06996 98.95922
vn 14.43984 2.55993 98.91885
vn -25.25029 8.99014 -96.34108
vn -99.98424 -0.81003 1.58007
vn 27.91985 95.98949 2.55002
vn 58.49773 40.84839 70.06729
vn 58.49773 40.84839 70.06729
vn 98.89906 -14.20987 -4.12997
vn 98.89906 -14.20987 -4.12997
vn 31.95998 37.89001 -86.84991
vn 31.95998 37.89001 -86.84991
vn -24.2912 97.00481 0.08004
vn -53.97968 55.8097 -63.01961
vn -53.97968 55.8097 -63.01961
vn 54.89961 -44.92966 -70.4795
vn 54.89961 -44.92966 -70.4795
vn -10.05003 68.36021 72.29025
vn -10.05003 68.36021 72.29025
vn 74.45816 -36.57912 55.8386
vn 74.45816 -36.57912 55.8386
vn -5.64979 10.01966 -99.33624
vn -82.19196 -56.56136 6.73014
vn -99.95502 1.01995 2.81986
vn -98.57662 14.21952 -8.96969
vn -20.27916 3.3199 -97.86591
vn 15.44918 7.08959 98.54472
vn 21.51985 81.26944 -54.14957
vn 98.57662 14.21952 -8.96969
vn -11.45985 -58.23922 -80.47898
vn 11.02984 70.08897 70.46899
vn 11.8499 49.73956 85.93928
vn -12.28004 -51.06015 -85.1003
vn 99.7800 5.1700 4.1500
vn -99.82978 4.44999 3.76999
vn 11.4802 -49.44085 -86.16152
vn -11.55022 49.96091 85.85162
vn -11.02984 70.08897 70.46899
vn 11.45985 -58.23922 -80.47898
vn -21.51984 81.26944 -54.14957
vn -13.58985 7.21988 98.80885
vn 5.42978 13.85948 -98.88596
vn 66.15006 -74.95008 -2.58003
vn -9.3300 0.88004 -99.55993
vn -15.16992 -7.0700 98.5895
vn 15.18939 -7.34974 98.56605
vn -28.61956 -2.71992 -95.77851
vn -98.97021 -14.22003 1.6400
vn 98.62826 16.32971 2.40996
vn 68.6693 71.91928 -10.58986
vn -61.9582 78.46773 1.99997
vn 46.53271 9.66053 87.98512
vn 80.67746 -59.06815 -1.44998
vn 60.93002 11.47003 -78.46001
vn 60.93002 11.47003 -78.46001
vn 58.06772 -20.58923 78.76689
vn 58.06772 -20.58923 78.76689
vn 37.46998 56.9400 -73.16991
vn 37.46998 56.9400 -73.16991
vn 58.17969 47.20973 66.22965
vn 58.17969 47.20973 66.22965
vn -60.69046 18.39017 -77.32056
vn -55.91039 -21.77019 80.00055
vn -55.91039 -21.77019 80.00055
vn -67.4285 32.8093 -66.15851
vn -67.4285 32.8093 -66.15851
vn -58.14078 31.4404 75.0410
vn 50.83178 10.4304 -85.48297
vn 50.83178 10.4304 -85.48297
vn 50.83178 10.4304 -85.48297
vn 47.22119 -80.58205 35.73086
vn 47.22119 -80.58205 35.73086
vn 47.22119 -80.58205 35.73086
vn -47.22119 -80.58205 35.73087
vn -50.83178 10.4304 -85.48297
vn -53.20937 -53.68939 65.46918
vn -53.96183 53.83186 -64.73216
vn 54.02328 53.62329 -64.85391
vn 54.02328 53.62329 -64.85391
vn 53.29892 -53.58894 65.47864
vn 53.29892 -53.58894 65.47864
vn -14.05958 20.93941 -96.7671
vn -14.05958 20.93941 -96.7671
vn -0.8000 7.29996 99.7300
vn -0.8000 7.29996 99.7300
vn -2.75011 17.0707 -98.4938
vn -2.75011 17.0707 -98.4938
vn 0.10999 -26.89848 96.31438
vn 0.10999 -26.89848 96.31438
vn -0.0000 9.89001 -99.50975
vn -0.0000 9.89001 -99.50975
vn -0.0000 -92.67847 37.55933
vn -0.0000 -92.67847 37.55933
vn -0.0000 -62.37315 78.16387
vn -0.0000 -62.37315 78.16387
vn -0.0500 65.32999 -75.70991
vn -0.0500 65.32999 -75.70991
vn -12.42977 -47.6791 -87.01842
vn -12.42977 -47.6791 -87.01842
vn 38.18081 -22.94053 89.53188
vn 38.18081 -22.94053 89.53188
vn -66.24253 -3.67011 -74.82285
vn -60.93888 1.16995 79.27853
vn 0.1800 -0.51003 99.99854
vn 0.1800 -0.51003 99.99854
vn -12.14946 -14.07934 -98.2556
vn -12.14946 -14.07934 -98.2556
vn -10.82041 -76.36292 63.65237
vn -10.82041 -76.36292 63.65237
vn 84.28611 15.34927 51.57763
vn 84.28611 15.34927 51.57763
vn 69.91003 21.70004 -68.1300
vn 69.91003 21.70004 -68.1300
vn -38.4695 -66.64911 -63.85918
vn -38.4695 -66.64911 -63.85918
vn 55.87025 -21.43007 -80.12034
vn 55.87025 -21.43007 -80.12034
vn 99.73983 -4.9400 5.24999
vn 99.73983 -4.9400 5.24999
vn 37.90893 6.05979 92.33739
vn 37.90893 6.05979 92.33739
vn 69.8885 71.51847 -0.83996
vn 69.8885 71.51847 -0.83996
vn 1.55999 35.0599 -93.63959
vn 1.55999 35.0599 -93.63959
vn -16.40967 12.50971 97.84801
vn -90.75146 41.98068 1.34004
vn -90.75146 41.98068 1.34004
vn -68.44698 8.66965 -72.3868
vn -58.74937 -5.29997 80.74914
vn -99.80375 -3.17012 5.4002
vn -15.74071 20.06094 -96.69431
vn 13.69969 -25.94946 95.59782
vn 73.17761 -57.08814 -37.2288
vn 73.17761 -57.08814 -37.2288
vn -73.17761 -57.08813 -37.2288
vn -16.98936 7.80975 -98.23631
vn -16.98936 7.80975 -98.23631
vn 14.44998 -92.1499 36.0499
vn 14.44998 -92.1499 36.0499
vn -53.93156 -62.24183 56.72161
vn -56.20017 43.16017 -70.5602
vn 57.28886 42.86918 -69.85858
vn 57.28886 42.86918 -69.85858
vn 54.24856 -41.74892 72.89803
vn 54.24856 -41.74892 72.89803
vn -53.49045 -42.54039 73.0006
vn -53.49045 -42.54039 73.0006
vn -57.28886 42.86918 -69.85858
vn 56.78142 41.08106 -71.33176
vn 56.78142 41.08106 -71.33176
vn 53.93156 -62.24183 56.72161
vn 53.93156 -62.24183 56.72161
vn -11.20006 -62.12039 77.56041
vn 11.08021 64.65128 -75.48141
vn 99.98093 -1.93002 -0.3000
vn -99.98339 -1.79006 -0.34001
vn -99.98339 -1.79006 -0.34001
vn -28.20955 18.64974 -94.1085
vn 21.99931 20.42932 95.38698
vn 21.99931 20.42932 95.38698
vn 11.29961 14.62954 -98.27663
vn -12.6396 -26.44919 95.60692
vn -12.6396 -26.44919 95.60692
vn 16.98936 7.80975 -98.23631
vn 16.98936 7.80975 -98.23631
vn -14.44998 -92.1499 36.0499
vn -14.44998 -92.1499 36.0499
vn 11.23021 -62.1012 77.57141
vn -11.13958 64.79758 -75.3471
vn -11.13958 64.79758 -75.3471
vn -0.60003 50.32219 -86.41366
vn -0.60003 50.32219 -86.41366
vn 0.0300 -50.39275 86.3746
vn -0.0000 -70.63067 70.7906
vn 0.0000 58.57793 -81.04706
vn -0.0000 -83.00293 -55.77199
vn 0.2100 -7.50984 99.7174
vn 0.2100 -7.50984 99.7174
vn -6.93033 -7.92034 -99.44466
vn -6.93033 -7.92034 -99.44466
vn 47.13097 73.53155 -48.70097
vn 47.13097 73.53155 -48.70097
vn 60.89886 56.58893 55.57897
vn 60.89886 56.58893 55.57897
vn -3.46004 -1.94998 -99.9211
vn -3.46004 -1.94998 -99.9211
vn 61.14949 -9.18996 78.58934
vn 61.14949 -9.18996 78.58934
vn -63.34105 0.23003 -77.38126
vn -62.1773 11.98945 77.39663
vn 0.0500 5.76019 99.83395
vn 0.0500 5.76019 99.83395
vn -15.67067 0.25005 -98.76421
vn -15.67067 0.25005 -98.76421
vn -5.99975 -22.77904 -97.18601
vn -14.38989 -0.07004 98.95922
vn 14.43984 -2.56001 98.91885
vn -25.25029 -8.99007 -96.34108
vn -99.98424 0.81004 1.58007
vn 27.91984 -95.98949 2.54995
vn 58.49773 -40.84845 70.06726
vn 58.49773 -40.84845 70.06726
vn 98.89906 14.20987 -4.12996
vn 98.89906 14.20987 -4.12996
vn 31.95998 -37.88995 -86.84995
vn 31.95998 -37.88995 -86.84995
vn -24.2912 -97.00481 0.07997
vn -53.97969 -55.80966 -63.01965
vn -53.97969 -55.80966 -63.01965
vn 54.89961 44.92971 -70.47947
vn 54.89961 44.92971 -70.47947
vn -10.05003 -68.36025 72.2902
vn -10.05003 -68.36025 72.2902
vn 74.45817 36.57908 55.83863
vn 74.45817 36.57908 55.83863
vn -5.64979 -10.01959 -99.33624
vn -81.06847 58.27891 5.60992
vn -99.95502 -1.01995 2.81986
vn -98.57662 -14.21951 -8.9697
vn -20.27916 -3.31983 -97.86591
vn 15.44918 -7.08966 98.54472
vn 21.51984 -81.26939 -54.14963
vn 98.57662 -14.21951 -8.9697
vn -11.45985 58.23929 -80.47894
vn 11.02984 -70.08903 70.46895
vn 11.8499 -49.73962 85.93923
vn -12.28004 51.06021 -85.10027
vn 99.7800 -5.1700 4.1500
vn -99.82978 -4.44999 3.76999
vn 11.4802 49.44091 -86.16149
vn -11.55022 -49.96098 85.85159
vn -11.02984 -70.08903 70.46895
vn 11.45985 58.23929 -80.47894
vn -21.51985 -81.26939 -54.14963
vn -13.58985 -7.21995 98.80885
vn 5.42978 -13.8594 -98.88597
vn 66.49849 74.67831 -1.04995
vn -9.33992 -0.85996 -99.55917
vn -15.1798 7.05987 98.5887
vn 15.18928 7.35962 98.56533
vn -28.60991 2.78003 -95.77969
vn -98.96249 14.28036 1.58005
vn 98.62826 -16.32972 2.40995
vn 68.6693 -71.91929 -10.58992
vn -61.9582 -78.46773 1.99991
vn 46.53271 -9.6606 87.98512
vn 80.67746 59.06815 -1.44993
vn -13.61986 3.9600 -98.98899
vn -13.61986 3.9600 -98.98899
vn -69.08248 -34.18121 -63.71229
vn -69.08248 -34.18121 -63.71229
vn -69.08248 -34.18121 -63.71229
vn -79.32859 48.73913 36.48937
vn -79.32859 48.73913 36.48937
vn -79.32859 48.73913 36.48937
vn -8.7102 2.35009 -99.59222
vn -8.7102 2.35009 -99.59222
vn -60.99018 40.02011 68.40022
vn -60.99018 40.02011 68.40022
vn -60.99018 40.02011 68.40022
vn -15.17026 -5.46006 -98.6917
vn -15.17026 -5.46006 -98.6917
vn -29.34093 -1.0400 -95.59303
vn -29.34093 -1.0400 -95.59303
vn -89.6507 -39.02031 -20.98018
vn -89.6507 -39.02031 -20.98018
vn -85.92861 -49.17921 -14.05979
vn -85.92861 -49.17921 -14.05979
vn -85.92861 -49.17921 -14.05979
vn -82.59306 -41.57153 -38.08142
vn -82.59306 -41.57153 -38.08142
vn -85.90426 -37.20751 -35.15766
vn -85.90426 -37.20751 -35.15766
vn -79.00656 23.13902 -56.76751
vn -79.00656 23.13902 -56.76751
vn -85.83283 40.36135 -31.68103
vn -85.83283 40.36135 -31.68103
vn -90.38831 35.67935 -23.59954
vn -90.38831 35.67935 -23.59954
vn -85.02589 50.1076 -16.1192
vn -85.02589 50.1076 -16.1192
vn -85.02589 50.1076 -16.1192
vn -58.1695 -15.13984 -79.9193
vn -58.1695 -15.13984 -79.9193
vn -15.17026 -5.46006 -98.6917
vn -15.17026 -5.46006 -98.6917
vn -14.72028 -4.19004 -98.82185
vn -14.72028 -4.19004 -98.82185
vn -89.45996 -44.60998 -2.62001
vn -89.45996 -44.60998 -2.62001
vn -59.39721 28.74868 -75.13645
vn -59.39721 28.74868 -75.13645
vn 18.45963 3.2399 98.22803
vn 18.45963 3.2399 98.22803
vn 16.07984 -5.24999 98.55901
vn 16.07984 -5.24999 98.55901
vn -88.03078 -47.24043 4.35002
vn -88.03078 -47.24043 4.35002
vn -88.03078 -47.24043 4.35002
vn -88.28027 46.90016 2.64003
vn -88.28027 46.90016 2.64003
vn -88.28027 46.90016 2.64003
vn -89.41081 44.47041 -5.30003
vn -89.41081 44.47041 -5.30003
vn -17.46945 6.19984 -98.26689
vn -17.46945 6.19984 -98.26689
vn -26.22975 -5.18991 -96.35905
vn -26.22975 -5.18991 -96.35905
vn -26.22975 -5.18991 -96.35905
vn -30.00014 0.81004 -95.39044
vn -30.00014 0.81004 -95.39044
vn -80.14939 -49.24965 33.91972
vn -80.14939 -49.24965 33.91972
vn -80.14939 -49.24965 33.91972
vn 25.8305 17.1503 95.07184
vn 25.8305 17.1503 95.07184
vn 25.8305 17.1503 95.07184
vn 49.84898 35.31925 79.16837
vn 49.84898 35.31925 79.16837
vn 49.84898 35.31925 79.16837
vn 37.4387 17.46936 91.06683
vn 37.4387 17.46936 91.06683
vn 64.95005 12.97998 74.92004
vn 64.95005 12.97998 74.92004
vn -60.9310 -29.40051 73.64119
vn -60.9310 -29.40051 73.64119
vn -32.94101 -9.76033 93.91287
vn -32.94101 -9.76033 93.91287
vn 7.66028 -6.95029 99.46365
vn 7.66028 -6.95029 99.46365
vn 1.32006 -3.05018 99.94476
vn 1.32006 -3.05018 99.94476
vn 1.32006 -3.05018 99.94476
vn 0.0900 -13.19938 99.12502
vn 0.0900 -13.19938 99.12502
vn -45.92866 8.32979 -88.4374
vn -45.92866 8.32979 -88.4374
vn -45.92866 8.32979 -88.4374
vn -45.92866 8.32979 -88.4374
vn -32.04023 -1.82005 94.71067
vn -32.04023 -1.82005 94.71067
vn -11.42999 -20.85995 -97.12991
vn -11.42999 -20.85995 -97.12991
vn -14.44017 5.4601 -98.80117
vn -14.44017 5.4601 -98.80117
vn -38.05827 13.68941 -91.45583
vn -38.05827 13.68941 -91.45583
vn -24.24995 -2.62003 96.97977
vn -24.24995 -2.62003 96.97977
vn -24.24995 -2.62003 96.97977
vn -20.11929 7.24971 97.68652
vn -20.11929 7.24971 97.68652
vn -15.70939 -9.22968 98.32613
vn -15.70939 -9.22968 98.32613
vn -15.17948 10.16962 98.31665
vn -15.17948 10.16962 98.31665
vn 43.14113 -27.8407 -85.81224
vn 43.14113 -27.8407 -85.81224
vn -5.67004 -3.10998 -99.79069
vn -5.67004 -3.10998 -99.79069
vn -24.05946 3.25989 97.00783
vn -24.05946 3.25989 97.00783
vn 20.03912 -48.96782 -84.85627
vn 20.03912 -48.96782 -84.85627
vn 20.03912 -48.96782 -84.85627
vn -33.18046 4.20002 94.24127
vn -33.18046 4.20002 94.24127
vn -6.28977 21.86925 -97.37646
vn -6.28977 21.86925 -97.37646
vn -6.28977 21.86925 -97.37646
vn -3.62992 -14.55964 -98.86781
vn -3.62992 -14.55964 -98.86781
vn 15.04971 -7.85982 -98.54811
vn 15.04971 -7.85982 -98.54811
vn 16.23068 -22.84093 -95.99405
vn 16.23068 -22.84093 -95.99405
vn -15.65968 5.58992 -98.60796
vn -15.65968 5.58992 -98.60796
vn -1.5100 11.2800 99.3503
vn -1.5100 11.2800 99.3503
vn 6.2198 6.30976 99.60674
vn 6.2198 6.30976 99.60674
vn -3.62992 -14.55964 -98.86781
vn -3.62992 -14.55964 -98.86781
vn 1.66998 3.37993 99.92892
vn 1.66998 3.37993 99.92892
vn 1.66998 3.37993 99.92892
vn 1.31996 16.39959 -98.63728
vn 1.31996 16.39959 -98.63728
vn -56.38133 27.60063 77.84184
vn -56.38133 27.60063 77.84184
vn 40.79102 -55.61137 -72.41182
vn 40.79102 -55.61137 -72.41182
vn 40.79102 -55.61137 -72.41182
vn 21.8510 3.67013 97.51444
vn 21.8510 3.67013 97.51444
vn 72.91231 -34.30107 -59.22188
vn 72.91231 -34.30107 -59.22188
vn 52.71997 -48.09996 -70.04997
vn 52.71997 -48.09996 -70.04997
vn 18.59045 45.47113 -87.10207
vn 18.59045 45.47113 -87.10207
vn 18.59045 45.47113 -87.10207
vn 32.1107 28.79067 -90.22195
vn 32.1107 28.79067 -90.22195
vn 61.21913 -56.42919 -55.38922
vn 61.21913 -56.42919 -55.38922
vn 61.21913 -56.42919 -55.38922
vn 1.31996 16.39959 -98.63728
vn 1.31996 16.39959 -98.63728
vn 16.04071 12.39059 -97.9243
vn 16.04071 12.39059 -97.9243
vn 26.10935 -17.35961 94.95761
vn 26.10935 -17.35961 94.95761
vn 26.10935 -17.35961 94.95761
vn 60.40158 -25.81071 75.40196
vn 60.40158 -25.81071 75.40196
vn 52.90754 -35.64838 77.00639
vn 52.90754 -35.64838 77.00639
vn 52.90754 -35.64838 77.00639
vn 42.0198 -20.00994 88.50955
vn 42.0198 -20.00994 88.50955
vn 43.56834 56.90788 -69.73731
vn 43.56834 56.90788 -69.73731
vn 43.56834 56.90788 -69.73731
vn 86.26872 -27.06962 42.71935
vn 86.26872 -27.06962 42.71935
vn 70.44046 58.45041 -40.27024
vn 70.44046 58.45041 -40.27024
vn 70.44046 58.45041 -40.27024
vn 72.87262 35.4313 -58.60209
vn 72.87262 35.4313 -58.60209
vn 83.0432 -34.17134 44.00167
vn 83.0432 -34.17134 44.00167
vn 76.84007 -51.00007 38.66001
vn 76.84007 -51.00007 38.66001
vn 76.84007 -51.00007 38.66001
vn -61.86205 -41.00139 67.02219
vn -61.86205 -41.00139 67.02219
vn -61.86205 -41.00139 67.02219
vn 75.77984 50.39988 41.43993
vn 75.77984 50.39988 41.43993
vn 75.77984 50.39988 41.43993
vn 80.98201 35.77088 46.50116
vn 80.98201 35.77088 46.50116
vn 80.1628 -44.39155 -40.04142
vn 80.1628 -44.39155 -40.04142
vn 95.7522 -26.91063 -10.36025
vn 95.7522 -26.91063 -10.36025
vn 87.87881 23.90966 41.29944
vn 87.87881 23.90966 41.29944
vn 78.34353 35.71159 50.8623
vn 78.34353 35.71159 50.8623
vn 75.14218 -65.98193 -0.20003
vn 75.14218 -65.98193 -0.20003
vn 84.76041 -44.12024 29.48013
vn 84.76041 -44.12024 29.48013
vn 84.76041 -44.12024 29.48013
vn 84.76041 -44.12024 29.48013
vn 84.22345 43.64178 31.65131
vn 84.22345 43.64178 31.65131
vn 77.69298 62.4724 7.81032
vn 77.69298 62.4724 7.81032
vn 95.3774 29.5992 -5.19985
vn 95.3774 29.5992 -5.19985
vn 81.60028 47.48018 -32.97009
vn 81.60028 47.48018 -32.97009
vn 81.60028 47.48018 -32.97009
vn 81.60028 47.48018 -32.97009
vn -97.05469 11.91057 20.94101
vn -97.25572 17.76922 15.01935
vn -97.17206 -10.56023 21.12044
vn -97.99995 -16.2900 11.42999
vn 0.0000 71.88567 69.51584
vn 0.0000 92.72719 37.4389
vn 0.0000 92.72722 -37.43883
vn -0.0000 40.30843 -91.5163
vn 15.42938 37.23846 91.5163
vn 27.50984 66.4096 69.51961
vn 35.48886 85.66725 37.43882
vn 38.26904 92.38768 0.00003
vn 35.48886 85.66728 -37.43876
vn 27.50984 66.40965 -69.51956
vn 15.42938 37.23853 -91.51627
vn 28.49942 28.49939 91.51813
vn 50.82896 50.82894 69.51859
vn 65.56802 65.56802 37.43888
vn 70.71068 70.71069 0.00003
vn 65.56802 65.56805 -37.43884
vn 50.82896 50.8290 -69.51855
vn 28.49942 28.49946 -91.51811
vn 37.23849 15.42935 91.51629
vn 66.40961 27.50982 69.51959
vn 85.66725 35.48885 37.4388
vn 92.38766 38.26904 0.00001
vn 85.66725 35.48888 -37.43878
vn 66.40961 27.50986 -69.51958
vn 37.23849 15.42941 -91.51627
vn 40.30839 -0.00004 91.51631
vn 71.88569 -0.00003 69.51582
vn 92.72719 -0.00002 37.43886
vn 100.0000 -0.0000 -0.0000
vn 92.72719 0.00001 -37.43886
vn 71.88568 0.00002 -69.51582
vn 40.30838 0.00003 -91.51631
vn 37.23849 -15.42941 91.51627
vn 66.40961 -27.50987 69.51958
vn 85.66725 -35.48888 37.43878
vn 92.38766 -38.26904 -0.00002
vn 85.66725 -35.48885 -37.4388
vn 66.40961 -27.50982 -69.51959
vn 37.23849 -15.42935 -91.51629
vn 28.49942 -28.49946 91.51811
vn 50.82896 -50.8290 69.51855
vn 65.56802 -65.56805 37.43884
vn 70.71068 -70.71069 -0.00003
vn 65.56802 -65.56802 -37.43888
vn 50.82896 -50.82895 -69.51859
vn 28.49942 -28.49939 -91.51813
vn 15.42938 -37.23853 91.51627
vn 27.50984 -66.40965 69.51956
vn 35.48886 -85.66728 37.43876
vn 38.26903 -92.38768 -0.00003
vn 35.48886 -85.66725 -37.43882
vn 27.50984 -66.4096 -69.51961
vn 15.42937 -37.23846 -91.5163
vn 0.0000 -0.00004 100.00001
vn 0.0000 -0.00004 100.00001
vn 0.0000 -0.00004 100.00001
vn 0.0000 -0.00004 100.00001
vn 0.0000 -0.00004 100.00001
vn 0.0000 -0.00004 100.00001
vn 0.0000 -0.00004 100.00001
vn 0.0000 -0.00004 100.00001
vn 0.0000 -0.00004 100.00001
vn 0.0000 -0.00004 100.00001
vn 0.0000 -0.00004 100.00001
vn 0.0000 -0.00004 100.00001
vn 0.0000 -0.00004 100.00001
vn 0.0000 -0.00004 100.00001
vn 0.0000 -0.00004 100.00001
vn 0.0000 -0.00004 100.00001
vn 0.0000 -40.30843 91.5163
vn -0.0000 -71.88572 69.51579
vn -0.0000 -92.72722 37.43883
vn -0.0000 -100.00001 -0.00004
vn -0.0000 -92.72719 -37.4389
vn -0.0000 -71.88567 -69.51584
vn -0.0000 -40.30835 -91.51633
vn -15.42938 -37.23853 91.51627
vn -27.50984 -66.40965 69.51956
vn -35.48886 -85.66728 37.43876
vn -38.26904 -92.38768 -0.00003
vn -35.48886 -85.66725 -37.43882
vn -27.50984 -66.4096 -69.51961
vn -15.42938 -37.23846 -91.5163
vn -28.49942 -28.49946 91.51811
vn -50.82896 -50.8290 69.51855
vn -65.56802 -65.56805 37.43884
vn -70.71068 -70.71069 -0.00003
vn -65.56802 -65.56802 -37.43888
vn -50.82896 -50.82894 -69.51859
vn -28.49942 -28.49939 -91.51813
vn -0.0000 0.00004 -100.00001
vn -0.0000 0.00004 -100.00001
vn -0.0000 0.00004 -100.00001
vn -0.0000 0.00004 -100.00001
vn -0.0000 0.00004 -100.00001
vn -0.0000 0.00004 -100.00001
vn -0.0000 0.00004 -100.00001
vn -0.0000 0.00004 -100.00001
vn -0.0000 0.00004 -100.00001
vn -0.0000 0.00004 -100.00001
vn -0.0000 0.00004 -100.00001
vn -0.0000 0.00004 -100.00001
vn -0.0000 0.00004 -100.00001
vn -0.0000 0.00004 -100.00001
vn -0.0000 0.00004 -100.00001
vn -0.0000 0.00004 -100.00001
vn -37.23849 -15.42941 91.51627
vn -66.40961 -27.50986 69.51958
vn -85.66725 -35.48888 37.43878
vn -92.38766 -38.26904 -0.00001
vn -85.66725 -35.48885 -37.4388
vn -66.40961 -27.50982 -69.51959
vn -37.23849 -15.42935 -91.51629
vn -40.30838 -0.00003 91.51631
vn -40.30838 -0.00003 91.51631
vn -71.88568 -0.00002 69.51582
vn -71.88568 -0.00002 69.51582
vn -92.72719 -0.00001 37.43886
vn -92.72719 -0.00001 37.43886
vn -100.0000 0.0000 0.0000
vn -100.0000 0.0000 0.0000
vn -92.72719 0.00002 -37.43886
vn -92.72719 0.00002 -37.43886
vn -71.88569 0.00003 -69.51582
vn -71.88569 0.00003 -69.51582
vn -40.30839 0.00004 -91.51631
vn -40.30839 0.00004 -91.51631
vn -37.23849 15.42935 91.51629
vn -66.40961 27.50982 69.51959
vn -85.66725 35.48885 37.4388
vn -92.38766 38.26904 0.00002
vn -85.66725 35.48888 -37.43878
vn -66.40961 27.50987 -69.51958
vn -37.23849 15.42941 -91.51627
vn -28.49942 28.49939 91.51813
vn -50.82896 50.82895 69.51859
vn -65.56802 65.56802 37.43888
vn -70.71068 70.71069 0.00003
vn -65.56802 65.56805 -37.43884
vn -50.82896 50.8290 -69.51855
vn -28.49942 28.49946 -91.51811
vn -15.42937 37.23846 91.5163
vn -27.50984 66.4096 69.51961
vn -35.48886 85.66725 37.43882
vn -38.26903 92.38768 0.00003
vn -35.48886 85.66728 -37.43876
vn -27.50984 66.40965 -69.51956
vn -15.42938 37.23853 -91.51627
vn 0.0000 40.30835 91.51633
vn 0.0000 100.00001 0.00004
vn 0.0000 71.88572 -69.51579

# Faces:
usemtl default_gltf_material
f 846/846/846 847/847/847 850/850/850
f 846/846/846 850/850/850 849/849/849
f 847/847/847 848/848/848 851/851/851
f 847/847/847 851/851/851 850/850/850
f 849/849/849 850/850/850 853/853/853
f 849/849/849 853/853/853 852/852/852
f 850/850/850 851/851/851 854/854/854
f 850/850/850 854/854/854 853/853/853
f 12/12/12 204/204/204 846/846/846
f 12/12/12 846/846/846 402/402/402
f 204/204/204 203/203/203 847/847/847
f 204/204/204 847/847/847 846/846/846
f 203/203/203 202/202/202 848/848/848
f 203/203/203 848/848/848 847/847/847
f 202/202/202 9/9/9 389/389/389
f 202/202/202 389/389/389 848/848/848
f 848/848/848 389/389/389 388/388/388
f 848/848/848 388/388/388 851/851/851
f 851/851/851 388/388/388 387/387/387
f 851/851/851 387/387/387 854/854/854
f 854/854/854 387/387/387 47/47/47
f 854/854/854 47/47/47 408/408/408
f 853/853/853 854/854/854 408/408/408
f 853/853/853 408/408/408 409/409/409
f 852/852/852 853/853/853 409/409/409
f 852/852/852 409/409/409 410/410/410
f 404/404/404 852/852/852 410/410/410
f 404/404/404 410/410/410 50/50/50
f 403/403/403 849/849/849 852/852/852
f 403/403/403 852/852/852 404/404/404
f 402/402/402 846/846/846 849/849/849
f 402/402/402 849/849/849 403/403/403
f 855/855/855 856/856/856 859/859/859
f 855/855/855 859/859/859 858/858/858
f 856/856/856 857/857/857 860/860/860
f 856/856/856 860/860/860 859/859/859
f 858/858/858 859/859/859 862/862/862
f 858/858/858 862/862/862 861/861/861
f 859/859/859 860/860/860 863/863/863
f 859/859/859 863/863/863 862/862/862
f 11/11/11 183/183/183 855/855/855
f 11/11/11 855/855/855 396/396/396
f 183/183/183 182/182/182 856/856/856
f 183/183/183 856/856/856 855/855/855
f 182/182/182 181/181/181 857/857/857
f 182/182/182 857/857/857 856/856/856
f 181/181/181 12/12/12 402/402/402
f 181/181/181 402/402/402 857/857/857
f 857/857/857 402/402/402 403/403/403
f 857/857/857 403/403/403 860/860/860
f 860/860/860 403/403/403 404/404/404
f 860/860/860 404/404/404 863/863/863
f 863/863/863 404/404/404 50/50/50
f 863/863/863 50/50/50 405/405/405
f 862/862/862 863/863/863 405/405/405
f 862/862/862 405/405/405 406/406/406
f 861/861/861 862/862/862 406/406/406
f 861/861/861 406/406/406 407/407/407
f 398/398/398 861/861/861 407/407/407
f 398/398/398 407/407/407 49/49/49
f 397/397/397 858/858/858 861/861/861
f 397/397/397 861/861/861 398/398/398
f 396/396/396 855/855/855 858/858/858
f 396/396/396 858/858/858 397/397/397
f 865/865/865 866/866/866 864/864/864
f 865/865/865 864/864/864 870/870/870
f 867/867/867 868/868/868 864/864/864
f 867/867/867 864/864/864 866/866/866
f 869/869/869 870/870/870 864/864/864
f 869/869/869 864/864/864 868/868/868
f 14/14/14 134/134/134 865/865/865
f 14/14/14 865/865/865 128/128/128
f 134/134/134 135/135/135 866/866/866
f 134/134/134 866/866/866 865/865/865
f 128/128/128 865/865/865 870/870/870
f 128/128/128 870/870/870 129/129/129
f 15/15/15 137/137/137 867/867/867
f 15/15/15 867/867/867 136/136/136
f 137/137/137 138/138/138 868/868/868
f 137/137/137 868/868/868 867/867/867
f 136/136/136 867/867/867 866/866/866
f 136/136/136 866/866/866 135/135/135
f 2/2/2 130/130/130 869/869/869
f 2/2/2 869/869/869 139/139/139
f 130/130/130 129/129/129 870/870/870
f 130/130/130 870/870/870 869/869/869
f 139/139/139 869/869/869 868/868/868
f 139/139/139 868/868/868 138/138/138
f 871/871/871 872/872/872 875/875/875
f 871/871/871 875/875/875 874/874/874
f 872/872/872 873/873/873 876/876/876
f 872/872/872 876/876/876 875/875/875
f 874/874/874 875/875/875 878/878/878
f 874/874/874 878/878/878 877/877/877
f 875/875/875 876/876/876 879/879/879
f 875/875/875 879/879/879 878/878/878
f 10/10/10 201/201/201 871/871/871
f 10/10/10 871/871/871 390/390/390
f 201/201/201 200/200/200 872/872/872
f 201/201/201 872/872/872 871/871/871
f 200/200/200 199/199/199 873/873/873
f 200/200/200 873/873/873 872/872/872
f 199/199/199 11/11/11 396/396/396
f 199/199/199 396/396/396 873/873/873
f 873/873/873 396/396/396 397/397/397
f 873/873/873 397/397/397 876/876/876
f 876/876/876 397/397/397 398/398/398
f 876/876/876 398/398/398 879/879/879
f 879/879/879 398/398/398 49/49/49
f 879/879/879 49/49/49 399/399/399
f 878/878/878 879/879/879 399/399/399
f 878/878/878 399/399/399 400/400/400
f 877/877/877 878/878/878 400/400/400
f 877/877/877 400/400/400 401/401/401
f 392/392/392 877/877/877 401/401/401
f 392/392/392 401/401/401 48/48/48
f 391/391/391 874/874/874 877/877/877
f 391/391/391 877/877/877 392/392/392
f 390/390/390 871/871/871 874/874/874
f 390/390/390 874/874/874 391/391/391
f 880/880/880 881/881/881 884/884/884
f 880/880/880 884/884/884 883/883/883
f 881/881/881 882/882/882 885/885/885
f 881/881/881 885/885/885 884/884/884
f 883/883/883 884/884/884 887/887/887
f 883/883/883 887/887/887 886/886/886
f 884/884/884 885/885/885 888/888/888
f 884/884/884 888/888/888 887/887/887
f 9/9/9 189/189/189 880/880/880
f 9/9/9 880/880/880 389/389/389
f 189/189/189 188/188/188 881/881/881
f 189/189/189 881/881/881 880/880/880
f 188/188/188 187/187/187 882/882/882
f 188/188/188 882/882/882 881/881/881
f 187/187/187 10/10/10 390/390/390
f 187/187/187 390/390/390 882/882/882
f 882/882/882 390/390/390 391/391/391
f 882/882/882 391/391/391 885/885/885
f 885/885/885 391/391/391 392/392/392
f 885/885/885 392/392/392 888/888/888
f 888/888/888 392/392/392 48/48/48
f 888/888/888 48/48/48 393/393/393
f 887/887/887 888/888/888 393/393/393
f 887/887/887 393/393/393 394/394/394
f 886/886/886 887/887/887 394/394/394
f 886/886/886 394/394/394 395/395/395
f 387/387/387 886/886/886 395/395/395
f 387/387/387 395/395/395 47/47/47
f 388/388/388 883/883/883 886/886/886
f 388/388/388 886/886/886 387/387/387
f 389/389/389 880/880/880 883/883/883
f 389/389/389 883/883/883 388/388/388
f 889/889/889 890/890/890 893/893/893
f 889/889/889 893/893/893 892/892/892
f 890/890/890 891/891/891 894/894/894
f 890/890/890 894/894/894 893/893/893
f 892/892/892 893/893/893 896/896/896
f 892/892/892 896/896/896 895/895/895
f 893/893/893 894/894/894 897/897/897
f 893/893/893 897/897/897 896/896/896
f 117/117/117 327/327/327 889/889/889
f 117/117/117 889/889/889 334/334/334
f 327/327/327 326/326/326 890/890/890
f 327/327/327 890/890/890 889/889/889
f 326/326/326 325/325/325 891/891/891
f 326/326/326 891/891/891 890/890/890
f 325/325/325 118/118/118 337/337/337
f 325/325/325 337/337/337 891/891/891
f 891/891/891 337/337/337 338/338/338
f 891/891/891 338/338/338 894/894/894
f 894/894/894 338/338/338 339/339/339
f 894/894/894 339/339/339 897/897/897
f 897/897/897 339/339/339 109/109/109
f 897/897/897 109/109/109 342/342/342
f 896/896/896 897/897/897 342/342/342
f 896/896/896 342/342/342 343/343/343
f 895/895/895 896/896/896 343/343/343
f 895/895/895 343/343/343 344/344/344
f 336/336/336 895/895/895 344/344/344
f 336/336/336 344/344/344 108/108/108
f 335/335/335 892/892/892 895/895/895
f 335/335/335 895/895/895 336/336/336
f 334/334/334 889/889/889 892/892/892
f 334/334/334 892/892/892 335/335/335
f 898/898/898 899/899/899 902/902/902
f 898/898/898 902/902/902 901/901/901
f 899/899/899 900/900/900 903/903/903
f 899/899/899 903/903/903 902/902/902
f 901/901/901 902/902/902 905/905/905
f 901/901/901 905/905/905 904/904/904
f 902/902/902 903/903/903 906/906/906
f 902/902/902 906/906/906 905/905/905
f 15/15/15 140/140/140 898/898/898
f 15/15/15 898/898/898 137/137/137
f 140/140/140 141/141/141 899/899/899
f 140/140/140 899/899/899 898/898/898
f 141/141/141 142/142/142 900/900/900
f 141/141/141 900/900/900 899/899/899
f 142/142/142 11/11/11 143/143/143
f 142/142/142 143/143/143 900/900/900
f 900/900/900 143/143/143 144/144/144
f 900/900/900 144/144/144 903/903/903
f 903/903/903 144/144/144 145/145/145
f 903/903/903 145/145/145 906/906/906
f 906/906/906 145/145/145 3/3/3
f 906/906/906 3/3/3 149/149/149
f 905/905/905 906/906/906 149/149/149
f 905/905/905 149/149/149 150/150/150
f 904/904/904 905/905/905 150/150/150
f 904/904/904 150/150/150 151/151/151
f 139/139/139 904/904/904 151/151/151
f 139/139/139 151/151/151 2/2/2
f 138/138/138 901/901/901 904/904/904
f 138/138/138 904/904/904 139/139/139
f 137/137/137 898/898/898 901/901/901
f 137/137/137 901/901/901 138/138/138
f 907/907/907 908/908/908 911/911/911
f 907/907/907 911/911/911 910/910/910
f 908/908/908 909/909/909 912/912/912
f 908/908/908 912/912/912 911/911/911
f 910/910/910 911/911/911 914/914/914
f 910/910/910 914/914/914 913/913/913
f 911/911/911 912/912/912 915/915/915
f 911/911/911 915/915/915 914/914/914
f 4/4/4 155/155/155 907/907/907
f 4/4/4 907/907/907 381/381/381
f 155/155/155 156/156/156 908/908/908
f 155/155/155 908/908/908 907/907/907
f 156/156/156 157/157/157 909/909/909
f 156/156/156 909/909/909 908/908/908
f 157/157/157 1/1/1 371/371/371
f 157/157/157 371/371/371 909/909/909
f 909/909/909 371/371/371 370/370/370
f 909/909/909 370/370/370 912/912/912
f 912/912/912 370/370/370 369/369/369
f 912/912/912 369/369/369 915/915/915
f 915/915/915 369/369/369 5/5/5
f 915/915/915 5/5/5 229/229/229
f 914/914/914 915/915/915 229/229/229
f 914/914/914 229/229/229 230/230/230
f 913/913/913 914/914/914 230/230/230
f 913/913/913 230/230/230 231/231/231
f 383/383/383 913/913/913 231/231/231
f 383/383/383 231/231/231 8/8/8
f 382/382/382 910/910/910 913/913/913
f 382/382/382 913/913/913 383/383/383
f 381/381/381 907/907/907 910/910/910
f 381/381/381 910/910/910 382/382/382
f 916/916/916 917/917/917 920/920/920
f 916/916/916 920/920/920 919/919/919
f 917/917/917 918/918/918 921/921/921
f 917/917/917 921/921/921 920/920/920
f 919/919/919 920/920/920 923/923/923
f 919/919/919 923/923/923 922/922/922
f 920/920/920 921/921/921 924/924/924
f 920/920/920 924/924/924 923/923/923
f 3/3/3 152/152/152 916/916/916
f 3/3/3 916/916/916 378/378/378
f 152/152/152 153/153/153 917/917/917
f 152/152/152 917/917/917 916/916/916
f 153/153/153 154/154/154 918/918/918
f 153/153/153 918/918/918 917/917/917
f 154/154/154 4/4/4 381/381/381
f 154/154/154 381/381/381 918/918/918
f 918/918/918 381/381/381 382/382/382
f 918/918/918 382/382/382 921/921/921
f 921/921/921 382/382/382 383/383/383
f 921/921/921 383/383/383 924/924/924
f 924/924/924 383/383/383 8/8/8
f 924/924/924 8/8/8 384/384/384
f 923/923/923 924/924/924 384/384/384
f 923/923/923 384/384/384 385/385/385
f 922/922/922 923/923/923 385/385/385
f 922/922/922 385/385/385 386/386/386
f 380/380/380 922/922/922 386/386/386
f 380/380/380 386/386/386 7/7/7
f 379/379/379 919/919/919 922/922/922
f 379/379/379 922/922/922 380/380/380
f 378/378/378 916/916/916 919/919/919
f 378/378/378 919/919/919 379/379/379
f 926/926/926 927/927/927 925/925/925
f 926/926/926 925/925/925 931/931/931
f 928/928/928 929/929/929 925/925/925
f 928/928/928 925/925/925 927/927/927
f 930/930/930 931/931/931 925/925/925
f 930/930/930 925/925/925 929/929/929
f 16/16/16 172/172/172 926/926/926
f 16/16/16 926/926/926 169/169/169
f 172/172/172 173/173/173 927/927/927
f 172/172/172 927/927/927 926/926/926
f 169/169/169 926/926/926 931/931/931
f 169/169/169 931/931/931 170/170/170
f 13/13/13 121/121/121 928/928/928
f 13/13/13 928/928/928 174/174/174
f 121/121/121 120/120/120 929/929/929
f 121/121/121 929/929/929 928/928/928
f 174/174/174 928/928/928 927/927/927
f 174/174/174 927/927/927 173/173/173
f 1/1/1 171/171/171 930/930/930
f 1/1/1 930/930/930 119/119/119
f 171/171/171 170/170/170 931/931/931
f 171/171/171 931/931/931 930/930/930
f 119/119/119 930/930/930 929/929/929
f 119/119/119 929/929/929 120/120/120
f 933/933/933 934/934/934 932/932/932
f 933/933/933 932/932/932 938/938/938
f 935/935/935 936/936/936 932/932/932
f 935/935/935 932/932/932 934/934/934
f 937/937/937 938/938/938 932/932/932
f 937/937/937 932/932/932 936/936/936
f 90/90/90 238/238/238 933/933/933
f 90/90/90 933/933/933 235/235/235
f 238/238/238 239/239/239 934/934/934
f 238/238/238 934/934/934 933/933/933
f 235/235/235 933/933/933 938/938/938
f 235/235/235 938/938/938 236/236/236
f 89/89/89 241/241/241 935/935/935
f 89/89/89 935/935/935 240/240/240
f 241/241/241 242/242/242 936/936/936
f 241/241/241 936/936/936 935/935/935
f 240/240/240 935/935/935 934/934/934
f 240/240/240 934/934/934 239/239/239
f 43/43/43 237/237/237 937/937/937
f 43/43/43 937/937/937 243/243/243
f 237/237/237 236/236/236 938/938/938
f 237/237/237 938/938/938 937/937/937
f 243/243/243 937/937/937 936/936/936
f 243/243/243 936/936/936 242/242/242
f 940/940/940 941/941/941 939/939/939
f 940/940/940 939/939/939 945/945/945
f 942/942/942 943/943/943 939/939/939
f 942/942/942 939/939/939 941/941/941
f 944/944/944 945/945/945 939/939/939
f 944/944/944 939/939/939 943/943/943
f 112/112/112 208/208/208 940/940/940
f 112/112/112 940/940/940 217/217/217
f 208/208/208 209/209/209 941/941/941
f 208/208/208 941/941/941 940/940/940
f 217/217/217 940/940/940 945/945/945
f 217/217/217 945/945/945 218/218/218
f 90/90/90 235/235/235 942/942/942
f 90/90/90 942/942/942 210/210/210
f 235/235/235 236/236/236 943/943/943
f 235/235/235 943/943/943 942/942/942
f 210/210/210 942/942/942 941/941/941
f 210/210/210 941/941/941 209/209/209
f 43/43/43 219/219/219 944/944/944
f 43/43/43 944/944/944 237/237/237
f 219/219/219 218/218/218 945/945/945
f 219/219/219 945/945/945 944/944/944
f 237/237/237 944/944/944 943/943/943
f 237/237/237 943/943/943 236/236/236
f 946/946/946 947/947/947 950/950/950
f 946/946/946 950/950/950 949/949/949
f 947/947/947 948/948/948 951/951/951
f 947/947/947 951/951/951 950/950/950
f 949/949/949 950/950/950 953/953/953
f 949/949/949 953/953/953 952/952/952
f 950/950/950 951/951/951 954/954/954
f 950/950/950 954/954/954 953/953/953
f 2/2/2 151/151/151 946/946/946
f 2/2/2 946/946/946 372/372/372
f 151/151/151 150/150/150 947/947/947
f 151/151/151 947/947/947 946/946/946
f 150/150/150 149/149/149 948/948/948
f 150/150/150 948/948/948 947/947/947
f 149/149/149 3/3/3 378/378/378
f 149/149/149 378/378/378 948/948/948
f 948/948/948 378/378/378 379/379/379
f 948/948/948 379/379/379 951/951/951
f 951/951/951 379/379/379 380/380/380
f 951/951/951 380/380/380 954/954/954
f 954/954/954 380/380/380 7/7/7
f 954/954/954 7/7/7 207/207/207
f 953/953/953 954/954/954 207/207/207
f 953/953/953 207/207/207 206/206/206
f 952/952/952 953/953/953 206/206/206
f 952/952/952 206/206/206 205/205/205
f 374/374/374 952/952/952 205/205/205
f 374/374/374 205/205/205 6/6/6
f 373/373/373 949/949/949 952/952/952
f 373/373/373 952/952/952 374/374/374
f 372/372/372 946/946/946 949/949/949
f 372/372/372 949/949/949 373/373/373
f 955/955/955 956/956/956 959/959/959
f 955/955/955 959/959/959 958/958/958
f 956/956/956 957/957/957 960/960/960
f 956/956/956 960/960/960 959/959/959
f 958/958/958 959/959/959 962/962/962
f 958/958/958 962/962/962 961/961/961
f 959/959/959 960/960/960 963/963/963
f 959/959/959 963/963/963 962/962/962
f 1/1/1 133/133/133 955/955/955
f 1/1/1 955/955/955 371/371/371
f 133/133/133 132/132/132 956/956/956
f 133/133/133 956/956/956 955/955/955
f 132/132/132 131/131/131 957/957/957
f 132/132/132 957/957/957 956/956/956
f 131/131/131 2/2/2 372/372/372
f 131/131/131 372/372/372 957/957/957
f 957/957/957 372/372/372 373/373/373
f 957/957/957 373/373/373 960/960/960
f 960/960/960 373/373/373 374/374/374
f 960/960/960 374/374/374 963/963/963
f 963/963/963 374/374/374 6/6/6
f 963/963/963 6/6/6 375/375/375
f 962/962/962 963/963/963 375/375/375
f 962/962/962 375/375/375 376/376/376
f 961/961/961 962/962/962 376/376/376
f 961/961/961 376/376/376 377/377/377
f 369/369/369 961/961/961 377/377/377
f 369/369/369 377/377/377 5/5/5
f 370/370/370 958/958/958 961/961/961
f 370/370/370 961/961/961 369/369/369
f 371/371/371 955/955/955 958/958/958
f 371/371/371 958/958/958 370/370/370
f 964/964/964 965/965/965 968/968/968
f 964/964/964 968/968/968 967/967/967
f 965/965/965 966/966/966 969/969/969
f 965/965/965 969/969/969 968/968/968
f 967/967/967 968/968/968 971/971/971
f 967/967/967 971/971/971 970/970/970
f 968/968/968 969/969/969 972/972/972
f 968/968/968 972/972/972 971/971/971
f 107/107/107 366/366/366 964/964/964
f 107/107/107 964/964/964 301/301/301
f 366/366/366 367/367/367 965/965/965
f 366/366/366 965/965/965 964/964/964
f 367/367/367 368/368/368 966/966/966
f 367/367/367 966/966/966 965/965/965
f 368/368/368 110/110/110 307/307/307
f 368/368/368 307/307/307 966/966/966
f 966/966/966 307/307/307 308/308/308
f 966/966/966 308/308/308 969/969/969
f 969/969/969 308/308/308 309/309/309
f 969/969/969 309/309/309 972/972/972
f 972/972/972 309/309/309 46/46/46
f 972/972/972 46/46/46 291/291/291
f 971/971/971 972/972/972 291/291/291
f 971/971/971 291/291/291 290/290/290
f 970/970/970 971/971/971 290/290/290
f 970/970/970 290/290/290 289/289/289
f 303/303/303 970/970/970 289/289/289
f 303/303/303 289/289/289 45/45/45
f 302/302/302 967/967/967 970/970/970
f 302/302/302 970/970/970 303/303/303
f 301/301/301 964/964/964 967/967/967
f 301/301/301 967/967/967 302/302/302
f 973/973/973 974/974/974 977/977/977
f 973/973/973 977/977/977 976/976/976
f 974/974/974 975/975/975 978/978/978
f 974/974/974 978/978/978 977/977/977
f 976/976/976 977/977/977 980/980/980
f 976/976/976 980/980/980 979/979/979
f 977/977/977 978/978/978 981/981/981
f 977/977/977 981/981/981 980/980/980
f 89/89/89 363/363/363 973/973/973
f 89/89/89 973/973/973 241/241/241
f 363/363/363 364/364/364 974/974/974
f 363/363/363 974/974/974 973/973/973
f 364/364/364 365/365/365 975/975/975
f 364/364/364 975/975/975 974/974/974
f 365/365/365 88/88/88 247/247/247
f 365/365/365 247/247/247 975/975/975
f 975/975/975 247/247/247 248/248/248
f 975/975/975 248/248/248 978/978/978
f 978/978/978 248/248/248 249/249/249
f 978/978/978 249/249/249 981/981/981
f 981/981/981 249/249/249 44/44/44
f 981/981/981 44/44/44 216/216/216
f 980/980/980 981/981/981 216/216/216
f 980/980/980 216/216/216 215/215/215
f 979/979/979 980/980/980 215/215/215
f 979/979/979 215/215/215 214/214/214
f 243/243/243 979/979/979 214/214/214
f 243/243/243 214/214/214 43/43/43
f 242/242/242 976/976/976 979/979/979
f 242/242/242 979/979/979 243/243/243
f 241/241/241 973/973/973 976/976/976
f 241/241/241 976/976/976 242/242/242
f 983/983/983 984/984/984 982/982/982
f 983/983/983 982/982/982 988/988/988
f 985/985/985 986/986/986 982/982/982
f 985/985/985 982/982/982 984/984/984
f 987/987/987 988/988/988 982/982/982
f 987/987/987 982/982/982 986/986/986
f 11/11/11 199/199/199 983/983/983
f 11/11/11 983/983/983 143/143/143
f 199/199/199 200/200/200 984/984/984
f 199/199/199 984/984/984 983/983/983
f 143/143/143 983/983/983 988/988/988
f 143/143/143 988/988/988 144/144/144
f 10/10/10 198/198/198 985/985/985
f 10/10/10 985/985/985 201/201/201
f 198/198/198 197/197/197 986/986/986
f 198/198/198 986/986/986 985/985/985
f 201/201/201 985/985/985 984/984/984
f 201/201/201 984/984/984 200/200/200
f 3/3/3 145/145/145 987/987/987
f 3/3/3 987/987/987 196/196/196
f 145/145/145 144/144/144 988/988/988
f 145/145/145 988/988/988 987/987/987
f 196/196/196 987/987/987 986/986/986
f 196/196/196 986/986/986 197/197/197
f 990/990/990 991/991/991 989/989/989
f 990/990/990 989/989/989 995/995/995
f 992/992/992 993/993/993 989/989/989
f 992/992/992 989/989/989 991/991/991
f 994/994/994 995/995/995 989/989/989
f 994/994/994 989/989/989 993/993/993
f 9/9/9 202/202/202 990/990/990
f 9/9/9 990/990/990 190/190/190
f 202/202/202 203/203/203 991/991/991
f 202/202/202 991/991/991 990/990/990
f 190/190/190 990/990/990 995/995/995
f 190/190/190 995/995/995 191/191/191
f 12/12/12 163/163/163 992/992/992
f 12/12/12 992/992/992 204/204/204
f 163/163/163 162/162/162 993/993/993
f 163/163/163 993/993/993 992/992/992
f 204/204/204 992/992/992 991/991/991
f 204/204/204 991/991/991 203/203/203
f 4/4/4 192/192/192 994/994/994
f 4/4/4 994/994/994 161/161/161
f 192/192/192 191/191/191 995/995/995
f 192/192/192 995/995/995 994/994/994
f 161/161/161 994/994/994 993/993/993
f 161/161/161 993/993/993 162/162/162
f 997/997/997 998/998/998 996/996/996
f 997/997/997 996/996/996 1002/1002/1002
f 999/999/999 1000/1000/1000 996/996/996
f 999/999/999 996/996/996 998/998/998
f 1001/1001/1001 1002/1002/1002 996/996/996
f 1001/1001/1001 996/996/996 1000/1000/1000
f 44/44/44 225/225/225 997/997/997
f 44/44/44 997/997/997 216/216/216
f 225/225/225 224/224/224 998/998/998
f 225/225/225 998/998/998 997/997/997
f 216/216/216 997/997/997 1002/1002/1002
f 216/216/216 1002/1002/1002 215/215/215
f 112/112/112 217/217/217 999/999/999
f 112/112/112 999/999/999 223/223/223
f 217/217/217 218/218/218 1000/1000/1000
f 217/217/217 1000/1000/1000 999/999/999
f 223/223/223 999/999/999 998/998/998
f 223/223/223 998/998/998 224/224/224
f 43/43/43 214/214/214 1001/1001/1001
f 43/43/43 1001/1001/1001 219/219/219
f 214/214/214 215/215/215 1002/1002/1002
f 214/214/214 1002/1002/1002 1001/1001/1001
f 219/219/219 1001/1001/1001 1000/1000/1000
f 219/219/219 1000/1000/1000 218/218/218
f 1004/1004/1004 1005/1005/1005 1003/1003/1003
f 1004/1004/1004 1003/1003/1003 1009/1009/1009
f 1006/1006/1006 1007/1007/1007 1003/1003/1003
f 1006/1006/1006 1003/1003/1003 1005/1005/1005
f 1008/1008/1008 1009/1009/1009 1003/1003/1003
f 1008/1008/1008 1003/1003/1003 1007/1007/1007
f 6/6/6 205/205/205 1004/1004/1004
f 6/6/6 1004/1004/1004 160/160/160
f 205/205/205 206/206/206 1005/1005/1005
f 205/205/205 1005/1005/1005 1004/1004/1004
f 160/160/160 1004/1004/1004 1009/1009/1009
f 160/160/160 1009/1009/1009 159/159/159
f 7/7/7 178/178/178 1006/1006/1006
f 7/7/7 1006/1006/1006 207/207/207
f 178/178/178 179/179/179 1007/1007/1007
f 178/178/178 1007/1007/1007 1006/1006/1006
f 207/207/207 1006/1006/1006 1005/1005/1005
f 207/207/207 1005/1005/1005 206/206/206
f 26/26/26 158/158/158 1008/1008/1008
f 26/26/26 1008/1008/1008 180/180/180
f 158/158/158 159/159/159 1009/1009/1009
f 158/158/158 1009/1009/1009 1008/1008/1008
f 180/180/180 1008/1008/1008 1007/1007/1007
f 180/180/180 1007/1007/1007 179/179/179
f 1011/1011/1011 1012/1012/1012 1010/1010/1010
f 1011/1011/1011 1010/1010/1010 1016/1016/1016
f 1013/1013/1013 1014/1014/1014 1010/1010/1010
f 1013/1013/1013 1010/1010/1010 1012/1012/1012
f 1015/1015/1015 1016/1016/1016 1010/1010/1010
f 1015/1015/1015 1010/1010/1010 1014/1014/1014
f 44/44/44 232/232/232 1011/1011/1011
f 44/44/44 1011/1011/1011 225/225/225
f 232/232/232 233/233/233 1012/1012/1012
f 232/232/232 1012/1012/1012 1011/1011/1011
f 225/225/225 1011/1011/1011 1016/1016/1016
f 225/225/225 1016/1016/1016 224/224/224
f 111/111/111 226/226/226 1013/1013/1013
f 111/111/111 1013/1013/1013 234/234/234
f 226/226/226 227/227/227 1014/1014/1014
f 226/226/226 1014/1014/1014 1013/1013/1013
f 234/234/234 1013/1013/1013 1012/1012/1012
f 234/234/234 1012/1012/1012 233/233/233
f 112/112/112 223/223/223 1015/1015/1015
f 112/112/112 1015/1015/1015 228/228/228
f 223/223/223 224/224/224 1016/1016/1016
f 223/223/223 1016/1016/1016 1015/1015/1015
f 228/228/228 1015/1015/1015 1014/1014/1014
f 228/228/228 1014/1014/1014 227/227/227
f 1018/1018/1018 1019/1019/1019 1017/1017/1017
f 1018/1018/1018 1017/1017/1017 1023/1023/1023
f 1020/1020/1020 1021/1021/1021 1017/1017/1017
f 1020/1020/1020 1017/1017/1017 1019/1019/1019
f 1022/1022/1022 1023/1023/1023 1017/1017/1017
f 1022/1022/1022 1017/1017/1017 1021/1021/1021
f 8/8/8 231/231/231 1018/1018/1018
f 8/8/8 1018/1018/1018 211/211/211
f 231/231/231 230/230/230 1019/1019/1019
f 231/231/231 1019/1019/1019 1018/1018/1018
f 211/211/211 1018/1018/1018 1023/1023/1023
f 211/211/211 1023/1023/1023 212/212/212
f 5/5/5 222/222/222 1020/1020/1020
f 5/5/5 1020/1020/1020 229/229/229
f 222/222/222 221/221/221 1021/1021/1021
f 222/222/222 1021/1021/1021 1020/1020/1020
f 229/229/229 1020/1020/1020 1019/1019/1019
f 229/229/229 1019/1019/1019 230/230/230
f 25/25/25 213/213/213 1022/1022/1022
f 25/25/25 1022/1022/1022 220/220/220
f 213/213/213 212/212/212 1023/1023/1023
f 213/213/213 1023/1023/1023 1022/1022/1022
f 220/220/220 1022/1022/1022 1021/1021/1021
f 220/220/220 1021/1021/1021 221/221/221
f 1025/1025/1025 1026/1026/1026 1024/1024/1024
f 1025/1025/1025 1024/1024/1024 1030/1030/1030
f 1027/1027/1027 1028/1028/1028 1024/1024/1024
f 1027/1027/1027 1024/1024/1024 1026/1026/1026
f 1029/1029/1029 1030/1030/1030 1024/1024/1024
f 1029/1029/1029 1024/1024/1024 1028/1028/1028
f 88/88/88 253/253/253 1025/1025/1025
f 88/88/88 1025/1025/1025 247/247/247
f 253/253/253 254/254/254 1026/1026/1026
f 253/253/253 1026/1026/1026 1025/1025/1025
f 247/247/247 1025/1025/1025 1030/1030/1030
f 247/247/247 1030/1030/1030 248/248/248
f 87/87/87 256/256/256 1027/1027/1027
f 87/87/87 1027/1027/1027 255/255/255
f 256/256/256 257/257/257 1028/1028/1028
f 256/256/256 1028/1028/1028 1027/1027/1027
f 255/255/255 1027/1027/1027 1026/1026/1026
f 255/255/255 1026/1026/1026 254/254/254
f 44/44/44 249/249/249 1029/1029/1029
f 44/44/44 1029/1029/1029 258/258/258
f 249/249/249 248/248/248 1030/1030/1030
f 249/249/249 1030/1030/1030 1029/1029/1029
f 258/258/258 1029/1029/1029 1028/1028/1028
f 258/258/258 1028/1028/1028 257/257/257
f 1032/1032/1032 1033/1033/1033 1031/1031/1031
f 1032/1032/1032 1031/1031/1031 1037/1037/1037
f 1034/1034/1034 1035/1035/1035 1031/1031/1031
f 1034/1034/1034 1031/1031/1031 1033/1033/1033
f 1036/1036/1036 1037/1037/1037 1031/1031/1031
f 1036/1036/1036 1031/1031/1031 1035/1035/1035
f 87/87/87 259/259/259 1032/1032/1032
f 87/87/87 1032/1032/1032 256/256/256
f 259/259/259 260/260/260 1033/1033/1033
f 259/259/259 1033/1033/1033 1032/1032/1032
f 256/256/256 1032/1032/1032 1037/1037/1037
f 256/256/256 1037/1037/1037 257/257/257
f 111/111/111 234/234/234 1034/1034/1034
f 111/111/111 1034/1034/1034 261/261/261
f 234/234/234 233/233/233 1035/1035/1035
f 234/234/234 1035/1035/1035 1034/1034/1034
f 261/261/261 1034/1034/1034 1033/1033/1033
f 261/261/261 1033/1033/1033 260/260/260
f 44/44/44 258/258/258 1036/1036/1036
f 44/44/44 1036/1036/1036 232/232/232
f 258/258/258 257/257/257 1037/1037/1037
f 258/258/258 1037/1037/1037 1036/1036/1036
f 232/232/232 1036/1036/1036 1035/1035/1035
f 232/232/232 1035/1035/1035 233/233/233
f 1039/1039/1039 1040/1040/1040 1038/1038/1038
f 1039/1039/1039 1038/1038/1038 1044/1044/1044
f 1041/1041/1041 1042/1042/1042 1038/1038/1038
f 1041/1041/1041 1038/1038/1038 1040/1040/1040
f 1043/1043/1043 1044/1044/1044 1038/1038/1038
f 1043/1043/1043 1038/1038/1038 1042/1042/1042
f 108/108/108 298/298/298 1039/1039/1039
f 108/108/108 1039/1039/1039 295/295/295
f 298/298/298 299/299/299 1040/1040/1040
f 298/298/298 1040/1040/1040 1039/1039/1039
f 295/295/295 1039/1039/1039 1044/1044/1044
f 295/295/295 1044/1044/1044 296/296/296
f 107/107/107 301/301/301 1041/1041/1041
f 107/107/107 1041/1041/1041 300/300/300
f 301/301/301 302/302/302 1042/1042/1042
f 301/301/301 1042/1042/1042 1041/1041/1041
f 300/300/300 1041/1041/1041 1040/1040/1040
f 300/300/300 1040/1040/1040 299/299/299
f 45/45/45 297/297/297 1043/1043/1043
f 45/45/45 1043/1043/1043 303/303/303
f 297/297/297 296/296/296 1044/1044/1044
f 297/297/297 1044/1044/1044 1043/1043/1043
f 303/303/303 1043/1043/1043 1042/1042/1042
f 303/303/303 1042/1042/1042 302/302/302
f 1046/1046/1046 1047/1047/1047 1045/1045/1045
f 1046/1046/1046 1045/1045/1045 1051/1051/1051
f 1048/1048/1048 1049/1049/1049 1045/1045/1045
f 1048/1048/1048 1045/1045/1045 1047/1047/1047
f 1050/1050/1050 1051/1051/1051 1045/1045/1045
f 1050/1050/1050 1045/1045/1045 1049/1049/1049
f 116/116/116 292/292/292 1046/1046/1046
f 116/116/116 1046/1046/1046 244/244/244
f 292/292/292 293/293/293 1047/1047/1047
f 292/292/292 1047/1047/1047 1046/1046/1046
f 244/244/244 1046/1046/1046 1051/1051/1051
f 244/244/244 1051/1051/1051 245/245/245
f 108/108/108 295/295/295 1048/1048/1048
f 108/108/108 1048/1048/1048 294/294/294
f 295/295/295 296/296/296 1049/1049/1049
f 295/295/295 1049/1049/1049 1048/1048/1048
f 294/294/294 1048/1048/1048 1047/1047/1047
f 294/294/294 1047/1047/1047 293/293/293
f 45/45/45 246/246/246 1050/1050/1050
f 45/45/45 1050/1050/1050 297/297/297
f 246/246/246 245/245/245 1051/1051/1051
f 246/246/246 1051/1051/1051 1050/1050/1050
f 297/297/297 1050/1050/1050 1049/1049/1049
f 297/297/297 1049/1049/1049 296/296/296
f 1053/1053/1053 1054/1054/1054 1052/1052/1052
f 1053/1053/1053 1052/1052/1052 1058/1058/1058
f 1055/1055/1055 1056/1056/1056 1052/1052/1052
f 1055/1055/1055 1052/1052/1052 1054/1054/1054
f 1057/1057/1057 1058/1058/1058 1052/1052/1052
f 1057/1057/1057 1052/1052/1052 1056/1056/1056
f 113/113/113 274/274/274 1053/1053/1053
f 113/113/113 1053/1053/1053 271/271/271
f 274/274/274 275/275/275 1054/1054/1054
f 274/274/274 1054/1054/1054 1053/1053/1053
f 271/271/271 1053/1053/1053 1058/1058/1058
f 271/271/271 1058/1058/1058 272/272/272
f 90/90/90 210/210/210 1055/1055/1055
f 90/90/90 1055/1055/1055 276/276/276
f 210/210/210 209/209/209 1056/1056/1056
f 210/210/210 1056/1056/1056 1055/1055/1055
f 276/276/276 1055/1055/1055 1054/1054/1054
f 276/276/276 1054/1054/1054 275/275/275
f 112/112/112 273/273/273 1057/1057/1057
f 112/112/112 1057/1057/1057 208/208/208
f 273/273/273 272/272/272 1058/1058/1058
f 273/273/273 1058/1058/1058 1057/1057/1057
f 208/208/208 1057/1057/1057 1056/1056/1056
f 208/208/208 1056/1056/1056 209/209/209
f 1059/1059/1059 1060/1060/1060 1063/1063/1063
f 1059/1059/1059 1063/1063/1063 1062/1062/1062
f 1060/1060/1060 1061/1061/1061 1064/1064/1064
f 1060/1060/1060 1064/1064/1064 1063/1063/1063
f 1062/1062/1062 1063/1063/1063 1066/1066/1066
f 1062/1062/1062 1066/1066/1066 1065/1065/1065
f 1063/1063/1063 1064/1064/1064 1067/1067/1067
f 1063/1063/1063 1067/1067/1067 1066/1066/1066
f 42/42/42 354/354/354 1059/1059/1059
f 42/42/42 1059/1059/1059 353/353/353
f 354/354/354 355/355/355 1060/1060/1060
f 354/354/354 1060/1060/1060 1059/1059/1059
f 355/355/355 356/356/356 1061/1061/1061
f 355/355/355 1061/1061/1061 1060/1060/1060
f 356/356/356 41/41/41 357/357/357
f 356/356/356 357/357/357 1061/1061/1061
f 1061/1061/1061 357/357/357 358/358/358
f 1061/1061/1061 358/358/358 1064/1064/1064
f 1064/1064/1064 358/358/358 359/359/359
f 1064/1064/1064 359/359/359 1067/1067/1067
f 1067/1067/1067 359/359/359 40/40/40
f 1067/1067/1067 40/40/40 360/360/360
f 1066/1066/1066 1067/1067/1067 360/360/360
f 1066/1066/1066 360/360/360 361/361/361
f 1065/1065/1065 1066/1066/1066 361/361/361
f 1065/1065/1065 361/361/361 362/362/362
f 351/351/351 1065/1065/1065 362/362/362
f 351/351/351 362/362/362 39/39/39
f 352/352/352 1062/1062/1062 1065/1065/1065
f 352/352/352 1065/1065/1065 351/351/351
f 353/353/353 1059/1059/1059 1062/1062/1062
f 353/353/353 1062/1062/1062 352/352/352
f 1068/1068/1068 1069/1069/1069 1072/1072/1072
f 1068/1068/1068 1072/1072/1072 1071/1071/1071
f 1069/1069/1069 1070/1070/1070 1073/1073/1073
f 1069/1069/1069 1073/1073/1073 1072/1072/1072
f 1071/1071/1071 1072/1072/1072 1075/1075/1075
f 1071/1071/1071 1075/1075/1075 1074/1074/1074
f 1072/1072/1072 1073/1073/1073 1076/1076/1076
f 1072/1072/1072 1076/1076/1076 1075/1075/1075
f 38/38/38 310/310/310 1068/1068/1068
f 38/38/38 1068/1068/1068 330/330/330
f 310/310/310 311/311/311 1069/1069/1069
f 310/310/310 1069/1069/1069 1068/1068/1068
f 311/311/311 312/312/312 1070/1070/1070
f 311/311/311 1070/1070/1070 1069/1069/1069
f 312/312/312 37/37/37 304/304/304
f 312/312/312 304/304/304 1070/1070/1070
f 1070/1070/1070 304/304/304 305/305/305
f 1070/1070/1070 305/305/305 1073/1073/1073
f 1073/1073/1073 305/305/305 306/306/306
f 1073/1073/1073 306/306/306 1076/1076/1076
f 1076/1076/1076 306/306/306 36/36/36
f 1076/1076/1076 36/36/36 348/348/348
f 1075/1075/1075 1076/1076/1076 348/348/348
f 1075/1075/1075 348/348/348 349/349/349
f 1074/1074/1074 1075/1075/1075 349/349/349
f 1074/1074/1074 349/349/349 350/350/350
f 328/328/328 1074/1074/1074 350/350/350
f 328/328/328 350/350/350 35/35/35
f 329/329/329 1071/1071/1071 1074/1074/1074
f 329/329/329 1074/1074/1074 328/328/328
f 330/330/330 1068/1068/1068 1071/1071/1071
f 330/330/330 1071/1071/1071 329/329/329
f 1078/1078/1078 1079/1079/1079 1077/1077/1077
f 1078/1078/1078 1077/1077/1077 1083/1083/1083
f 1080/1080/1080 1081/1081/1081 1077/1077/1077
f 1080/1080/1080 1077/1077/1077 1079/1079/1079
f 1082/1082/1082 1083/1083/1083 1077/1077/1077
f 1082/1082/1082 1077/1077/1077 1081/1081/1081
f 46/46/46 252/252/252 1078/1078/1078
f 46/46/46 1078/1078/1078 291/291/291
f 252/252/252 251/251/251 1079/1079/1079
f 252/252/252 1079/1079/1079 1078/1078/1078
f 291/291/291 1078/1078/1078 1083/1083/1083
f 291/291/291 1083/1083/1083 290/290/290
f 116/116/116 244/244/244 1080/1080/1080
f 116/116/116 1080/1080/1080 250/250/250
f 244/244/244 245/245/245 1081/1081/1081
f 244/244/244 1081/1081/1081 1080/1080/1080
f 250/250/250 1080/1080/1080 1079/1079/1079
f 250/250/250 1079/1079/1079 251/251/251
f 45/45/45 289/289/289 1082/1082/1082
f 45/45/45 1082/1082/1082 246/246/246
f 289/289/289 290/290/290 1083/1083/1083
f 289/289/289 1083/1083/1083 1082/1082/1082
f 246/246/246 1082/1082/1082 1081/1081/1081
f 246/246/246 1081/1081/1081 245/245/245
f 1085/1085/1085 1086/1086/1086 1084/1084/1084
f 1085/1085/1085 1084/1084/1084 1090/1090/1090
f 1087/1087/1087 1088/1088/1088 1084/1084/1084
f 1087/1087/1087 1084/1084/1084 1086/1086/1086
f 1089/1089/1089 1090/1090/1090 1084/1084/1084
f 1089/1089/1089 1084/1084/1084 1088/1088/1088
f 46/46/46 286/286/286 1085/1085/1085
f 46/46/46 1085/1085/1085 252/252/252
f 286/286/286 287/287/287 1086/1086/1086
f 286/286/286 1086/1086/1086 1085/1085/1085
f 252/252/252 1085/1085/1085 1090/1090/1090
f 252/252/252 1090/1090/1090 251/251/251
f 115/115/115 268/268/268 1087/1087/1087
f 115/115/115 1087/1087/1087 288/288/288
f 268/268/268 269/269/269 1088/1088/1088
f 268/268/268 1088/1088/1088 1087/1087/1087
f 288/288/288 1087/1087/1087 1086/1086/1086
f 288/288/288 1086/1086/1086 287/287/287
f 116/116/116 250/250/250 1089/1089/1089
f 116/116/116 1089/1089/1089 270/270/270
f 250/250/250 251/251/251 1090/1090/1090
f 250/250/250 1090/1090/1090 1089/1089/1089
f 270/270/270 1089/1089/1089 1088/1088/1088
f 270/270/270 1088/1088/1088 269/269/269
f 1092/1092/1092 1093/1093/1093 1091/1091/1091
f 1092/1092/1092 1091/1091/1091 1097/1097/1097
f 1094/1094/1094 1095/1095/1095 1091/1091/1091
f 1094/1094/1094 1091/1091/1091 1093/1093/1093
f 1096/1096/1096 1097/1097/1097 1091/1091/1091
f 1096/1096/1096 1091/1091/1091 1095/1095/1095
f 114/114/114 264/264/264 1092/1092/1092
f 114/114/114 1092/1092/1092 277/277/277
f 264/264/264 263/263/263 1093/1093/1093
f 264/264/264 1093/1093/1093 1092/1092/1092
f 277/277/277 1092/1092/1092 1097/1097/1097
f 277/277/277 1097/1097/1097 278/278/278
f 111/111/111 261/261/261 1094/1094/1094
f 111/111/111 1094/1094/1094 262/262/262
f 261/261/261 260/260/260 1095/1095/1095
f 261/261/261 1095/1095/1095 1094/1094/1094
f 262/262/262 1094/1094/1094 1093/1093/1093
f 262/262/262 1093/1093/1093 263/263/263
f 87/87/87 279/279/279 1096/1096/1096
f 87/87/87 1096/1096/1096 259/259/259
f 279/279/279 278/278/278 1097/1097/1097
f 279/279/279 1097/1097/1097 1096/1096/1096
f 259/259/259 1096/1096/1096 1095/1095/1095
f 259/259/259 1095/1095/1095 260/260/260
f 1099/1099/1099 1100/1100/1100 1098/1098/1098
f 1099/1099/1099 1098/1098/1098 1104/1104/1104
f 1101/1101/1101 1102/1102/1102 1098/1098/1098
f 1101/1101/1101 1098/1098/1098 1100/1100/1100
f 1103/1103/1103 1104/1104/1104 1098/1098/1098
f 1103/1103/1103 1098/1098/1098 1102/1102/1102
f 110/110/110 313/313/313 1099/1099/1099
f 110/110/110 1099/1099/1099 307/307/307
f 313/313/313 314/314/314 1100/1100/1100
f 313/313/313 1100/1100/1100 1099/1099/1099
f 307/307/307 1099/1099/1099 1104/1104/1104
f 307/307/307 1104/1104/1104 308/308/308
f 109/109/109 316/316/316 1101/1101/1101
f 109/109/109 1101/1101/1101 315/315/315
f 316/316/316 317/317/317 1102/1102/1102
f 316/316/316 1102/1102/1102 1101/1101/1101
f 315/315/315 1101/1101/1101 1100/1100/1100
f 315/315/315 1100/1100/1100 314/314/314
f 46/46/46 309/309/309 1103/1103/1103
f 46/46/46 1103/1103/1103 318/318/318
f 309/309/309 308/308/308 1104/1104/1104
f 309/309/309 1104/1104/1104 1103/1103/1103
f 318/318/318 1103/1103/1103 1102/1102/1102
f 318/318/318 1102/1102/1102 317/317/317
f 1106/1106/1106 1107/1107/1107 1105/1105/1105
f 1106/1106/1106 1105/1105/1105 1111/1111/1111
f 1108/1108/1108 1109/1109/1109 1105/1105/1105
f 1108/1108/1108 1105/1105/1105 1107/1107/1107
f 1110/1110/1110 1111/1111/1111 1105/1105/1105
f 1110/1110/1110 1105/1105/1105 1109/1109/1109
f 109/109/109 319/319/319 1106/1106/1106
f 109/109/109 1106/1106/1106 316/316/316
f 319/319/319 320/320/320 1107/1107/1107
f 319/319/319 1107/1107/1107 1106/1106/1106
f 316/316/316 1106/1106/1106 1111/1111/1111
f 316/316/316 1111/1111/1111 317/317/317
f 115/115/115 288/288/288 1108/1108/1108
f 115/115/115 1108/1108/1108 321/321/321
f 288/288/288 287/287/287 1109/1109/1109
f 288/288/288 1109/1109/1109 1108/1108/1108
f 321/321/321 1108/1108/1108 1107/1107/1107
f 321/321/321 1107/1107/1107 320/320/320
f 46/46/46 318/318/318 1110/1110/1110
f 46/46/46 1110/1110/1110 286/286/286
f 318/318/318 317/317/317 1111/1111/1111
f 318/318/318 1111/1111/1111 1110/1110/1110
f 286/286/286 1110/1110/1110 1109/1109/1109
f 286/286/286 1109/1109/1109 287/287/287
f 1112/1112/1112 1113/1113/1113 1116/1116/1116
f 1112/1112/1112 1116/1116/1116 1115/1115/1115
f 1113/1113/1113 1114/1114/1114 1117/1117/1117
f 1113/1113/1113 1117/1117/1117 1116/1116/1116
f 1115/1115/1115 1116/1116/1116 1119/1119/1119
f 1115/1115/1115 1119/1119/1119 1118/1118/1118
f 1116/1116/1116 1117/1117/1117 1120/1120/1120
f 1116/1116/1116 1120/1120/1120 1119/1119/1119
f 4/4/4 161/161/161 1112/1112/1112
f 4/4/4 1112/1112/1112 155/155/155
f 161/161/161 162/162/162 1113/1113/1113
f 161/161/161 1113/1113/1113 1112/1112/1112
f 162/162/162 163/163/163 1114/1114/1114
f 162/162/162 1114/1114/1114 1113/1113/1113
f 163/163/163 12/12/12 164/164/164
f 163/163/163 164/164/164 1114/1114/1114
f 1114/1114/1114 164/164/164 165/165/165
f 1114/1114/1114 165/165/165 1117/1117/1117
f 1117/1117/1117 165/165/165 166/166/166
f 1117/1117/1117 166/166/166 1120/1120/1120
f 1120/1120/1120 166/166/166 16/16/16
f 1120/1120/1120 16/16/16 169/169/169
f 1119/1119/1119 1120/1120/1120 169/169/169
f 1119/1119/1119 169/169/169 170/170/170
f 1118/1118/1118 1119/1119/1119 170/170/170
f 1118/1118/1118 170/170/170 171/171/171
f 157/157/157 1118/1118/1118 171/171/171
f 157/157/157 171/171/171 1/1/1
f 156/156/156 1115/1115/1115 1118/1118/1118
f 156/156/156 1118/1118/1118 157/157/157
f 155/155/155 1112/1112/1112 1115/1115/1115
f 155/155/155 1115/1115/1115 156/156/156
f 1121/1121/1121 1122/1122/1122 1125/1125/1125
f 1121/1121/1121 1125/1125/1125 1124/1124/1124
f 1122/1122/1122 1123/1123/1123 1126/1126/1126
f 1122/1122/1122 1126/1126/1126 1125/1125/1125
f 1124/1124/1124 1125/1125/1125 1128/1128/1128
f 1124/1124/1124 1128/1128/1128 1127/1127/1127
f 1125/1125/1125 1126/1126/1126 1129/1129/1129
f 1125/1125/1125 1129/1129/1129 1128/1128/1128
f 10/10/10 187/187/187 1121/1121/1121
f 10/10/10 1121/1121/1121 198/198/198
f 187/187/187 188/188/188 1122/1122/1122
f 187/187/187 1122/1122/1122 1121/1121/1121
f 188/188/188 189/189/189 1123/1123/1123
f 188/188/188 1123/1123/1123 1122/1122/1122
f 189/189/189 9/9/9 190/190/190
f 189/189/189 190/190/190 1123/1123/1123
f 1123/1123/1123 190/190/190 191/191/191
f 1123/1123/1123 191/191/191 1126/1126/1126
f 1126/1126/1126 191/191/191 192/192/192
f 1126/1126/1126 192/192/192 1129/1129/1129
f 1129/1129/1129 192/192/192 4/4/4
f 1129/1129/1129 4/4/4 154/154/154
f 1128/1128/1128 1129/1129/1129 154/154/154
f 1128/1128/1128 154/154/154 153/153/153
f 1127/1127/1127 1128/1128/1128 153/153/153
f 1127/1127/1127 153/153/153 152/152/152
f 196/196/196 1127/1127/1127 152/152/152
f 196/196/196 152/152/152 3/3/3
f 197/197/197 1124/1124/1124 1127/1127/1127
f 197/197/197 1127/1127/1127 196/196/196
f 198/198/198 1121/1121/1121 1124/1124/1124
f 198/198/198 1124/1124/1124 197/197/197
f 1131/1131/1131 1132/1132/1132 1130/1130/1130
f 1131/1131/1131 1130/1130/1130 1136/1136/1136
f 1133/1133/1133 1134/1134/1134 1130/1130/1130
f 1133/1133/1133 1130/1130/1130 1132/1132/1132
f 1135/1135/1135 1136/1136/1136 1130/1130/1130
f 1135/1135/1135 1130/1130/1130 1134/1134/1134
f 117/117/117 334/334/334 1131/1131/1131
f 117/117/117 1131/1131/1131 331/331/331
f 334/334/334 335/335/335 1132/1132/1132
f 334/334/334 1132/1132/1132 1131/1131/1131
f 331/331/331 1131/1131/1131 1136/1136/1136
f 331/331/331 1136/1136/1136 332/332/332
f 108/108/108 294/294/294 1133/1133/1133
f 108/108/108 1133/1133/1133 336/336/336
f 294/294/294 293/293/293 1134/1134/1134
f 294/294/294 1134/1134/1134 1133/1133/1133
f 336/336/336 1133/1133/1133 1132/1132/1132
f 336/336/336 1132/1132/1132 335/335/335
f 116/116/116 333/333/333 1135/1135/1135
f 116/116/116 1135/1135/1135 292/292/292
f 333/333/333 332/332/332 1136/1136/1136
f 333/333/333 1136/1136/1136 1135/1135/1135
f 292/292/292 1135/1135/1135 1134/1134/1134
f 292/292/292 1134/1134/1134 293/293/293
f 2410/2410/2410 1137/1137/1137 2434/2434/2434
f 2434/2434/2434 2432/2432/2432 2408/2408/2408
f 2434/2434/2434 2408/2408/2408 2410/2410/2410
f 2470/2470/2470 168/168/168 24/24/24
f 24/24/24 146/146/146 2442/2442/2442
f 2442/2442/2442 2440/2440/2440 2462/2462/2462
f 2468/2468/2468 2465/2465/2465 2470/2470/2470
f 2442/2442/2442 2462/2462/2462 2468/2468/2468
f 2470/2470/2470 24/24/24 2442/2442/2442
f 2470/2470/2470 2442/2442/2442 2468/2468/2468
f 2476/2476/2476 2442/2442/2442 146/146/146
f 146/146/146 147/147/147 2481/2481/2481
f 2481/2481/2481 2478/2478/2478 2476/2476/2476
f 146/146/146 2481/2481/2481 2476/2476/2476
f 2481/2481/2481 147/147/147 148/148/148
f 2481/2481/2481 148/148/148 2500/2500/2500
f 2508/2508/2508 2500/2500/2500 148/148/148
f 148/148/148 23/23/23 125/125/125
f 125/125/125 2513/2513/2513 2508/2508/2508
f 148/148/148 125/125/125 2508/2508/2508
f 2425/2425/2425 126/126/126 2421/2421/2421
f 2425/2425/2425 2421/2421/2421 2423/2423/2423
f 125/125/125 2537/2537/2537 2513/2513/2513
f 2421/2421/2421 126/126/126 127/127/127
f 127/127/127 1137/1137/1137 2410/2410/2410
f 2410/2410/2410 2493/2493/2493 2485/2485/2485
f 2483/2483/2483 2438/2438/2438 2421/2421/2421
f 2410/2410/2410 2485/2485/2485 2483/2483/2483
f 2483/2483/2483 2421/2421/2421 127/127/127
f 127/127/127 2410/2410/2410 2483/2483/2483
f 1137/1137/1137 127/127/127 22/22/22
f 1137/1137/1137 22/22/22 345/345/345
f 1137/1137/1137 345/345/345 346/346/346
f 346/346/346 2506/2506/2506 2524/2524/2524
f 2524/2524/2524 2434/2434/2434 1137/1137/1137
f 346/346/346 2524/2524/2524 1137/1137/1137
f 2506/2506/2506 346/346/346 347/347/347
f 347/347/347 2558/2558/2558 2556/2556/2556
f 2535/2535/2535 2515/2515/2515 2506/2506/2506
f 347/347/347 2556/2556/2556 2535/2535/2535
f 347/347/347 2535/2535/2535 2506/2506/2506
f 347/347/347 21/21/21 167/167/167
f 167/167/167 2551/2551/2551 2558/2558/2558
f 167/167/167 2558/2558/2558 347/347/347
f 2570/2570/2570 2548/2548/2548 2551/2551/2551
f 2551/2551/2551 167/167/167 2578/2578/2578
f 2551/2551/2551 2578/2578/2578 2570/2570/2570
f 2599/2599/2599 2597/2597/2597 168/168/168
f 2599/2599/2599 168/168/168 2470/2470/2470
f 2395/2395/2395 1138/1138/1138 2452/2452/2452
f 2395/2395/2395 2452/2452/2452 2491/2491/2491
f 2522/2522/2522 2504/2504/2504 341/341/341
f 341/341/341 17/17/17 280/280/280
f 280/280/280 2520/2520/2520 2522/2522/2522
f 341/341/341 280/280/280 2522/2522/2522
f 2518/2518/2518 2520/2520/2520 280/280/280
f 280/280/280 281/281/281 2403/2403/2403
f 2403/2403/2403 2489/2489/2489 2530/2530/2530
f 2530/2530/2530 2518/2518/2518 280/280/280
f 280/280/280 2403/2403/2403 2530/2530/2530
f 2403/2403/2403 281/281/281 282/282/282
f 282/282/282 1138/1138/1138 2395/2395/2395
f 282/282/282 2395/2395/2395 2403/2403/2403
f 282/282/282 18/18/18 193/193/193
f 282/282/282 193/193/193 1138/1138/1138
f 2454/2454/2454 2452/2452/2452 1138/1138/1138
f 1138/1138/1138 193/193/193 2430/2430/2430
f 2457/2457/2457 2454/2454/2454 1138/1138/1138
f 1138/1138/1138 2430/2430/2430 2457/2457/2457
f 2412/2412/2412 2419/2419/2419 194/194/194
f 195/195/195 2487/2487/2487 2474/2474/2474
f 195/195/195 2474/2474/2474 2472/2472/2472
f 2495/2495/2495 2487/2487/2487 195/195/195
f 195/195/195 19/19/19 184/184/184
f 184/184/184 2502/2502/2502 2498/2498/2498
f 2498/2498/2498 2495/2495/2495 195/195/195
f 195/195/195 184/184/184 2498/2498/2498
f 2502/2502/2502 184/184/184 185/185/185
f 2502/2502/2502 185/185/185 2526/2526/2526
f 2532/2532/2532 2526/2526/2526 185/185/185
f 185/185/185 186/186/186 2542/2542/2542
f 2542/2542/2542 2528/2528/2528 2532/2532/2532
f 185/185/185 2542/2542/2542 2532/2532/2532
f 2560/2560/2560 2542/2542/2542 186/186/186
f 186/186/186 20/20/20 340/340/340
f 2563/2563/2563 2565/2565/2565 2568/2568/2568
f 186/186/186 340/340/340 2563/2563/2563
f 2568/2568/2568 2560/2560/2560 186/186/186
f 186/186/186 2563/2563/2563 2568/2568/2568
f 340/340/340 2573/2573/2573 2563/2563/2563
f 2546/2546/2546 2544/2544/2544 341/341/341
f 341/341/341 2504/2504/2504 2510/2510/2510
f 2510/2510/2510 2539/2539/2539 2546/2546/2546
f 341/341/341 2510/2510/2510 2546/2546/2546
f 1139/1139/1139 1140/1140/1140 1143/1143/1143
f 1139/1139/1139 1143/1143/1143 1142/1142/1142
f 1140/1140/1140 1141/1141/1141 1144/1144/1144
f 1140/1140/1140 1144/1144/1144 1143/1143/1143
f 1142/1142/1142 1143/1143/1143 1146/1146/1146
f 1142/1142/1142 1146/1146/1146 1145/1145/1145
f 1143/1143/1143 1144/1144/1144 1147/1147/1147
f 1143/1143/1143 1147/1147/1147 1146/1146/1146
f 1/1/1 119/119/119 1139/1139/1139
f 1/1/1 1139/1139/1139 133/133/133
f 119/119/119 120/120/120 1140/1140/1140
f 119/119/119 1140/1140/1140 1139/1139/1139
f 120/120/120 121/121/121 1141/1141/1141
f 120/120/120 1141/1141/1141 1140/1140/1140
f 121/121/121 13/13/13 122/122/122
f 121/121/121 122/122/122 1141/1141/1141
f 1141/1141/1141 122/122/122 123/123/123
f 1141/1141/1141 123/123/123 1144/1144/1144
f 1144/1144/1144 123/123/123 124/124/124
f 1144/1144/1144 124/124/124 1147/1147/1147
f 1147/1147/1147 124/124/124 14/14/14
f 1147/1147/1147 14/14/14 128/128/128
f 1146/1146/1146 1147/1147/1147 128/128/128
f 1146/1146/1146 128/128/128 129/129/129
f 1145/1145/1145 1146/1146/1146 129/129/129
f 1145/1145/1145 129/129/129 130/130/130
f 131/131/131 1145/1145/1145 130/130/130
f 131/131/131 130/130/130 2/2/2
f 132/132/132 1142/1142/1142 1145/1145/1145
f 132/132/132 1145/1145/1145 131/131/131
f 133/133/133 1139/1139/1139 1142/1142/1142
f 133/133/133 1142/1142/1142 132/132/132
f 1941/1941/1941 1945/1945/1945 2003/2003/2003
f 2003/2003/2003 1999/1999/1999 1943/1943/1943
f 1941/1941/1941 2003/2003/2003 1943/1943/1943
f 1149/1149/1149 1151/1151/1151 2002/2002/2002
f 1149/1149/1149 2002/2002/2002 2000/2000/2000
f 2004/2004/2004 2003/2003/2003 1945/1945/1945
f 1954/1954/1954 1956/1956/1956 1958/1958/1958
f 2004/2004/2004 1945/1945/1945 1954/1954/1954
f 1958/1958/1958 1961/1961/1961 2004/2004/2004
f 1954/1954/1954 1958/1958/1958 2004/2004/2004
f 2002/2002/2002 2001/2001/2001 1968/1968/1968
f 2002/2002/2002 1968/1968/1968 1970/1970/1970
f 1965/1965/1965 1952/1952/1952 2002/2002/2002
f 2002/2002/2002 1970/1970/1970 1963/1963/1963
f 1963/1963/1963 1965/1965/1965 2002/2002/2002
f 16/16/16 166/166/166 1148/1148/1148
f 16/16/16 1148/1148/1148 175/175/175
f 165/165/165 1975/1975/1975 1977/1977/1977
f 165/165/165 1977/1977/1977 1973/1973/1973
f 1980/1980/1980 1943/1943/1943 1999/1999/1999
f 165/165/165 1973/1973/1973 1980/1980/1980
f 165/165/165 1980/1980/1980 1999/1999/1999
f 165/165/165 164/164/164 1149/1149/1149
f 165/165/165 1149/1149/1149 2000/2000/2000
f 164/164/164 12/12/12 181/181/181
f 164/164/164 181/181/181 1149/1149/1149
f 1149/1149/1149 181/181/181 182/182/182
f 1149/1149/1149 182/182/182 1151/1151/1151
f 1151/1151/1151 182/182/182 183/183/183
f 1151/1151/1151 183/183/183 1153/1153/1153
f 1153/1153/1153 183/183/183 11/11/11
f 1153/1153/1153 11/11/11 142/142/142
f 1989/1989/1989 1968/1968/1968 2001/2001/2001
f 141/141/141 1993/1993/1993 1991/1991/1991
f 1987/1987/1987 1989/1989/1989 2001/2001/2001
f 141/141/141 1991/1991/1991 1987/1987/1987
f 2001/2001/2001 141/141/141 1987/1987/1987
f 2004/2004/2004 1961/1961/1961 1997/1997/1997
f 1995/1995/1995 1993/1993/1993 141/141/141
f 2004/2004/2004 1997/1997/1997 1995/1995/1995
f 141/141/141 2004/2004/2004 1995/1995/1995
f 177/177/177 1152/1152/1152 140/140/140
f 177/177/177 140/140/140 15/15/15
f 176/176/176 1150/1150/1150 1152/1152/1152
f 176/176/176 1152/1152/1152 177/177/177
f 175/175/175 1148/1148/1148 1150/1150/1150
f 175/175/175 1150/1150/1150 176/176/176
f 1155/1155/1155 1156/1156/1156 1154/1154/1154
f 1155/1155/1155 1154/1154/1154 1160/1160/1160
f 1157/1157/1157 1158/1158/1158 1154/1154/1154
f 1157/1157/1157 1154/1154/1154 1156/1156/1156
f 1159/1159/1159 1160/1160/1160 1154/1154/1154
f 1159/1159/1159 1154/1154/1154 1158/1158/1158
f 118/118/118 324/324/324 1155/1155/1155
f 118/118/118 1155/1155/1155 337/337/337
f 324/324/324 323/323/323 1156/1156/1156
f 324/324/324 1156/1156/1156 1155/1155/1155
f 337/337/337 1155/1155/1155 1160/1160/1160
f 337/337/337 1160/1160/1160 338/338/338
f 115/115/115 321/321/321 1157/1157/1157
f 115/115/115 1157/1157/1157 322/322/322
f 321/321/321 320/320/320 1158/1158/1158
f 321/321/321 1158/1158/1158 1157/1157/1157
f 322/322/322 1157/1157/1157 1156/1156/1156
f 322/322/322 1156/1156/1156 323/323/323
f 109/109/109 339/339/339 1159/1159/1159
f 109/109/109 1159/1159/1159 319/319/319
f 339/339/339 338/338/338 1160/1160/1160
f 339/339/339 1160/1160/1160 1159/1159/1159
f 319/319/319 1159/1159/1159 1158/1158/1158
f 319/319/319 1158/1158/1158 320/320/320
f 1161/1161/1161 1162/1162/1162 1165/1165/1165
f 1161/1161/1161 1165/1165/1165 1164/1164/1164
f 1162/1162/1162 1163/1163/1163 1166/1166/1166
f 1162/1162/1162 1166/1166/1166 1165/1165/1165
f 1164/1164/1164 1165/1165/1165 1168/1168/1168
f 1164/1164/1164 1168/1168/1168 1167/1167/1167
f 1165/1165/1165 1166/1166/1166 1169/1169/1169
f 1165/1165/1165 1169/1169/1169 1168/1168/1168
f 113/113/113 267/267/267 1161/1161/1161
f 113/113/113 1161/1161/1161 274/274/274
f 267/267/267 266/266/266 1162/1162/1162
f 267/267/267 1162/1162/1162 1161/1161/1161
f 266/266/266 265/265/265 1163/1163/1163
f 266/266/266 1163/1163/1163 1162/1162/1162
f 265/265/265 114/114/114 277/277/277
f 265/265/265 277/277/277 1163/1163/1163
f 1163/1163/1163 277/277/277 278/278/278
f 1163/1163/1163 278/278/278 1166/1166/1166
f 1166/1166/1166 278/278/278 279/279/279
f 1166/1166/1166 279/279/279 1169/1169/1169
f 1169/1169/1169 279/279/279 87/87/87
f 1169/1169/1169 87/87/87 283/283/283
f 1168/1168/1168 1169/1169/1169 283/283/283
f 1168/1168/1168 283/283/283 284/284/284
f 1167/1167/1167 1168/1168/1168 284/284/284
f 1167/1167/1167 284/284/284 285/285/285
f 276/276/276 1167/1167/1167 285/285/285
f 276/276/276 285/285/285 90/90/90
f 275/275/275 1164/1164/1164 1167/1167/1167
f 275/275/275 1167/1167/1167 276/276/276
f 274/274/274 1161/1161/1161 1164/1164/1164
f 274/274/274 1164/1164/1164 275/275/275
f 1170/1170/1170 1171/1171/1171 1174/1174/1174
f 1170/1170/1170 1174/1174/1174 1173/1173/1173
f 1171/1171/1171 1172/1172/1172 1175/1175/1175
f 1171/1171/1171 1175/1175/1175 1174/1174/1174
f 1173/1173/1173 1174/1174/1174 1177/1177/1177
f 1173/1173/1173 1177/1177/1177 1176/1176/1176
f 1174/1174/1174 1175/1175/1175 1178/1178/1178
f 1174/1174/1174 1178/1178/1178 1177/1177/1177
f 47/47/47 395/395/395 1170/1170/1170
f 47/47/47 1170/1170/1170 413/413/413
f 395/395/395 394/394/394 1171/1171/1171
f 395/395/395 1171/1171/1171 1170/1170/1170
f 394/394/394 393/393/393 1172/1172/1172
f 394/394/394 1172/1172/1172 1171/1171/1171
f 393/393/393 48/48/48 414/414/414
f 393/393/393 414/414/414 1172/1172/1172
f 1172/1172/1172 414/414/414 415/415/415
f 1172/1172/1172 415/415/415 1175/1175/1175
f 1175/1175/1175 415/415/415 416/416/416
f 1175/1175/1175 416/416/416 1178/1178/1178
f 1178/1178/1178 416/416/416 52/52/52
f 1178/1178/1178 52/52/52 417/417/417
f 1177/1177/1177 1178/1178/1178 417/417/417
f 1177/1177/1177 417/417/417 418/418/418
f 1176/1176/1176 1177/1177/1177 418/418/418
f 1176/1176/1176 418/418/418 419/419/419
f 411/411/411 1176/1176/1176 419/419/419
f 411/411/411 419/419/419 51/51/51
f 412/412/412 1173/1173/1173 1176/1176/1176
f 412/412/412 1176/1176/1176 411/411/411
f 413/413/413 1170/1170/1170 1173/1173/1173
f 413/413/413 1173/1173/1173 412/412/412
f 1179/1179/1179 1180/1180/1180 1183/1183/1183
f 1179/1179/1179 1183/1183/1183 1182/1182/1182
f 1180/1180/1180 1181/1181/1181 1184/1184/1184
f 1180/1180/1180 1184/1184/1184 1183/1183/1183
f 1182/1182/1182 1183/1183/1183 1186/1186/1186
f 1182/1182/1182 1186/1186/1186 1185/1185/1185
f 1183/1183/1183 1184/1184/1184 1187/1187/1187
f 1183/1183/1183 1187/1187/1187 1186/1186/1186
f 48/48/48 401/401/401 1179/1179/1179
f 48/48/48 1179/1179/1179 414/414/414
f 401/401/401 400/400/400 1180/1180/1180
f 401/401/401 1180/1180/1180 1179/1179/1179
f 400/400/400 399/399/399 1181/1181/1181
f 400/400/400 1181/1181/1181 1180/1180/1180
f 399/399/399 49/49/49 420/420/420
f 399/399/399 420/420/420 1181/1181/1181
f 1181/1181/1181 420/420/420 421/421/421
f 1181/1181/1181 421/421/421 1184/1184/1184
f 1184/1184/1184 421/421/421 422/422/422
f 1184/1184/1184 422/422/422 1187/1187/1187
f 1187/1187/1187 422/422/422 53/53/53
f 1187/1187/1187 53/53/53 423/423/423
f 1186/1186/1186 1187/1187/1187 423/423/423
f 1186/1186/1186 423/423/423 424/424/424
f 1185/1185/1185 1186/1186/1186 424/424/424
f 1185/1185/1185 424/424/424 425/425/425
f 416/416/416 1185/1185/1185 425/425/425
f 416/416/416 425/425/425 52/52/52
f 415/415/415 1182/1182/1182 1185/1185/1185
f 415/415/415 1185/1185/1185 416/416/416
f 414/414/414 1179/1179/1179 1182/1182/1182
f 414/414/414 1182/1182/1182 415/415/415
f 1188/1188/1188 1189/1189/1189 1192/1192/1192
f 1188/1188/1188 1192/1192/1192 1191/1191/1191
f 1189/1189/1189 1190/1190/1190 1193/1193/1193
f 1189/1189/1189 1193/1193/1193 1192/1192/1192
f 1191/1191/1191 1192/1192/1192 1195/1195/1195
f 1191/1191/1191 1195/1195/1195 1194/1194/1194
f 1192/1192/1192 1193/1193/1193 1196/1196/1196
f 1192/1192/1192 1196/1196/1196 1195/1195/1195
f 49/49/49 407/407/407 1188/1188/1188
f 49/49/49 1188/1188/1188 420/420/420
f 407/407/407 406/406/406 1189/1189/1189
f 407/407/407 1189/1189/1189 1188/1188/1188
f 406/406/406 405/405/405 1190/1190/1190
f 406/406/406 1190/1190/1190 1189/1189/1189
f 405/405/405 50/50/50 426/426/426
f 405/405/405 426/426/426 1190/1190/1190
f 1190/1190/1190 426/426/426 427/427/427
f 1190/1190/1190 427/427/427 1193/1193/1193
f 1193/1193/1193 427/427/427 428/428/428
f 1193/1193/1193 428/428/428 1196/1196/1196
f 1196/1196/1196 428/428/428 54/54/54
f 1196/1196/1196 54/54/54 429/429/429
f 1195/1195/1195 1196/1196/1196 429/429/429
f 1195/1195/1195 429/429/429 430/430/430
f 1194/1194/1194 1195/1195/1195 430/430/430
f 1194/1194/1194 430/430/430 431/431/431
f 422/422/422 1194/1194/1194 431/431/431
f 422/422/422 431/431/431 53/53/53
f 421/421/421 1191/1191/1191 1194/1194/1194
f 421/421/421 1194/1194/1194 422/422/422
f 420/420/420 1188/1188/1188 1191/1191/1191
f 420/420/420 1191/1191/1191 421/421/421
f 1197/1197/1197 1198/1198/1198 1201/1201/1201
f 1197/1197/1197 1201/1201/1201 1200/1200/1200
f 1198/1198/1198 1199/1199/1199 1202/1202/1202
f 1198/1198/1198 1202/1202/1202 1201/1201/1201
f 1200/1200/1200 1201/1201/1201 1204/1204/1204
f 1200/1200/1200 1204/1204/1204 1203/1203/1203
f 1201/1201/1201 1202/1202/1202 1205/1205/1205
f 1201/1201/1201 1205/1205/1205 1204/1204/1204
f 50/50/50 410/410/410 1197/1197/1197
f 50/50/50 1197/1197/1197 426/426/426
f 410/410/410 409/409/409 1198/1198/1198
f 410/410/410 1198/1198/1198 1197/1197/1197
f 409/409/409 408/408/408 1199/1199/1199
f 409/409/409 1199/1199/1199 1198/1198/1198
f 408/408/408 47/47/47 413/413/413
f 408/408/408 413/413/413 1199/1199/1199
f 1199/1199/1199 413/413/413 412/412/412
f 1199/1199/1199 412/412/412 1202/1202/1202
f 1202/1202/1202 412/412/412 411/411/411
f 1202/1202/1202 411/411/411 1205/1205/1205
f 1205/1205/1205 411/411/411 51/51/51
f 1205/1205/1205 51/51/51 432/432/432
f 1204/1204/1204 1205/1205/1205 432/432/432
f 1204/1204/1204 432/432/432 433/433/433
f 1203/1203/1203 1204/1204/1204 433/433/433
f 1203/1203/1203 433/433/433 434/434/434
f 428/428/428 1203/1203/1203 434/434/434
f 428/428/428 434/434/434 54/54/54
f 427/427/427 1200/1200/1200 1203/1203/1203
f 427/427/427 1203/1203/1203 428/428/428
f 426/426/426 1197/1197/1197 1200/1200/1200
f 426/426/426 1200/1200/1200 427/427/427
f 1206/1206/1206 1207/1207/1207 1210/1210/1210
f 1206/1206/1206 1210/1210/1210 1209/1209/1209
f 1207/1207/1207 1208/1208/1208 1211/1211/1211
f 1207/1207/1207 1211/1211/1211 1210/1210/1210
f 1209/1209/1209 1210/1210/1210 1213/1213/1213
f 1209/1209/1209 1213/1213/1213 1212/1212/1212
f 1210/1210/1210 1211/1211/1211 1214/1214/1214
f 1210/1210/1210 1214/1214/1214 1213/1213/1213
f 51/51/51 419/419/419 1206/1206/1206
f 51/51/51 1206/1206/1206 437/437/437
f 419/419/419 418/418/418 1207/1207/1207
f 419/419/419 1207/1207/1207 1206/1206/1206
f 418/418/418 417/417/417 1208/1208/1208
f 418/418/418 1208/1208/1208 1207/1207/1207
f 417/417/417 52/52/52 438/438/438
f 417/417/417 438/438/438 1208/1208/1208
f 1208/1208/1208 438/438/438 439/439/439
f 1208/1208/1208 439/439/439 1211/1211/1211
f 1211/1211/1211 439/439/439 440/440/440
f 1211/1211/1211 440/440/440 1214/1214/1214
f 1214/1214/1214 440/440/440 56/56/56
f 1214/1214/1214 56/56/56 441/441/441
f 1213/1213/1213 1214/1214/1214 441/441/441
f 1213/1213/1213 441/441/441 442/442/442
f 1212/1212/1212 1213/1213/1213 442/442/442
f 1212/1212/1212 442/442/442 443/443/443
f 435/435/435 1212/1212/1212 443/443/443
f 435/435/435 443/443/443 55/55/55
f 436/436/436 1209/1209/1209 1212/1212/1212
f 436/436/436 1212/1212/1212 435/435/435
f 437/437/437 1206/1206/1206 1209/1209/1209
f 437/437/437 1209/1209/1209 436/436/436
f 1215/1215/1215 1216/1216/1216 1219/1219/1219
f 1215/1215/1215 1219/1219/1219 1218/1218/1218
f 1216/1216/1216 1217/1217/1217 1220/1220/1220
f 1216/1216/1216 1220/1220/1220 1219/1219/1219
f 1218/1218/1218 1219/1219/1219 1222/1222/1222
f 1218/1218/1218 1222/1222/1222 1221/1221/1221
f 1219/1219/1219 1220/1220/1220 1223/1223/1223
f 1219/1219/1219 1223/1223/1223 1222/1222/1222
f 52/52/52 425/425/425 1215/1215/1215
f 52/52/52 1215/1215/1215 438/438/438
f 425/425/425 424/424/424 1216/1216/1216
f 425/425/425 1216/1216/1216 1215/1215/1215
f 424/424/424 423/423/423 1217/1217/1217
f 424/424/424 1217/1217/1217 1216/1216/1216
f 423/423/423 53/53/53 444/444/444
f 423/423/423 444/444/444 1217/1217/1217
f 1217/1217/1217 444/444/444 445/445/445
f 1217/1217/1217 445/445/445 1220/1220/1220
f 1220/1220/1220 445/445/445 446/446/446
f 1220/1220/1220 446/446/446 1223/1223/1223
f 1223/1223/1223 446/446/446 57/57/57
f 1223/1223/1223 57/57/57 447/447/447
f 1222/1222/1222 1223/1223/1223 447/447/447
f 1222/1222/1222 447/447/447 448/448/448
f 1221/1221/1221 1222/1222/1222 448/448/448
f 1221/1221/1221 448/448/448 449/449/449
f 440/440/440 1221/1221/1221 449/449/449
f 440/440/440 449/449/449 56/56/56
f 439/439/439 1218/1218/1218 1221/1221/1221
f 439/439/439 1221/1221/1221 440/440/440
f 438/438/438 1215/1215/1215 1218/1218/1218
f 438/438/438 1218/1218/1218 439/439/439
f 1224/1224/1224 1225/1225/1225 1228/1228/1228
f 1224/1224/1224 1228/1228/1228 1227/1227/1227
f 1225/1225/1225 1226/1226/1226 1229/1229/1229
f 1225/1225/1225 1229/1229/1229 1228/1228/1228
f 1227/1227/1227 1228/1228/1228 1231/1231/1231
f 1227/1227/1227 1231/1231/1231 1230/1230/1230
f 1228/1228/1228 1229/1229/1229 1232/1232/1232
f 1228/1228/1228 1232/1232/1232 1231/1231/1231
f 53/53/53 431/431/431 1224/1224/1224
f 53/53/53 1224/1224/1224 444/444/444
f 431/431/431 430/430/430 1225/1225/1225
f 431/431/431 1225/1225/1225 1224/1224/1224
f 430/430/430 429/429/429 1226/1226/1226
f 430/430/430 1226/1226/1226 1225/1225/1225
f 429/429/429 54/54/54 450/450/450
f 429/429/429 450/450/450 1226/1226/1226
f 1226/1226/1226 450/450/450 451/451/451
f 1226/1226/1226 451/451/451 1229/1229/1229
f 1229/1229/1229 451/451/451 452/452/452
f 1229/1229/1229 452/452/452 1232/1232/1232
f 1232/1232/1232 452/452/452 58/58/58
f 1232/1232/1232 58/58/58 453/453/453
f 1231/1231/1231 1232/1232/1232 453/453/453
f 1231/1231/1231 453/453/453 454/454/454
f 1230/1230/1230 1231/1231/1231 454/454/454
f 1230/1230/1230 454/454/454 455/455/455
f 446/446/446 1230/1230/1230 455/455/455
f 446/446/446 455/455/455 57/57/57
f 445/445/445 1227/1227/1227 1230/1230/1230
f 445/445/445 1230/1230/1230 446/446/446
f 444/444/444 1224/1224/1224 1227/1227/1227
f 444/444/444 1227/1227/1227 445/445/445
f 1233/1233/1233 1234/1234/1234 1237/1237/1237
f 1233/1233/1233 1237/1237/1237 1236/1236/1236
f 1234/1234/1234 1235/1235/1235 1238/1238/1238
f 1234/1234/1234 1238/1238/1238 1237/1237/1237
f 1236/1236/1236 1237/1237/1237 1240/1240/1240
f 1236/1236/1236 1240/1240/1240 1239/1239/1239
f 1237/1237/1237 1238/1238/1238 1241/1241/1241
f 1237/1237/1237 1241/1241/1241 1240/1240/1240
f 54/54/54 434/434/434 1233/1233/1233
f 54/54/54 1233/1233/1233 450/450/450
f 434/434/434 433/433/433 1234/1234/1234
f 434/434/434 1234/1234/1234 1233/1233/1233
f 433/433/433 432/432/432 1235/1235/1235
f 433/433/433 1235/1235/1235 1234/1234/1234
f 432/432/432 51/51/51 437/437/437
f 432/432/432 437/437/437 1235/1235/1235
f 1235/1235/1235 437/437/437 436/436/436
f 1235/1235/1235 436/436/436 1238/1238/1238
f 1238/1238/1238 436/436/436 435/435/435
f 1238/1238/1238 435/435/435 1241/1241/1241
f 1241/1241/1241 435/435/435 55/55/55
f 1241/1241/1241 55/55/55 456/456/456
f 1240/1240/1240 1241/1241/1241 456/456/456
f 1240/1240/1240 456/456/456 457/457/457
f 1239/1239/1239 1240/1240/1240 457/457/457
f 1239/1239/1239 457/457/457 458/458/458
f 452/452/452 1239/1239/1239 458/458/458
f 452/452/452 458/458/458 58/58/58
f 451/451/451 1236/1236/1236 1239/1239/1239
f 451/451/451 1239/1239/1239 452/452/452
f 450/450/450 1233/1233/1233 1236/1236/1236
f 450/450/450 1236/1236/1236 451/451/451
f 1242/1242/1242 1243/1243/1243 1246/1246/1246
f 1242/1242/1242 1246/1246/1246 1245/1245/1245
f 1243/1243/1243 1244/1244/1244 1247/1247/1247
f 1243/1243/1243 1247/1247/1247 1246/1246/1246
f 1245/1245/1245 1246/1246/1246 1249/1249/1249
f 1245/1245/1245 1249/1249/1249 1248/1248/1248
f 1246/1246/1246 1247/1247/1247 1250/1250/1250
f 1246/1246/1246 1250/1250/1250 1249/1249/1249
f 55/55/55 443/443/443 1242/1242/1242
f 55/55/55 1242/1242/1242 461/461/461
f 443/443/443 442/442/442 1243/1243/1243
f 443/443/443 1243/1243/1243 1242/1242/1242
f 442/442/442 441/441/441 1244/1244/1244
f 442/442/442 1244/1244/1244 1243/1243/1243
f 441/441/441 56/56/56 462/462/462
f 441/441/441 462/462/462 1244/1244/1244
f 1244/1244/1244 462/462/462 463/463/463
f 1244/1244/1244 463/463/463 1247/1247/1247
f 1247/1247/1247 463/463/463 464/464/464
f 1247/1247/1247 464/464/464 1250/1250/1250
f 1250/1250/1250 464/464/464 60/60/60
f 1250/1250/1250 60/60/60 465/465/465
f 1249/1249/1249 1250/1250/1250 465/465/465
f 1249/1249/1249 465/465/465 466/466/466
f 1248/1248/1248 1249/1249/1249 466/466/466
f 1248/1248/1248 466/466/466 467/467/467
f 459/459/459 1248/1248/1248 467/467/467
f 459/459/459 467/467/467 59/59/59
f 460/460/460 1245/1245/1245 1248/1248/1248
f 460/460/460 1248/1248/1248 459/459/459
f 461/461/461 1242/1242/1242 1245/1245/1245
f 461/461/461 1245/1245/1245 460/460/460
f 1251/1251/1251 1252/1252/1252 1255/1255/1255
f 1251/1251/1251 1255/1255/1255 1254/1254/1254
f 1252/1252/1252 1253/1253/1253 1256/1256/1256
f 1252/1252/1252 1256/1256/1256 1255/1255/1255
f 1254/1254/1254 1255/1255/1255 1258/1258/1258
f 1254/1254/1254 1258/1258/1258 1257/1257/1257
f 1255/1255/1255 1256/1256/1256 1259/1259/1259
f 1255/1255/1255 1259/1259/1259 1258/1258/1258
f 56/56/56 449/449/449 1251/1251/1251
f 56/56/56 1251/1251/1251 462/462/462
f 449/449/449 448/448/448 1252/1252/1252
f 449/449/449 1252/1252/1252 1251/1251/1251
f 448/448/448 447/447/447 1253/1253/1253
f 448/448/448 1253/1253/1253 1252/1252/1252
f 447/447/447 57/57/57 468/468/468
f 447/447/447 468/468/468 1253/1253/1253
f 1253/1253/1253 468/468/468 469/469/469
f 1253/1253/1253 469/469/469 1256/1256/1256
f 1256/1256/1256 469/469/469 470/470/470
f 1256/1256/1256 470/470/470 1259/1259/1259
f 1259/1259/1259 470/470/470 61/61/61
f 1259/1259/1259 61/61/61 471/471/471
f 1258/1258/1258 1259/1259/1259 471/471/471
f 1258/1258/1258 471/471/471 472/472/472
f 1257/1257/1257 1258/1258/1258 472/472/472
f 1257/1257/1257 472/472/472 473/473/473
f 464/464/464 1257/1257/1257 473/473/473
f 464/464/464 473/473/473 60/60/60
f 463/463/463 1254/1254/1254 1257/1257/1257
f 463/463/463 1257/1257/1257 464/464/464
f 462/462/462 1251/1251/1251 1254/1254/1254
f 462/462/462 1254/1254/1254 463/463/463
f 1260/1260/1260 1261/1261/1261 1264/1264/1264
f 1260/1260/1260 1264/1264/1264 1263/1263/1263
f 1261/1261/1261 1262/1262/1262 1265/1265/1265
f 1261/1261/1261 1265/1265/1265 1264/1264/1264
f 1263/1263/1263 1264/1264/1264 1267/1267/1267
f 1263/1263/1263 1267/1267/1267 1266/1266/1266
f 1264/1264/1264 1265/1265/1265 1268/1268/1268
f 1264/1264/1264 1268/1268/1268 1267/1267/1267
f 57/57/57 455/455/455 1260/1260/1260
f 57/57/57 1260/1260/1260 468/468/468
f 455/455/455 454/454/454 1261/1261/1261
f 455/455/455 1261/1261/1261 1260/1260/1260
f 454/454/454 453/453/453 1262/1262/1262
f 454/454/454 1262/1262/1262 1261/1261/1261
f 453/453/453 58/58/58 474/474/474
f 453/453/453 474/474/474 1262/1262/1262
f 1262/1262/1262 474/474/474 475/475/475
f 1262/1262/1262 475/475/475 1265/1265/1265
f 1265/1265/1265 475/475/475 476/476/476
f 1265/1265/1265 476/476/476 1268/1268/1268
f 1268/1268/1268 476/476/476 62/62/62
f 1268/1268/1268 62/62/62 477/477/477
f 1267/1267/1267 1268/1268/1268 477/477/477
f 1267/1267/1267 477/477/477 478/478/478
f 1266/1266/1266 1267/1267/1267 478/478/478
f 1266/1266/1266 478/478/478 479/479/479
f 470/470/470 1266/1266/1266 479/479/479
f 470/470/470 479/479/479 61/61/61
f 469/469/469 1263/1263/1263 1266/1266/1266
f 469/469/469 1266/1266/1266 470/470/470
f 468/468/468 1260/1260/1260 1263/1263/1263
f 468/468/468 1263/1263/1263 469/469/469
f 1269/1269/1269 1270/1270/1270 1273/1273/1273
f 1269/1269/1269 1273/1273/1273 1272/1272/1272
f 1270/1270/1270 1271/1271/1271 1274/1274/1274
f 1270/1270/1270 1274/1274/1274 1273/1273/1273
f 1272/1272/1272 1273/1273/1273 1276/1276/1276
f 1272/1272/1272 1276/1276/1276 1275/1275/1275
f 1273/1273/1273 1274/1274/1274 1277/1277/1277
f 1273/1273/1273 1277/1277/1277 1276/1276/1276
f 58/58/58 458/458/458 1269/1269/1269
f 58/58/58 1269/1269/1269 474/474/474
f 458/458/458 457/457/457 1270/1270/1270
f 458/458/458 1270/1270/1270 1269/1269/1269
f 457/457/457 456/456/456 1271/1271/1271
f 457/457/457 1271/1271/1271 1270/1270/1270
f 456/456/456 55/55/55 461/461/461
f 456/456/456 461/461/461 1271/1271/1271
f 1271/1271/1271 461/461/461 460/460/460
f 1271/1271/1271 460/460/460 1274/1274/1274
f 1274/1274/1274 460/460/460 459/459/459
f 1274/1274/1274 459/459/459 1277/1277/1277
f 1277/1277/1277 459/459/459 59/59/59
f 1277/1277/1277 59/59/59 480/480/480
f 1276/1276/1276 1277/1277/1277 480/480/480
f 1276/1276/1276 480/480/480 481/481/481
f 1275/1275/1275 1276/1276/1276 481/481/481
f 1275/1275/1275 481/481/481 482/482/482
f 476/476/476 1275/1275/1275 482/482/482
f 476/476/476 482/482/482 62/62/62
f 475/475/475 1272/1272/1272 1275/1275/1275
f 475/475/475 1275/1275/1275 476/476/476
f 474/474/474 1269/1269/1269 1272/1272/1272
f 474/474/474 1272/1272/1272 475/475/475
f 1278/1278/1278 1279/1279/1279 1282/1282/1282
f 1278/1278/1278 1282/1282/1282 1281/1281/1281
f 1279/1279/1279 1280/1280/1280 1283/1283/1283
f 1279/1279/1279 1283/1283/1283 1282/1282/1282
f 1281/1281/1281 1282/1282/1282 1285/1285/1285
f 1281/1281/1281 1285/1285/1285 1284/1284/1284
f 1282/1282/1282 1283/1283/1283 1286/1286/1286
f 1282/1282/1282 1286/1286/1286 1285/1285/1285
f 59/59/59 467/467/467 1278/1278/1278
f 59/59/59 1278/1278/1278 485/485/485
f 467/467/467 466/466/466 1279/1279/1279
f 467/467/467 1279/1279/1279 1278/1278/1278
f 466/466/466 465/465/465 1280/1280/1280
f 466/466/466 1280/1280/1280 1279/1279/1279
f 465/465/465 60/60/60 486/486/486
f 465/465/465 486/486/486 1280/1280/1280
f 1280/1280/1280 486/486/486 487/487/487
f 1280/1280/1280 487/487/487 1283/1283/1283
f 1283/1283/1283 487/487/487 488/488/488
f 1283/1283/1283 488/488/488 1286/1286/1286
f 1286/1286/1286 488/488/488 18/18/18
f 1286/1286/1286 18/18/18 282/282/282
f 1285/1285/1285 1286/1286/1286 282/282/282
f 1285/1285/1285 282/282/282 281/281/281
f 1284/1284/1284 1285/1285/1285 281/281/281
f 1284/1284/1284 281/281/281 280/280/280
f 483/483/483 1284/1284/1284 280/280/280
f 483/483/483 280/280/280 17/17/17
f 484/484/484 1281/1281/1281 1284/1284/1284
f 484/484/484 1284/1284/1284 483/483/483
f 485/485/485 1278/1278/1278 1281/1281/1281
f 485/485/485 1281/1281/1281 484/484/484
f 1287/1287/1287 1288/1288/1288 1291/1291/1291
f 1287/1287/1287 1291/1291/1291 1290/1290/1290
f 1288/1288/1288 1289/1289/1289 1292/1292/1292
f 1288/1288/1288 1292/1292/1292 1291/1291/1291
f 1290/1290/1290 1291/1291/1291 1294/1294/1294
f 1290/1290/1290 1294/1294/1294 1293/1293/1293
f 1294/1294/1294 1291/1291/1291 1292/1292/1292
f 1292/1292/1292 1295/1295/1295 2619/2619/2619
f 1292/1292/1292 2619/2619/2619 1294/1294/1294
f 60/60/60 473/473/473 1287/1287/1287
f 60/60/60 1287/1287/1287 486/486/486
f 473/473/473 472/472/472 1288/1288/1288
f 473/473/473 1288/1288/1288 1287/1287/1287
f 472/472/472 471/471/471 1289/1289/1289
f 472/472/472 1289/1289/1289 1288/1288/1288
f 471/471/471 61/61/61 489/489/489
f 471/471/471 489/489/489 1289/1289/1289
f 1289/1289/1289 489/489/489 490/490/490
f 1289/1289/1289 490/490/490 1292/1292/1292
f 1292/1292/1292 490/490/490 491/491/491
f 1292/1292/1292 491/491/491 1295/1295/1295
f 1295/1295/1295 491/491/491 19/19/19
f 1295/1295/1295 19/19/19 195/195/195
f 2412/2412/2412 194/194/194 2620/2620/2620
f 2620/2620/2620 2459/2459/2459 2444/2444/2444
f 2436/2436/2436 2414/2414/2414 2412/2412/2412
f 2620/2620/2620 2444/2444/2444 2436/2436/2436
f 2620/2620/2620 2436/2436/2436 2412/2412/2412
f 1293/1293/1293 1294/1294/1294 194/194/194
f 1293/1293/1293 194/194/194 193/193/193
f 488/488/488 1293/1293/1293 193/193/193
f 488/488/488 193/193/193 18/18/18
f 487/487/487 1290/1290/1290 1293/1293/1293
f 487/487/487 1293/1293/1293 488/488/488
f 486/486/486 1287/1287/1287 1290/1290/1290
f 486/486/486 1290/1290/1290 487/487/487
f 1296/1296/1296 1297/1297/1297 1300/1300/1300
f 1296/1296/1296 1300/1300/1300 1299/1299/1299
f 1297/1297/1297 1298/1298/1298 1301/1301/1301
f 1297/1297/1297 1301/1301/1301 1300/1300/1300
f 1299/1299/1299 1300/1300/1300 1303/1303/1303
f 1299/1299/1299 1303/1303/1303 1302/1302/1302
f 1300/1300/1300 1301/1301/1301 1304/1304/1304
f 1300/1300/1300 1304/1304/1304 1303/1303/1303
f 61/61/61 479/479/479 1296/1296/1296
f 61/61/61 1296/1296/1296 489/489/489
f 479/479/479 478/478/478 1297/1297/1297
f 479/479/479 1297/1297/1297 1296/1296/1296
f 478/478/478 477/477/477 1298/1298/1298
f 478/478/478 1298/1298/1298 1297/1297/1297
f 477/477/477 62/62/62 492/492/492
f 477/477/477 492/492/492 1298/1298/1298
f 1298/1298/1298 492/492/492 493/493/493
f 1298/1298/1298 493/493/493 1301/1301/1301
f 1301/1301/1301 493/493/493 494/494/494
f 1301/1301/1301 494/494/494 1304/1304/1304
f 1304/1304/1304 494/494/494 20/20/20
f 1304/1304/1304 20/20/20 186/186/186
f 1303/1303/1303 1304/1304/1304 186/186/186
f 1303/1303/1303 186/186/186 185/185/185
f 1302/1302/1302 1303/1303/1303 185/185/185
f 1302/1302/1302 185/185/185 184/184/184
f 491/491/491 1302/1302/1302 184/184/184
f 491/491/491 184/184/184 19/19/19
f 490/490/490 1299/1299/1299 1302/1302/1302
f 490/490/490 1302/1302/1302 491/491/491
f 489/489/489 1296/1296/1296 1299/1299/1299
f 489/489/489 1299/1299/1299 490/490/490
f 1305/1305/1305 1306/1306/1306 1309/1309/1309
f 1305/1305/1305 1309/1309/1309 1308/1308/1308
f 1306/1306/1306 1307/1307/1307 1310/1310/1310
f 1306/1306/1306 1310/1310/1310 1309/1309/1309
f 1308/1308/1308 1309/1309/1309 1312/1312/1312
f 1308/1308/1308 1312/1312/1312 1311/1311/1311
f 1309/1309/1309 1310/1310/1310 1313/1313/1313
f 1309/1309/1309 1313/1313/1313 1312/1312/1312
f 62/62/62 482/482/482 1305/1305/1305
f 62/62/62 1305/1305/1305 492/492/492
f 482/482/482 481/481/481 1306/1306/1306
f 482/482/482 1306/1306/1306 1305/1305/1305
f 481/481/481 480/480/480 1307/1307/1307
f 481/481/481 1307/1307/1307 1306/1306/1306
f 480/480/480 59/59/59 485/485/485
f 480/480/480 485/485/485 1307/1307/1307
f 1307/1307/1307 485/485/485 484/484/484
f 1307/1307/1307 484/484/484 1310/1310/1310
f 1310/1310/1310 484/484/484 483/483/483
f 1310/1310/1310 483/483/483 1313/1313/1313
f 1313/1313/1313 483/483/483 17/17/17
f 1313/1313/1313 17/17/17 341/341/341
f 2593/2593/2593 2595/2595/2595 1312/1312/1312
f 1312/1312/1312 1313/1313/1313 341/341/341
f 341/341/341 2544/2544/2544 2553/2553/2553
f 2553/2553/2553 2593/2593/2593 1312/1312/1312
f 1312/1312/1312 341/341/341 2553/2553/2553
f 2573/2573/2573 340/340/340 1311/1311/1311
f 1311/1311/1311 1312/1312/1312 2595/2595/2595
f 2595/2595/2595 2601/2601/2601 2603/2603/2603
f 2605/2605/2605 2582/2582/2582 2580/2580/2580
f 2595/2595/2595 2603/2603/2603 2605/2605/2605
f 2573/2573/2573 1311/1311/1311 2595/2595/2595
f 2605/2605/2605 2580/2580/2580 2573/2573/2573
f 2595/2595/2595 2605/2605/2605 2573/2573/2573
f 494/494/494 1311/1311/1311 340/340/340
f 494/494/494 340/340/340 20/20/20
f 493/493/493 1308/1308/1308 1311/1311/1311
f 493/493/493 1311/1311/1311 494/494/494
f 492/492/492 1305/1305/1305 1308/1308/1308
f 492/492/492 1308/1308/1308 493/493/493
f 1314/1314/1314 1315/1315/1315 1318/1318/1318
f 1314/1314/1314 1318/1318/1318 1317/1317/1317
f 1315/1315/1315 1316/1316/1316 1319/1319/1319
f 1315/1315/1315 1319/1319/1319 1318/1318/1318
f 1317/1317/1317 1318/1318/1318 1321/1321/1321
f 1317/1317/1317 1321/1321/1321 1320/1320/1320
f 1318/1318/1318 1319/1319/1319 1322/1322/1322
f 1318/1318/1318 1322/1322/1322 1321/1321/1321
f 63/63/63 498/498/498 1314/1314/1314
f 63/63/63 1314/1314/1314 497/497/497
f 498/498/498 499/499/499 1315/1315/1315
f 498/498/498 1315/1315/1315 1314/1314/1314
f 499/499/499 500/500/500 1316/1316/1316
f 499/499/499 1316/1316/1316 1315/1315/1315
f 500/500/500 64/64/64 501/501/501
f 500/500/500 501/501/501 1316/1316/1316
f 1316/1316/1316 501/501/501 502/502/502
f 1316/1316/1316 502/502/502 1319/1319/1319
f 1319/1319/1319 502/502/502 503/503/503
f 1319/1319/1319 503/503/503 1322/1322/1322
f 1322/1322/1322 503/503/503 14/14/14
f 1322/1322/1322 14/14/14 124/124/124
f 1321/1321/1321 1322/1322/1322 124/124/124
f 1321/1321/1321 124/124/124 123/123/123
f 1320/1320/1320 1321/1321/1321 123/123/123
f 1320/1320/1320 123/123/123 122/122/122
f 495/495/495 1320/1320/1320 122/122/122
f 495/495/495 122/122/122 13/13/13
f 496/496/496 1317/1317/1317 1320/1320/1320
f 496/496/496 1320/1320/1320 495/495/495
f 497/497/497 1314/1314/1314 1317/1317/1317
f 497/497/497 1317/1317/1317 496/496/496
f 1323/1323/1323 1324/1324/1324 1327/1327/1327
f 1323/1323/1323 1327/1327/1327 1326/1326/1326
f 1324/1324/1324 1325/1325/1325 1328/1328/1328
f 1324/1324/1324 1328/1328/1328 1327/1327/1327
f 1326/1326/1326 1327/1327/1327 1330/1330/1330
f 1326/1326/1326 1330/1330/1330 1329/1329/1329
f 1327/1327/1327 1328/1328/1328 1331/1331/1331
f 1327/1327/1327 1331/1331/1331 1330/1330/1330
f 64/64/64 504/504/504 1323/1323/1323
f 64/64/64 1323/1323/1323 501/501/501
f 504/504/504 505/505/505 1324/1324/1324
f 504/504/504 1324/1324/1324 1323/1323/1323
f 505/505/505 506/506/506 1325/1325/1325
f 505/505/505 1325/1325/1325 1324/1324/1324
f 506/506/506 65/65/65 507/507/507
f 506/506/506 507/507/507 1325/1325/1325
f 1325/1325/1325 507/507/507 508/508/508
f 1325/1325/1325 508/508/508 1328/1328/1328
f 1328/1328/1328 508/508/508 509/509/509
f 1328/1328/1328 509/509/509 1331/1331/1331
f 1331/1331/1331 509/509/509 15/15/15
f 1331/1331/1331 15/15/15 136/136/136
f 1330/1330/1330 1331/1331/1331 136/136/136
f 1330/1330/1330 136/136/136 135/135/135
f 1329/1329/1329 1330/1330/1330 135/135/135
f 1329/1329/1329 135/135/135 134/134/134
f 503/503/503 1329/1329/1329 134/134/134
f 503/503/503 134/134/134 14/14/14
f 502/502/502 1326/1326/1326 1329/1329/1329
f 502/502/502 1329/1329/1329 503/503/503
f 501/501/501 1323/1323/1323 1326/1326/1326
f 501/501/501 1326/1326/1326 502/502/502
f 1332/1332/1332 1333/1333/1333 1336/1336/1336
f 1332/1332/1332 1336/1336/1336 1335/1335/1335
f 1333/1333/1333 1334/1334/1334 1337/1337/1337
f 1333/1333/1333 1337/1337/1337 1336/1336/1336
f 1335/1335/1335 1336/1336/1336 1339/1339/1339
f 1335/1335/1335 1339/1339/1339 1338/1338/1338
f 1336/1336/1336 1337/1337/1337 1340/1340/1340
f 1336/1336/1336 1340/1340/1340 1339/1339/1339
f 65/65/65 510/510/510 1332/1332/1332
f 65/65/65 1332/1332/1332 507/507/507
f 510/510/510 511/511/511 1333/1333/1333
f 510/510/510 1333/1333/1333 1332/1332/1332
f 511/511/511 512/512/512 1334/1334/1334
f 511/511/511 1334/1334/1334 1333/1333/1333
f 512/512/512 66/66/66 513/513/513
f 512/512/512 513/513/513 1334/1334/1334
f 1334/1334/1334 513/513/513 514/514/514
f 1334/1334/1334 514/514/514 1337/1337/1337
f 1337/1337/1337 514/514/514 515/515/515
f 1337/1337/1337 515/515/515 1340/1340/1340
f 1340/1340/1340 515/515/515 16/16/16
f 1340/1340/1340 16/16/16 175/175/175
f 1339/1339/1339 1340/1340/1340 175/175/175
f 1339/1339/1339 175/175/175 176/176/176
f 1338/1338/1338 1339/1339/1339 176/176/176
f 1338/1338/1338 176/176/176 177/177/177
f 509/509/509 1338/1338/1338 177/177/177
f 509/509/509 177/177/177 15/15/15
f 508/508/508 1335/1335/1335 1338/1338/1338
f 508/508/508 1338/1338/1338 509/509/509
f 507/507/507 1332/1332/1332 1335/1335/1335
f 507/507/507 1335/1335/1335 508/508/508
f 1341/1341/1341 1342/1342/1342 1345/1345/1345
f 1341/1341/1341 1345/1345/1345 1344/1344/1344
f 1342/1342/1342 1343/1343/1343 1346/1346/1346
f 1342/1342/1342 1346/1346/1346 1345/1345/1345
f 1344/1344/1344 1345/1345/1345 1348/1348/1348
f 1344/1344/1344 1348/1348/1348 1347/1347/1347
f 1345/1345/1345 1346/1346/1346 1349/1349/1349
f 1345/1345/1345 1349/1349/1349 1348/1348/1348
f 66/66/66 516/516/516 1341/1341/1341
f 66/66/66 1341/1341/1341 513/513/513
f 516/516/516 517/517/517 1342/1342/1342
f 516/516/516 1342/1342/1342 1341/1341/1341
f 517/517/517 518/518/518 1343/1343/1343
f 517/517/517 1343/1343/1343 1342/1342/1342
f 518/518/518 63/63/63 497/497/497
f 518/518/518 497/497/497 1343/1343/1343
f 1343/1343/1343 497/497/497 496/496/496
f 1343/1343/1343 496/496/496 1346/1346/1346
f 1346/1346/1346 496/496/496 495/495/495
f 1346/1346/1346 495/495/495 1349/1349/1349
f 1349/1349/1349 495/495/495 13/13/13
f 1349/1349/1349 13/13/13 174/174/174
f 1348/1348/1348 1349/1349/1349 174/174/174
f 1348/1348/1348 174/174/174 173/173/173
f 1347/1347/1347 1348/1348/1348 173/173/173
f 1347/1347/1347 173/173/173 172/172/172
f 515/515/515 1347/1347/1347 172/172/172
f 515/515/515 172/172/172 16/16/16
f 514/514/514 1344/1344/1344 1347/1347/1347
f 514/514/514 1347/1347/1347 515/515/515
f 513/513/513 1341/1341/1341 1344/1344/1344
f 513/513/513 1344/1344/1344 514/514/514
f 1350/1350/1350 1351/1351/1351 1354/1354/1354
f 1350/1350/1350 1354/1354/1354 1353/1353/1353
f 1351/1351/1351 1352/1352/1352 1355/1355/1355
f 1351/1351/1351 1355/1355/1355 1354/1354/1354
f 1353/1353/1353 1354/1354/1354 1357/1357/1357
f 1353/1353/1353 1357/1357/1357 1356/1356/1356
f 1354/1354/1354 1355/1355/1355 1358/1358/1358
f 1354/1354/1354 1358/1358/1358 1357/1357/1357
f 67/67/67 522/522/522 1350/1350/1350
f 67/67/67 1350/1350/1350 521/521/521
f 522/522/522 523/523/523 1351/1351/1351
f 522/522/522 1351/1351/1351 1350/1350/1350
f 523/523/523 524/524/524 1352/1352/1352
f 523/523/523 1352/1352/1352 1351/1351/1351
f 524/524/524 68/68/68 525/525/525
f 524/524/524 525/525/525 1352/1352/1352
f 1352/1352/1352 525/525/525 526/526/526
f 1352/1352/1352 526/526/526 1355/1355/1355
f 1355/1355/1355 526/526/526 527/527/527
f 1355/1355/1355 527/527/527 1358/1358/1358
f 1358/1358/1358 527/527/527 64/64/64
f 1358/1358/1358 64/64/64 500/500/500
f 1357/1357/1357 1358/1358/1358 500/500/500
f 1357/1357/1357 500/500/500 499/499/499
f 1356/1356/1356 1357/1357/1357 499/499/499
f 1356/1356/1356 499/499/499 498/498/498
f 519/519/519 1356/1356/1356 498/498/498
f 519/519/519 498/498/498 63/63/63
f 520/520/520 1353/1353/1353 1356/1356/1356
f 520/520/520 1356/1356/1356 519/519/519
f 521/521/521 1350/1350/1350 1353/1353/1353
f 521/521/521 1353/1353/1353 520/520/520
f 1359/1359/1359 1360/1360/1360 1363/1363/1363
f 1359/1359/1359 1363/1363/1363 1362/1362/1362
f 1360/1360/1360 1361/1361/1361 1364/1364/1364
f 1360/1360/1360 1364/1364/1364 1363/1363/1363
f 1362/1362/1362 1363/1363/1363 1366/1366/1366
f 1362/1362/1362 1366/1366/1366 1365/1365/1365
f 1363/1363/1363 1364/1364/1364 1367/1367/1367
f 1363/1363/1363 1367/1367/1367 1366/1366/1366
f 68/68/68 528/528/528 1359/1359/1359
f 68/68/68 1359/1359/1359 525/525/525
f 528/528/528 529/529/529 1360/1360/1360
f 528/528/528 1360/1360/1360 1359/1359/1359
f 529/529/529 530/530/530 1361/1361/1361
f 529/529/529 1361/1361/1361 1360/1360/1360
f 530/530/530 69/69/69 531/531/531
f 530/530/530 531/531/531 1361/1361/1361
f 1361/1361/1361 531/531/531 532/532/532
f 1361/1361/1361 532/532/532 1364/1364/1364
f 1364/1364/1364 532/532/532 533/533/533
f 1364/1364/1364 533/533/533 1367/1367/1367
f 1367/1367/1367 533/533/533 65/65/65
f 1367/1367/1367 65/65/65 506/506/506
f 1366/1366/1366 1367/1367/1367 506/506/506
f 1366/1366/1366 506/506/506 505/505/505
f 1365/1365/1365 1366/1366/1366 505/505/505
f 1365/1365/1365 505/505/505 504/504/504
f 527/527/527 1365/1365/1365 504/504/504
f 527/527/527 504/504/504 64/64/64
f 526/526/526 1362/1362/1362 1365/1365/1365
f 526/526/526 1365/1365/1365 527/527/527
f 525/525/525 1359/1359/1359 1362/1362/1362
f 525/525/525 1362/1362/1362 526/526/526
f 1368/1368/1368 1369/1369/1369 1372/1372/1372
f 1368/1368/1368 1372/1372/1372 1371/1371/1371
f 1369/1369/1369 1370/1370/1370 1373/1373/1373
f 1369/1369/1369 1373/1373/1373 1372/1372/1372
f 1371/1371/1371 1372/1372/1372 1375/1375/1375
f 1371/1371/1371 1375/1375/1375 1374/1374/1374
f 1372/1372/1372 1373/1373/1373 1376/1376/1376
f 1372/1372/1372 1376/1376/1376 1375/1375/1375
f 69/69/69 534/534/534 1368/1368/1368
f 69/69/69 1368/1368/1368 531/531/531
f 534/534/534 535/535/535 1369/1369/1369
f 534/534/534 1369/1369/1369 1368/1368/1368
f 535/535/535 536/536/536 1370/1370/1370
f 535/535/535 1370/1370/1370 1369/1369/1369
f 536/536/536 70/70/70 537/537/537
f 536/536/536 537/537/537 1370/1370/1370
f 1370/1370/1370 537/537/537 538/538/538
f 1370/1370/1370 538/538/538 1373/1373/1373
f 1373/1373/1373 538/538/538 539/539/539
f 1373/1373/1373 539/539/539 1376/1376/1376
f 1376/1376/1376 539/539/539 66/66/66
f 1376/1376/1376 66/66/66 512/512/512
f 1375/1375/1375 1376/1376/1376 512/512/512
f 1375/1375/1375 512/512/512 511/511/511
f 1374/1374/1374 1375/1375/1375 511/511/511
f 1374/1374/1374 511/511/511 510/510/510
f 533/533/533 1374/1374/1374 510/510/510
f 533/533/533 510/510/510 65/65/65
f 532/532/532 1371/1371/1371 1374/1374/1374
f 532/532/532 1374/1374/1374 533/533/533
f 531/531/531 1368/1368/1368 1371/1371/1371
f 531/531/531 1371/1371/1371 532/532/532
f 1377/1377/1377 1378/1378/1378 1381/1381/1381
f 1377/1377/1377 1381/1381/1381 1380/1380/1380
f 1378/1378/1378 1379/1379/1379 1382/1382/1382
f 1378/1378/1378 1382/1382/1382 1381/1381/1381
f 1380/1380/1380 1381/1381/1381 1384/1384/1384
f 1380/1380/1380 1384/1384/1384 1383/1383/1383
f 1381/1381/1381 1382/1382/1382 1385/1385/1385
f 1381/1381/1381 1385/1385/1385 1384/1384/1384
f 70/70/70 540/540/540 1377/1377/1377
f 70/70/70 1377/1377/1377 537/537/537
f 540/540/540 541/541/541 1378/1378/1378
f 540/540/540 1378/1378/1378 1377/1377/1377
f 541/541/541 542/542/542 1379/1379/1379
f 541/541/541 1379/1379/1379 1378/1378/1378
f 542/542/542 67/67/67 521/521/521
f 542/542/542 521/521/521 1379/1379/1379
f 1379/1379/1379 521/521/521 520/520/520
f 1379/1379/1379 520/520/520 1382/1382/1382
f 1382/1382/1382 520/520/520 519/519/519
f 1382/1382/1382 519/519/519 1385/1385/1385
f 1385/1385/1385 519/519/519 63/63/63
f 1385/1385/1385 63/63/63 518/518/518
f 1384/1384/1384 1385/1385/1385 518/518/518
f 1384/1384/1384 518/518/518 517/517/517
f 1383/1383/1383 1384/1384/1384 517/517/517
f 1383/1383/1383 517/517/517 516/516/516
f 539/539/539 1383/1383/1383 516/516/516
f 539/539/539 516/516/516 66/66/66
f 538/538/538 1380/1380/1380 1383/1383/1383
f 538/538/538 1383/1383/1383 539/539/539
f 537/537/537 1377/1377/1377 1380/1380/1380
f 537/537/537 1380/1380/1380 538/538/538
f 1386/1386/1386 1387/1387/1387 1390/1390/1390
f 1386/1386/1386 1390/1390/1390 1389/1389/1389
f 1387/1387/1387 1388/1388/1388 1391/1391/1391
f 1387/1387/1387 1391/1391/1391 1390/1390/1390
f 1389/1389/1389 1390/1390/1390 1393/1393/1393
f 1389/1389/1389 1393/1393/1393 1392/1392/1392
f 1390/1390/1390 1391/1391/1391 1394/1394/1394
f 1390/1390/1390 1394/1394/1394 1393/1393/1393
f 71/71/71 546/546/546 1386/1386/1386
f 71/71/71 1386/1386/1386 545/545/545
f 546/546/546 547/547/547 1387/1387/1387
f 546/546/546 1387/1387/1387 1386/1386/1386
f 547/547/547 548/548/548 1388/1388/1388
f 547/547/547 1388/1388/1388 1387/1387/1387
f 548/548/548 72/72/72 549/549/549
f 548/548/548 549/549/549 1388/1388/1388
f 1388/1388/1388 549/549/549 550/550/550
f 1388/1388/1388 550/550/550 1391/1391/1391
f 1391/1391/1391 550/550/550 551/551/551
f 1391/1391/1391 551/551/551 1394/1394/1394
f 1394/1394/1394 551/551/551 68/68/68
f 1394/1394/1394 68/68/68 524/524/524
f 1393/1393/1393 1394/1394/1394 524/524/524
f 1393/1393/1393 524/524/524 523/523/523
f 1392/1392/1392 1393/1393/1393 523/523/523
f 1392/1392/1392 523/523/523 522/522/522
f 543/543/543 1392/1392/1392 522/522/522
f 543/543/543 522/522/522 67/67/67
f 544/544/544 1389/1389/1389 1392/1392/1392
f 544/544/544 1392/1392/1392 543/543/543
f 545/545/545 1386/1386/1386 1389/1389/1389
f 545/545/545 1389/1389/1389 544/544/544
f 1395/1395/1395 1396/1396/1396 1399/1399/1399
f 1395/1395/1395 1399/1399/1399 1398/1398/1398
f 1396/1396/1396 1397/1397/1397 1400/1400/1400
f 1396/1396/1396 1400/1400/1400 1399/1399/1399
f 1398/1398/1398 1399/1399/1399 1402/1402/1402
f 1398/1398/1398 1402/1402/1402 1401/1401/1401
f 1399/1399/1399 1400/1400/1400 1403/1403/1403
f 1399/1399/1399 1403/1403/1403 1402/1402/1402
f 72/72/72 552/552/552 1395/1395/1395
f 72/72/72 1395/1395/1395 549/549/549
f 552/552/552 553/553/553 1396/1396/1396
f 552/552/552 1396/1396/1396 1395/1395/1395
f 553/553/553 554/554/554 1397/1397/1397
f 553/553/553 1397/1397/1397 1396/1396/1396
f 554/554/554 73/73/73 555/555/555
f 554/554/554 555/555/555 1397/1397/1397
f 1397/1397/1397 555/555/555 556/556/556
f 1397/1397/1397 556/556/556 1400/1400/1400
f 1400/1400/1400 556/556/556 557/557/557
f 1400/1400/1400 557/557/557 1403/1403/1403
f 1403/1403/1403 557/557/557 69/69/69
f 1403/1403/1403 69/69/69 530/530/530
f 1402/1402/1402 1403/1403/1403 530/530/530
f 1402/1402/1402 530/530/530 529/529/529
f 1401/1401/1401 1402/1402/1402 529/529/529
f 1401/1401/1401 529/529/529 528/528/528
f 551/551/551 1401/1401/1401 528/528/528
f 551/551/551 528/528/528 68/68/68
f 550/550/550 1398/1398/1398 1401/1401/1401
f 550/550/550 1401/1401/1401 551/551/551
f 549/549/549 1395/1395/1395 1398/1398/1398
f 549/549/549 1398/1398/1398 550/550/550
f 1404/1404/1404 1405/1405/1405 1408/1408/1408
f 1404/1404/1404 1408/1408/1408 1407/1407/1407
f 1405/1405/1405 1406/1406/1406 1409/1409/1409
f 1405/1405/1405 1409/1409/1409 1408/1408/1408
f 1407/1407/1407 1408/1408/1408 1411/1411/1411
f 1407/1407/1407 1411/1411/1411 1410/1410/1410
f 1408/1408/1408 1409/1409/1409 1412/1412/1412
f 1408/1408/1408 1412/1412/1412 1411/1411/1411
f 73/73/73 558/558/558 1404/1404/1404
f 73/73/73 1404/1404/1404 555/555/555
f 558/558/558 559/559/559 1405/1405/1405
f 558/558/558 1405/1405/1405 1404/1404/1404
f 559/559/559 560/560/560 1406/1406/1406
f 559/559/559 1406/1406/1406 1405/1405/1405
f 560/560/560 74/74/74 561/561/561
f 560/560/560 561/561/561 1406/1406/1406
f 1406/1406/1406 561/561/561 562/562/562
f 1406/1406/1406 562/562/562 1409/1409/1409
f 1409/1409/1409 562/562/562 563/563/563
f 1409/1409/1409 563/563/563 1412/1412/1412
f 1412/1412/1412 563/563/563 70/70/70
f 1412/1412/1412 70/70/70 536/536/536
f 1411/1411/1411 1412/1412/1412 536/536/536
f 1411/1411/1411 536/536/536 535/535/535
f 1410/1410/1410 1411/1411/1411 535/535/535
f 1410/1410/1410 535/535/535 534/534/534
f 557/557/557 1410/1410/1410 534/534/534
f 557/557/557 534/534/534 69/69/69
f 556/556/556 1407/1407/1407 1410/1410/1410
f 556/556/556 1410/1410/1410 557/557/557
f 555/555/555 1404/1404/1404 1407/1407/1407
f 555/555/555 1407/1407/1407 556/556/556
f 1413/1413/1413 1414/1414/1414 1417/1417/1417
f 1413/1413/1413 1417/1417/1417 1416/1416/1416
f 1414/1414/1414 1415/1415/1415 1418/1418/1418
f 1414/1414/1414 1418/1418/1418 1417/1417/1417
f 1416/1416/1416 1417/1417/1417 1420/1420/1420
f 1416/1416/1416 1420/1420/1420 1419/1419/1419
f 1417/1417/1417 1418/1418/1418 1421/1421/1421
f 1417/1417/1417 1421/1421/1421 1420/1420/1420
f 74/74/74 564/564/564 1413/1413/1413
f 74/74/74 1413/1413/1413 561/561/561
f 564/564/564 565/565/565 1414/1414/1414
f 564/564/564 1414/1414/1414 1413/1413/1413
f 565/565/565 566/566/566 1415/1415/1415
f 565/565/565 1415/1415/1415 1414/1414/1414
f 566/566/566 71/71/71 545/545/545
f 566/566/566 545/545/545 1415/1415/1415
f 1415/1415/1415 545/545/545 544/544/544
f 1415/1415/1415 544/544/544 1418/1418/1418
f 1418/1418/1418 544/544/544 543/543/543
f 1418/1418/1418 543/543/543 1421/1421/1421
f 1421/1421/1421 543/543/543 67/67/67
f 1421/1421/1421 67/67/67 542/542/542
f 1420/1420/1420 1421/1421/1421 542/542/542
f 1420/1420/1420 542/542/542 541/541/541
f 1419/1419/1419 1420/1420/1420 541/541/541
f 1419/1419/1419 541/541/541 540/540/540
f 563/563/563 1419/1419/1419 540/540/540
f 563/563/563 540/540/540 70/70/70
f 562/562/562 1416/1416/1416 1419/1419/1419
f 562/562/562 1419/1419/1419 563/563/563
f 561/561/561 1413/1413/1413 1416/1416/1416
f 561/561/561 1416/1416/1416 562/562/562
f 1422/1422/1422 1423/1423/1423 1426/1426/1426
f 1422/1422/1422 1426/1426/1426 1425/1425/1425
f 1423/1423/1423 1424/1424/1424 1427/1427/1427
f 1423/1423/1423 1427/1427/1427 1426/1426/1426
f 1425/1425/1425 1426/1426/1426 1429/1429/1429
f 1425/1425/1425 1429/1429/1429 1428/1428/1428
f 1426/1426/1426 1427/1427/1427 1430/1430/1430
f 1426/1426/1426 1430/1430/1430 1429/1429/1429
f 75/75/75 570/570/570 1422/1422/1422
f 75/75/75 1422/1422/1422 569/569/569
f 570/570/570 571/571/571 1423/1423/1423
f 570/570/570 1423/1423/1423 1422/1422/1422
f 571/571/571 572/572/572 1424/1424/1424
f 571/571/571 1424/1424/1424 1423/1423/1423
f 572/572/572 76/76/76 573/573/573
f 572/572/572 573/573/573 1424/1424/1424
f 1424/1424/1424 573/573/573 574/574/574
f 1424/1424/1424 574/574/574 1427/1427/1427
f 1427/1427/1427 574/574/574 575/575/575
f 1427/1427/1427 575/575/575 1430/1430/1430
f 1430/1430/1430 575/575/575 72/72/72
f 1430/1430/1430 72/72/72 548/548/548
f 1429/1429/1429 1430/1430/1430 548/548/548
f 1429/1429/1429 548/548/548 547/547/547
f 1428/1428/1428 1429/1429/1429 547/547/547
f 1428/1428/1428 547/547/547 546/546/546
f 567/567/567 1428/1428/1428 546/546/546
f 567/567/567 546/546/546 71/71/71
f 568/568/568 1425/1425/1425 1428/1428/1428
f 568/568/568 1428/1428/1428 567/567/567
f 569/569/569 1422/1422/1422 1425/1425/1425
f 569/569/569 1425/1425/1425 568/568/568
f 1431/1431/1431 1432/1432/1432 1435/1435/1435
f 1431/1431/1431 1435/1435/1435 1434/1434/1434
f 1432/1432/1432 1433/1433/1433 1436/1436/1436
f 1432/1432/1432 1436/1436/1436 1435/1435/1435
f 1434/1434/1434 1435/1435/1435 1438/1438/1438
f 1434/1434/1434 1438/1438/1438 1437/1437/1437
f 1435/1435/1435 1436/1436/1436 1439/1439/1439
f 1435/1435/1435 1439/1439/1439 1438/1438/1438
f 76/76/76 576/576/576 1431/1431/1431
f 76/76/76 1431/1431/1431 573/573/573
f 576/576/576 577/577/577 1432/1432/1432
f 576/576/576 1432/1432/1432 1431/1431/1431
f 577/577/577 578/578/578 1433/1433/1433
f 577/577/577 1433/1433/1433 1432/1432/1432
f 578/578/578 77/77/77 579/579/579
f 578/578/578 579/579/579 1433/1433/1433
f 1433/1433/1433 579/579/579 580/580/580
f 1433/1433/1433 580/580/580 1436/1436/1436
f 1436/1436/1436 580/580/580 581/581/581
f 1436/1436/1436 581/581/581 1439/1439/1439
f 1439/1439/1439 581/581/581 73/73/73
f 1439/1439/1439 73/73/73 554/554/554
f 1438/1438/1438 1439/1439/1439 554/554/554
f 1438/1438/1438 554/554/554 553/553/553
f 1437/1437/1437 1438/1438/1438 553/553/553
f 1437/1437/1437 553/553/553 552/552/552
f 575/575/575 1437/1437/1437 552/552/552
f 575/575/575 552/552/552 72/72/72
f 574/574/574 1434/1434/1434 1437/1437/1437
f 574/574/574 1437/1437/1437 575/575/575
f 573/573/573 1431/1431/1431 1434/1434/1434
f 573/573/573 1434/1434/1434 574/574/574
f 1440/1440/1440 1441/1441/1441 1444/1444/1444
f 1440/1440/1440 1444/1444/1444 1443/1443/1443
f 1441/1441/1441 1442/1442/1442 1445/1445/1445
f 1441/1441/1441 1445/1445/1445 1444/1444/1444
f 1443/1443/1443 1444/1444/1444 1447/1447/1447
f 1443/1443/1443 1447/1447/1447 1446/1446/1446
f 1444/1444/1444 1445/1445/1445 1448/1448/1448
f 1444/1444/1444 1448/1448/1448 1447/1447/1447
f 77/77/77 582/582/582 1440/1440/1440
f 77/77/77 1440/1440/1440 579/579/579
f 582/582/582 583/583/583 1441/1441/1441
f 582/582/582 1441/1441/1441 1440/1440/1440
f 583/583/583 584/584/584 1442/1442/1442
f 583/583/583 1442/1442/1442 1441/1441/1441
f 584/584/584 78/78/78 585/585/585
f 584/584/584 585/585/585 1442/1442/1442
f 1442/1442/1442 585/585/585 586/586/586
f 1442/1442/1442 586/586/586 1445/1445/1445
f 1445/1445/1445 586/586/586 587/587/587
f 1445/1445/1445 587/587/587 1448/1448/1448
f 1448/1448/1448 587/587/587 74/74/74
f 1448/1448/1448 74/74/74 560/560/560
f 1447/1447/1447 1448/1448/1448 560/560/560
f 1447/1447/1447 560/560/560 559/559/559
f 1446/1446/1446 1447/1447/1447 559/559/559
f 1446/1446/1446 559/559/559 558/558/558
f 581/581/581 1446/1446/1446 558/558/558
f 581/581/581 558/558/558 73/73/73
f 580/580/580 1443/1443/1443 1446/1446/1446
f 580/580/580 1446/1446/1446 581/581/581
f 579/579/579 1440/1440/1440 1443/1443/1443
f 579/579/579 1443/1443/1443 580/580/580
f 1449/1449/1449 1450/1450/1450 1453/1453/1453
f 1449/1449/1449 1453/1453/1453 1452/1452/1452
f 1450/1450/1450 1451/1451/1451 1454/1454/1454
f 1450/1450/1450 1454/1454/1454 1453/1453/1453
f 1452/1452/1452 1453/1453/1453 1456/1456/1456
f 1452/1452/1452 1456/1456/1456 1455/1455/1455
f 1453/1453/1453 1454/1454/1454 1457/1457/1457
f 1453/1453/1453 1457/1457/1457 1456/1456/1456
f 78/78/78 588/588/588 1449/1449/1449
f 78/78/78 1449/1449/1449 585/585/585
f 588/588/588 589/589/589 1450/1450/1450
f 588/588/588 1450/1450/1450 1449/1449/1449
f 589/589/589 590/590/590 1451/1451/1451
f 589/589/589 1451/1451/1451 1450/1450/1450
f 590/590/590 75/75/75 569/569/569
f 590/590/590 569/569/569 1451/1451/1451
f 1451/1451/1451 569/569/569 568/568/568
f 1451/1451/1451 568/568/568 1454/1454/1454
f 1454/1454/1454 568/568/568 567/567/567
f 1454/1454/1454 567/567/567 1457/1457/1457
f 1457/1457/1457 567/567/567 71/71/71
f 1457/1457/1457 71/71/71 566/566/566
f 1456/1456/1456 1457/1457/1457 566/566/566
f 1456/1456/1456 566/566/566 565/565/565
f 1455/1455/1455 1456/1456/1456 565/565/565
f 1455/1455/1455 565/565/565 564/564/564
f 587/587/587 1455/1455/1455 564/564/564
f 587/587/587 564/564/564 74/74/74
f 586/586/586 1452/1452/1452 1455/1455/1455
f 586/586/586 1455/1455/1455 587/587/587
f 585/585/585 1449/1449/1449 1452/1452/1452
f 585/585/585 1452/1452/1452 586/586/586
f 1458/1458/1458 1459/1459/1459 1462/1462/1462
f 1458/1458/1458 1462/1462/1462 1461/1461/1461
f 1459/1459/1459 1460/1460/1460 1463/1463/1463
f 1459/1459/1459 1463/1463/1463 1462/1462/1462
f 1461/1461/1461 1462/1462/1462 1465/1465/1465
f 1461/1461/1461 1465/1465/1465 1464/1464/1464
f 1462/1462/1462 1463/1463/1463 1466/1466/1466
f 1462/1462/1462 1466/1466/1466 1465/1465/1465
f 21/21/21 347/347/347 1458/1458/1458
f 21/21/21 1458/1458/1458 593/593/593
f 347/347/347 346/346/346 1459/1459/1459
f 347/347/347 1459/1459/1459 1458/1458/1458
f 346/346/346 345/345/345 1460/1460/1460
f 346/346/346 1460/1460/1460 1459/1459/1459
f 345/345/345 22/22/22 594/594/594
f 345/345/345 594/594/594 1460/1460/1460
f 1460/1460/1460 594/594/594 595/595/595
f 1460/1460/1460 595/595/595 1463/1463/1463
f 1463/1463/1463 595/595/595 596/596/596
f 1463/1463/1463 596/596/596 1466/1466/1466
f 1466/1466/1466 596/596/596 76/76/76
f 1466/1466/1466 76/76/76 572/572/572
f 1465/1465/1465 1466/1466/1466 572/572/572
f 1465/1465/1465 572/572/572 571/571/571
f 1464/1464/1464 1465/1465/1465 571/571/571
f 1464/1464/1464 571/571/571 570/570/570
f 591/591/591 1464/1464/1464 570/570/570
f 591/591/591 570/570/570 75/75/75
f 592/592/592 1461/1461/1461 1464/1464/1464
f 592/592/592 1464/1464/1464 591/591/591
f 593/593/593 1458/1458/1458 1461/1461/1461
f 593/593/593 1461/1461/1461 592/592/592
f 1467/1467/1467 1468/1468/1468 1471/1471/1471
f 1467/1467/1467 1471/1471/1471 1470/1470/1470
f 1471/1471/1471 1468/1468/1468 2617/2617/2617
f 2617/2617/2617 1469/1469/1469 1472/1472/1472
f 2617/2617/2617 1472/1472/1472 1471/1471/1471
f 1470/1470/1470 1471/1471/1471 1474/1474/1474
f 1470/1470/1470 1474/1474/1474 1473/1473/1473
f 1471/1471/1471 1472/1472/1472 1475/1475/1475
f 1471/1471/1471 1475/1475/1475 1474/1474/1474
f 22/22/22 127/127/127 1467/1467/1467
f 22/22/22 1467/1467/1467 594/594/594
f 127/127/127 126/126/126 1468/1468/1468
f 127/127/127 1468/1468/1468 1467/1467/1467
f 2537/2537/2537 125/125/125 2618/2618/2618
f 2618/2618/2618 2400/2400/2400 2405/2405/2405
f 2618/2618/2618 2405/2405/2405 2537/2537/2537
f 125/125/125 23/23/23 597/597/597
f 125/125/125 597/597/597 1469/1469/1469
f 1469/1469/1469 597/597/597 598/598/598
f 1469/1469/1469 598/598/598 1472/1472/1472
f 1472/1472/1472 598/598/598 599/599/599
f 1472/1472/1472 599/599/599 1475/1475/1475
f 1475/1475/1475 599/599/599 77/77/77
f 1475/1475/1475 77/77/77 578/578/578
f 1474/1474/1474 1475/1475/1475 578/578/578
f 1474/1474/1474 578/578/578 577/577/577
f 1473/1473/1473 1474/1474/1474 577/577/577
f 1473/1473/1473 577/577/577 576/576/576
f 596/596/596 1473/1473/1473 576/576/576
f 596/596/596 576/576/576 76/76/76
f 595/595/595 1470/1470/1470 1473/1473/1473
f 595/595/595 1473/1473/1473 596/596/596
f 594/594/594 1467/1467/1467 1470/1470/1470
f 594/594/594 1470/1470/1470 595/595/595
f 1476/1476/1476 1477/1477/1477 1480/1480/1480
f 1476/1476/1476 1480/1480/1480 1479/1479/1479
f 1477/1477/1477 1478/1478/1478 1481/1481/1481
f 1477/1477/1477 1481/1481/1481 1480/1480/1480
f 1479/1479/1479 1480/1480/1480 1483/1483/1483
f 1479/1479/1479 1483/1483/1483 1482/1482/1482
f 1480/1480/1480 1481/1481/1481 1484/1484/1484
f 1480/1480/1480 1484/1484/1484 1483/1483/1483
f 23/23/23 148/148/148 1476/1476/1476
f 23/23/23 1476/1476/1476 597/597/597
f 148/148/148 147/147/147 1477/1477/1477
f 148/148/148 1477/1477/1477 1476/1476/1476
f 147/147/147 146/146/146 1478/1478/1478
f 147/147/147 1478/1478/1478 1477/1477/1477
f 146/146/146 24/24/24 600/600/600
f 146/146/146 600/600/600 1478/1478/1478
f 1478/1478/1478 600/600/600 601/601/601
f 1478/1478/1478 601/601/601 1481/1481/1481
f 1481/1481/1481 601/601/601 602/602/602
f 1481/1481/1481 602/602/602 1484/1484/1484
f 1484/1484/1484 602/602/602 78/78/78
f 1484/1484/1484 78/78/78 584/584/584
f 1483/1483/1483 1484/1484/1484 584/584/584
f 1483/1483/1483 584/584/584 583/583/583
f 1482/1482/1482 1483/1483/1483 583/583/583
f 1482/1482/1482 583/583/583 582/582/582
f 599/599/599 1482/1482/1482 582/582/582
f 599/599/599 582/582/582 77/77/77
f 598/598/598 1479/1479/1479 1482/1482/1482
f 598/598/598 1482/1482/1482 599/599/599
f 597/597/597 1476/1476/1476 1479/1479/1479
f 597/597/597 1479/1479/1479 598/598/598
f 1485/1485/1485 1486/1486/1486 1489/1489/1489
f 1485/1485/1485 1489/1489/1489 1488/1488/1488
f 1486/1486/1486 1487/1487/1487 1490/1490/1490
f 1486/1486/1486 1490/1490/1490 1489/1489/1489
f 1488/1488/1488 1489/1489/1489 1492/1492/1492
f 1488/1488/1488 1492/1492/1492 1491/1491/1491
f 1489/1489/1489 1490/1490/1490 1493/1493/1493
f 1489/1489/1489 1493/1493/1493 1492/1492/1492
f 24/24/24 168/168/168 1485/1485/1485
f 24/24/24 1485/1485/1485 600/600/600
f 2611/2611/2611 1486/1486/1486 1485/1485/1485
f 1485/1485/1485 168/168/168 2597/2597/2597
f 2597/2597/2597 2591/2591/2591 2588/2588/2588
f 2607/2607/2607 2609/2609/2609 2611/2611/2611
f 2597/2597/2597 2588/2588/2588 2607/2607/2607
f 2611/2611/2611 1485/1485/1485 2597/2597/2597
f 2597/2597/2597 2607/2607/2607 2611/2611/2611
f 2578/2578/2578 167/167/167 1487/1487/1487
f 1487/1487/1487 1486/1486/1486 2611/2611/2611
f 2611/2611/2611 2615/2615/2615 2613/2613/2613
f 2613/2613/2613 2575/2575/2575 2578/2578/2578
f 2578/2578/2578 1487/1487/1487 2611/2611/2611
f 2611/2611/2611 2613/2613/2613 2578/2578/2578
f 167/167/167 21/21/21 593/593/593
f 167/167/167 593/593/593 1487/1487/1487
f 1487/1487/1487 593/593/593 592/592/592
f 1487/1487/1487 592/592/592 1490/1490/1490
f 1490/1490/1490 592/592/592 591/591/591
f 1490/1490/1490 591/591/591 1493/1493/1493
f 1493/1493/1493 591/591/591 75/75/75
f 1493/1493/1493 75/75/75 590/590/590
f 1492/1492/1492 1493/1493/1493 590/590/590
f 1492/1492/1492 590/590/590 589/589/589
f 1491/1491/1491 1492/1492/1492 589/589/589
f 1491/1491/1491 589/589/589 588/588/588
f 602/602/602 1491/1491/1491 588/588/588
f 602/602/602 588/588/588 78/78/78
f 601/601/601 1488/1488/1488 1491/1491/1491
f 601/601/601 1491/1491/1491 602/602/602
f 600/600/600 1485/1485/1485 1488/1488/1488
f 600/600/600 1488/1488/1488 601/601/601
f 1494/1494/1494 1495/1495/1495 1498/1498/1498
f 1494/1494/1494 1498/1498/1498 1497/1497/1497
f 1495/1495/1495 1496/1496/1496 1499/1499/1499
f 1495/1495/1495 1499/1499/1499 1498/1498/1498
f 1497/1497/1497 1498/1498/1498 1501/1501/1501
f 1497/1497/1497 1501/1501/1501 1500/1500/1500
f 1498/1498/1498 1499/1499/1499 1502/1502/1502
f 1498/1498/1498 1502/1502/1502 1501/1501/1501
f 27/27/27 606/606/606 1494/1494/1494
f 27/27/27 1494/1494/1494 605/605/605
f 606/606/606 607/607/607 1495/1495/1495
f 606/606/606 1495/1495/1495 1494/1494/1494
f 607/607/607 608/608/608 1496/1496/1496
f 607/607/607 1496/1496/1496 1495/1495/1495
f 608/608/608 28/28/28 609/609/609
f 608/608/608 609/609/609 1496/1496/1496
f 1496/1496/1496 609/609/609 610/610/610
f 1496/1496/1496 610/610/610 1499/1499/1499
f 1499/1499/1499 610/610/610 611/611/611
f 1499/1499/1499 611/611/611 1502/1502/1502
f 1502/1502/1502 611/611/611 80/80/80
f 1502/1502/1502 80/80/80 612/612/612
f 1501/1501/1501 1502/1502/1502 612/612/612
f 1501/1501/1501 612/612/612 613/613/613
f 1500/1500/1500 1501/1501/1501 613/613/613
f 1500/1500/1500 613/613/613 614/614/614
f 603/603/603 1500/1500/1500 614/614/614
f 603/603/603 614/614/614 79/79/79
f 604/604/604 1497/1497/1497 1500/1500/1500
f 604/604/604 1500/1500/1500 603/603/603
f 605/605/605 1494/1494/1494 1497/1497/1497
f 605/605/605 1497/1497/1497 604/604/604
f 1503/1503/1503 1504/1504/1504 1507/1507/1507
f 1503/1503/1503 1507/1507/1507 1506/1506/1506
f 1504/1504/1504 1505/1505/1505 1508/1508/1508
f 1504/1504/1504 1508/1508/1508 1507/1507/1507
f 1506/1506/1506 1507/1507/1507 1510/1510/1510
f 1506/1506/1506 1510/1510/1510 1509/1509/1509
f 1507/1507/1507 1508/1508/1508 1511/1511/1511
f 1507/1507/1507 1511/1511/1511 1510/1510/1510
f 28/28/28 615/615/615 1503/1503/1503
f 28/28/28 1503/1503/1503 609/609/609
f 615/615/615 616/616/616 1504/1504/1504
f 615/615/615 1504/1504/1504 1503/1503/1503
f 616/616/616 617/617/617 1505/1505/1505
f 616/616/616 1505/1505/1505 1504/1504/1504
f 617/617/617 29/29/29 618/618/618
f 617/617/617 618/618/618 1505/1505/1505
f 1505/1505/1505 618/618/618 619/619/619
f 1505/1505/1505 619/619/619 1508/1508/1508
f 1508/1508/1508 619/619/619 620/620/620
f 1508/1508/1508 620/620/620 1511/1511/1511
f 1511/1511/1511 620/620/620 81/81/81
f 1511/1511/1511 81/81/81 621/621/621
f 1510/1510/1510 1511/1511/1511 621/621/621
f 1510/1510/1510 621/621/621 622/622/622
f 1509/1509/1509 1510/1510/1510 622/622/622
f 1509/1509/1509 622/622/622 623/623/623
f 611/611/611 1509/1509/1509 623/623/623
f 611/611/611 623/623/623 80/80/80
f 610/610/610 1506/1506/1506 1509/1509/1509
f 610/610/610 1509/1509/1509 611/611/611
f 609/609/609 1503/1503/1503 1506/1506/1506
f 609/609/609 1506/1506/1506 610/610/610
f 1512/1512/1512 1513/1513/1513 1516/1516/1516
f 1512/1512/1512 1516/1516/1516 1515/1515/1515
f 1513/1513/1513 1514/1514/1514 1517/1517/1517
f 1513/1513/1513 1517/1517/1517 1516/1516/1516
f 1515/1515/1515 1516/1516/1516 1519/1519/1519
f 1515/1515/1515 1519/1519/1519 1518/1518/1518
f 1516/1516/1516 1517/1517/1517 1520/1520/1520
f 1516/1516/1516 1520/1520/1520 1519/1519/1519
f 29/29/29 624/624/624 1512/1512/1512
f 29/29/29 1512/1512/1512 618/618/618
f 624/624/624 625/625/625 1513/1513/1513
f 624/624/624 1513/1513/1513 1512/1512/1512
f 625/625/625 626/626/626 1514/1514/1514
f 625/625/625 1514/1514/1514 1513/1513/1513
f 626/626/626 30/30/30 627/627/627
f 626/626/626 627/627/627 1514/1514/1514
f 1514/1514/1514 627/627/627 628/628/628
f 1514/1514/1514 628/628/628 1517/1517/1517
f 1517/1517/1517 628/628/628 629/629/629
f 1517/1517/1517 629/629/629 1520/1520/1520
f 1520/1520/1520 629/629/629 82/82/82
f 1520/1520/1520 82/82/82 630/630/630
f 1519/1519/1519 1520/1520/1520 630/630/630
f 1519/1519/1519 630/630/630 631/631/631
f 1518/1518/1518 1519/1519/1519 631/631/631
f 1518/1518/1518 631/631/631 632/632/632
f 620/620/620 1518/1518/1518 632/632/632
f 620/620/620 632/632/632 81/81/81
f 619/619/619 1515/1515/1515 1518/1518/1518
f 619/619/619 1518/1518/1518 620/620/620
f 618/618/618 1512/1512/1512 1515/1515/1515
f 618/618/618 1515/1515/1515 619/619/619
f 1521/1521/1521 1522/1522/1522 1525/1525/1525
f 1521/1521/1521 1525/1525/1525 1524/1524/1524
f 1522/1522/1522 1523/1523/1523 1526/1526/1526
f 1522/1522/1522 1526/1526/1526 1525/1525/1525
f 1524/1524/1524 1525/1525/1525 1528/1528/1528
f 1524/1524/1524 1528/1528/1528 1527/1527/1527
f 1525/1525/1525 1526/1526/1526 1529/1529/1529
f 1525/1525/1525 1529/1529/1529 1528/1528/1528
f 30/30/30 633/633/633 1521/1521/1521
f 30/30/30 1521/1521/1521 627/627/627
f 633/633/633 634/634/634 1522/1522/1522
f 633/633/633 1522/1522/1522 1521/1521/1521
f 634/634/634 635/635/635 1523/1523/1523
f 634/634/634 1523/1523/1523 1522/1522/1522
f 635/635/635 27/27/27 605/605/605
f 635/635/635 605/605/605 1523/1523/1523
f 1523/1523/1523 605/605/605 604/604/604
f 1523/1523/1523 604/604/604 1526/1526/1526
f 1526/1526/1526 604/604/604 603/603/603
f 1526/1526/1526 603/603/603 1529/1529/1529
f 1529/1529/1529 603/603/603 79/79/79
f 1529/1529/1529 79/79/79 636/636/636
f 1528/1528/1528 1529/1529/1529 636/636/636
f 1528/1528/1528 636/636/636 637/637/637
f 1527/1527/1527 1528/1528/1528 637/637/637
f 1527/1527/1527 637/637/637 638/638/638
f 629/629/629 1527/1527/1527 638/638/638
f 629/629/629 638/638/638 82/82/82
f 628/628/628 1524/1524/1524 1527/1527/1527
f 628/628/628 1527/1527/1527 629/629/629
f 627/627/627 1521/1521/1521 1524/1524/1524
f 627/627/627 1524/1524/1524 628/628/628
f 1530/1530/1530 1531/1531/1531 1534/1534/1534
f 1530/1530/1530 1534/1534/1534 1533/1533/1533
f 1531/1531/1531 1532/1532/1532 1535/1535/1535
f 1531/1531/1531 1535/1535/1535 1534/1534/1534
f 1533/1533/1533 1534/1534/1534 1537/1537/1537
f 1533/1533/1533 1537/1537/1537 1536/1536/1536
f 1534/1534/1534 1535/1535/1535 1538/1538/1538
f 1534/1534/1534 1538/1538/1538 1537/1537/1537
f 79/79/79 614/614/614 1530/1530/1530
f 79/79/79 1530/1530/1530 641/641/641
f 614/614/614 613/613/613 1531/1531/1531
f 614/614/614 1531/1531/1531 1530/1530/1530
f 613/613/613 612/612/612 1532/1532/1532
f 613/613/613 1532/1532/1532 1531/1531/1531
f 612/612/612 80/80/80 642/642/642
f 612/612/612 642/642/642 1532/1532/1532
f 1532/1532/1532 642/642/642 643/643/643
f 1532/1532/1532 643/643/643 1535/1535/1535
f 1535/1535/1535 643/643/643 644/644/644
f 1535/1535/1535 644/644/644 1538/1538/1538
f 1538/1538/1538 644/644/644 26/26/26
f 1538/1538/1538 26/26/26 645/645/645
f 1537/1537/1537 1538/1538/1538 645/645/645
f 1537/1537/1537 645/645/645 646/646/646
f 1536/1536/1536 1537/1537/1537 646/646/646
f 1536/1536/1536 646/646/646 647/647/647
f 639/639/639 1536/1536/1536 647/647/647
f 639/639/639 647/647/647 25/25/25
f 640/640/640 1533/1533/1533 1536/1536/1536
f 640/640/640 1536/1536/1536 639/639/639
f 641/641/641 1530/1530/1530 1533/1533/1533
f 641/641/641 1533/1533/1533 640/640/640
f 1539/1539/1539 1540/1540/1540 1543/1543/1543
f 1539/1539/1539 1543/1543/1543 1542/1542/1542
f 1540/1540/1540 1541/1541/1541 1544/1544/1544
f 1540/1540/1540 1544/1544/1544 1543/1543/1543
f 1542/1542/1542 1543/1543/1543 1546/1546/1546
f 1542/1542/1542 1546/1546/1546 1545/1545/1545
f 1543/1543/1543 1544/1544/1544 1547/1547/1547
f 1543/1543/1543 1547/1547/1547 1546/1546/1546
f 80/80/80 623/623/623 1539/1539/1539
f 80/80/80 1539/1539/1539 642/642/642
f 623/623/623 622/622/622 1540/1540/1540
f 623/623/623 1540/1540/1540 1539/1539/1539
f 622/622/622 621/621/621 1541/1541/1541
f 622/622/622 1541/1541/1541 1540/1540/1540
f 621/621/621 81/81/81 648/648/648
f 621/621/621 648/648/648 1541/1541/1541
f 1541/1541/1541 648/648/648 649/649/649
f 1541/1541/1541 649/649/649 1544/1544/1544
f 1544/1544/1544 649/649/649 650/650/650
f 1544/1544/1544 650/650/650 1547/1547/1547
f 1547/1547/1547 650/650/650 6/6/6
f 1547/1547/1547 6/6/6 160/160/160
f 1546/1546/1546 1547/1547/1547 160/160/160
f 1546/1546/1546 160/160/160 159/159/159
f 1545/1545/1545 1546/1546/1546 159/159/159
f 1545/1545/1545 159/159/159 158/158/158
f 644/644/644 1545/1545/1545 158/158/158
f 644/644/644 158/158/158 26/26/26
f 643/643/643 1542/1542/1542 1545/1545/1545
f 643/643/643 1545/1545/1545 644/644/644
f 642/642/642 1539/1539/1539 1542/1542/1542
f 642/642/642 1542/1542/1542 643/643/643
f 1548/1548/1548 1549/1549/1549 1552/1552/1552
f 1548/1548/1548 1552/1552/1552 1551/1551/1551
f 1549/1549/1549 1550/1550/1550 1553/1553/1553
f 1549/1549/1549 1553/1553/1553 1552/1552/1552
f 1551/1551/1551 1552/1552/1552 1555/1555/1555
f 1551/1551/1551 1555/1555/1555 1554/1554/1554
f 1552/1552/1552 1553/1553/1553 1556/1556/1556
f 1552/1552/1552 1556/1556/1556 1555/1555/1555
f 81/81/81 632/632/632 1548/1548/1548
f 81/81/81 1548/1548/1548 648/648/648
f 632/632/632 631/631/631 1549/1549/1549
f 632/632/632 1549/1549/1549 1548/1548/1548
f 631/631/631 630/630/630 1550/1550/1550
f 631/631/631 1550/1550/1550 1549/1549/1549
f 630/630/630 82/82/82 651/651/651
f 630/630/630 651/651/651 1550/1550/1550
f 1550/1550/1550 651/651/651 652/652/652
f 1550/1550/1550 652/652/652 1553/1553/1553
f 1553/1553/1553 652/652/652 653/653/653
f 1553/1553/1553 653/653/653 1556/1556/1556
f 1556/1556/1556 653/653/653 5/5/5
f 1556/1556/1556 5/5/5 377/377/377
f 1555/1555/1555 1556/1556/1556 377/377/377
f 1555/1555/1555 377/377/377 376/376/376
f 1554/1554/1554 1555/1555/1555 376/376/376
f 1554/1554/1554 376/376/376 375/375/375
f 650/650/650 1554/1554/1554 375/375/375
f 650/650/650 375/375/375 6/6/6
f 649/649/649 1551/1551/1551 1554/1554/1554
f 649/649/649 1554/1554/1554 650/650/650
f 648/648/648 1548/1548/1548 1551/1551/1551
f 648/648/648 1551/1551/1551 649/649/649
f 1557/1557/1557 1558/1558/1558 1561/1561/1561
f 1557/1557/1557 1561/1561/1561 1560/1560/1560
f 1558/1558/1558 1559/1559/1559 1562/1562/1562
f 1558/1558/1558 1562/1562/1562 1561/1561/1561
f 1560/1560/1560 1561/1561/1561 1564/1564/1564
f 1560/1560/1560 1564/1564/1564 1563/1563/1563
f 1561/1561/1561 1562/1562/1562 1565/1565/1565
f 1561/1561/1561 1565/1565/1565 1564/1564/1564
f 82/82/82 638/638/638 1557/1557/1557
f 82/82/82 1557/1557/1557 651/651/651
f 638/638/638 637/637/637 1558/1558/1558
f 638/638/638 1558/1558/1558 1557/1557/1557
f 637/637/637 636/636/636 1559/1559/1559
f 637/637/637 1559/1559/1559 1558/1558/1558
f 636/636/636 79/79/79 641/641/641
f 636/636/636 641/641/641 1559/1559/1559
f 1559/1559/1559 641/641/641 640/640/640
f 1559/1559/1559 640/640/640 1562/1562/1562
f 1562/1562/1562 640/640/640 639/639/639
f 1562/1562/1562 639/639/639 1565/1565/1565
f 1565/1565/1565 639/639/639 25/25/25
f 1565/1565/1565 25/25/25 220/220/220
f 1564/1564/1564 1565/1565/1565 220/220/220
f 1564/1564/1564 220/220/220 221/221/221
f 1563/1563/1563 1564/1564/1564 221/221/221
f 1563/1563/1563 221/221/221 222/222/222
f 653/653/653 1563/1563/1563 222/222/222
f 653/653/653 222/222/222 5/5/5
f 652/652/652 1560/1560/1560 1563/1563/1563
f 652/652/652 1563/1563/1563 653/653/653
f 651/651/651 1557/1557/1557 1560/1560/1560
f 651/651/651 1560/1560/1560 652/652/652
f 1566/1566/1566 1567/1567/1567 1570/1570/1570
f 1566/1566/1566 1570/1570/1570 1569/1569/1569
f 1567/1567/1567 1568/1568/1568 1571/1571/1571
f 1567/1567/1567 1571/1571/1571 1570/1570/1570
f 1569/1569/1569 1570/1570/1570 1573/1573/1573
f 1569/1569/1569 1573/1573/1573 1572/1572/1572
f 1570/1570/1570 1571/1571/1571 1574/1574/1574
f 1570/1570/1570 1574/1574/1574 1573/1573/1573
f 83/83/83 657/657/657 1566/1566/1566
f 83/83/83 1566/1566/1566 656/656/656
f 657/657/657 658/658/658 1567/1567/1567
f 657/657/657 1567/1567/1567 1566/1566/1566
f 658/658/658 659/659/659 1568/1568/1568
f 658/658/658 1568/1568/1568 1567/1567/1567
f 659/659/659 84/84/84 660/660/660
f 659/659/659 660/660/660 1568/1568/1568
f 1568/1568/1568 660/660/660 661/661/661
f 1568/1568/1568 661/661/661 1571/1571/1571
f 1571/1571/1571 661/661/661 662/662/662
f 1571/1571/1571 662/662/662 1574/1574/1574
f 1574/1574/1574 662/662/662 25/25/25
f 1574/1574/1574 25/25/25 647/647/647
f 1573/1573/1573 1574/1574/1574 647/647/647
f 1573/1573/1573 647/647/647 646/646/646
f 1572/1572/1572 1573/1573/1573 646/646/646
f 1572/1572/1572 646/646/646 645/645/645
f 654/654/654 1572/1572/1572 645/645/645
f 654/654/654 645/645/645 26/26/26
f 655/655/655 1569/1569/1569 1572/1572/1572
f 655/655/655 1572/1572/1572 654/654/654
f 656/656/656 1566/1566/1566 1569/1569/1569
f 656/656/656 1569/1569/1569 655/655/655
f 1575/1575/1575 1576/1576/1576 1579/1579/1579
f 1575/1575/1575 1579/1579/1579 1578/1578/1578
f 1576/1576/1576 1577/1577/1577 1580/1580/1580
f 1576/1576/1576 1580/1580/1580 1579/1579/1579
f 1578/1578/1578 1579/1579/1579 1582/1582/1582
f 1578/1578/1578 1582/1582/1582 1581/1581/1581
f 1579/1579/1579 1580/1580/1580 1583/1583/1583
f 1579/1579/1579 1583/1583/1583 1582/1582/1582
f 84/84/84 663/663/663 1575/1575/1575
f 84/84/84 1575/1575/1575 660/660/660
f 663/663/663 664/664/664 1576/1576/1576
f 663/663/663 1576/1576/1576 1575/1575/1575
f 664/664/664 665/665/665 1577/1577/1577
f 664/664/664 1577/1577/1577 1576/1576/1576
f 665/665/665 85/85/85 666/666/666
f 665/665/665 666/666/666 1577/1577/1577
f 1577/1577/1577 666/666/666 667/667/667
f 1577/1577/1577 667/667/667 1580/1580/1580
f 1580/1580/1580 667/667/667 668/668/668
f 1580/1580/1580 668/668/668 1583/1583/1583
f 1583/1583/1583 668/668/668 8/8/8
f 1583/1583/1583 8/8/8 211/211/211
f 1582/1582/1582 1583/1583/1583 211/211/211
f 1582/1582/1582 211/211/211 212/212/212
f 1581/1581/1581 1582/1582/1582 212/212/212
f 1581/1581/1581 212/212/212 213/213/213
f 662/662/662 1581/1581/1581 213/213/213
f 662/662/662 213/213/213 25/25/25
f 661/661/661 1578/1578/1578 1581/1581/1581
f 661/661/661 1581/1581/1581 662/662/662
f 660/660/660 1575/1575/1575 1578/1578/1578
f 660/660/660 1578/1578/1578 661/661/661
f 1584/1584/1584 1585/1585/1585 1588/1588/1588
f 1584/1584/1584 1588/1588/1588 1587/1587/1587
f 1585/1585/1585 1586/1586/1586 1589/1589/1589
f 1585/1585/1585 1589/1589/1589 1588/1588/1588
f 1587/1587/1587 1588/1588/1588 1591/1591/1591
f 1587/1587/1587 1591/1591/1591 1590/1590/1590
f 1588/1588/1588 1589/1589/1589 1592/1592/1592
f 1588/1588/1588 1592/1592/1592 1591/1591/1591
f 85/85/85 669/669/669 1584/1584/1584
f 85/85/85 1584/1584/1584 666/666/666
f 669/669/669 670/670/670 1585/1585/1585
f 669/669/669 1585/1585/1585 1584/1584/1584
f 670/670/670 671/671/671 1586/1586/1586
f 670/670/670 1586/1586/1586 1585/1585/1585
f 671/671/671 86/86/86 672/672/672
f 671/671/671 672/672/672 1586/1586/1586
f 1586/1586/1586 672/672/672 673/673/673
f 1586/1586/1586 673/673/673 1589/1589/1589
f 1589/1589/1589 673/673/673 674/674/674
f 1589/1589/1589 674/674/674 1592/1592/1592
f 1592/1592/1592 674/674/674 7/7/7
f 1592/1592/1592 7/7/7 386/386/386
f 1591/1591/1591 1592/1592/1592 386/386/386
f 1591/1591/1591 386/386/386 385/385/385
f 1590/1590/1590 1591/1591/1591 385/385/385
f 1590/1590/1590 385/385/385 384/384/384
f 668/668/668 1590/1590/1590 384/384/384
f 668/668/668 384/384/384 8/8/8
f 667/667/667 1587/1587/1587 1590/1590/1590
f 667/667/667 1590/1590/1590 668/668/668
f 666/666/666 1584/1584/1584 1587/1587/1587
f 666/666/666 1587/1587/1587 667/667/667
f 1593/1593/1593 1594/1594/1594 1597/1597/1597
f 1593/1593/1593 1597/1597/1597 1596/1596/1596
f 1594/1594/1594 1595/1595/1595 1598/1598/1598
f 1594/1594/1594 1598/1598/1598 1597/1597/1597
f 1596/1596/1596 1597/1597/1597 1600/1600/1600
f 1596/1596/1596 1600/1600/1600 1599/1599/1599
f 1597/1597/1597 1598/1598/1598 1601/1601/1601
f 1597/1597/1597 1601/1601/1601 1600/1600/1600
f 86/86/86 675/675/675 1593/1593/1593
f 86/86/86 1593/1593/1593 672/672/672
f 675/675/675 676/676/676 1594/1594/1594
f 675/675/675 1594/1594/1594 1593/1593/1593
f 676/676/676 677/677/677 1595/1595/1595
f 676/676/676 1595/1595/1595 1594/1594/1594
f 677/677/677 83/83/83 656/656/656
f 677/677/677 656/656/656 1595/1595/1595
f 1595/1595/1595 656/656/656 655/655/655
f 1595/1595/1595 655/655/655 1598/1598/1598
f 1598/1598/1598 655/655/655 654/654/654
f 1598/1598/1598 654/654/654 1601/1601/1601
f 1601/1601/1601 654/654/654 26/26/26
f 1601/1601/1601 26/26/26 180/180/180
f 1600/1600/1600 1601/1601/1601 180/180/180
f 1600/1600/1600 180/180/180 179/179/179
f 1599/1599/1599 1600/1600/1600 179/179/179
f 1599/1599/1599 179/179/179 178/178/178
f 674/674/674 1599/1599/1599 178/178/178
f 674/674/674 178/178/178 7/7/7
f 673/673/673 1596/1596/1596 1599/1599/1599
f 673/673/673 1599/1599/1599 674/674/674
f 672/672/672 1593/1593/1593 1596/1596/1596
f 672/672/672 1596/1596/1596 673/673/673
f 1602/1602/1602 1603/1603/1603 1606/1606/1606
f 1602/1602/1602 1606/1606/1606 1605/1605/1605
f 1603/1603/1603 1604/1604/1604 1607/1607/1607
f 1603/1603/1603 1607/1607/1607 1606/1606/1606
f 1605/1605/1605 1606/1606/1606 1609/1609/1609
f 1605/1605/1605 1609/1609/1609 1608/1608/1608
f 1606/1606/1606 1607/1607/1607 1610/1610/1610
f 1606/1606/1606 1610/1610/1610 1609/1609/1609
f 31/31/31 681/681/681 1602/1602/1602
f 31/31/31 1602/1602/1602 680/680/680
f 681/681/681 682/682/682 1603/1603/1603
f 681/681/681 1603/1603/1603 1602/1602/1602
f 682/682/682 683/683/683 1604/1604/1604
f 682/682/682 1604/1604/1604 1603/1603/1603
f 683/683/683 32/32/32 684/684/684
f 683/683/683 684/684/684 1604/1604/1604
f 1604/1604/1604 684/684/684 685/685/685
f 1604/1604/1604 685/685/685 1607/1607/1607
f 1607/1607/1607 685/685/685 686/686/686
f 1607/1607/1607 686/686/686 1610/1610/1610
f 1610/1610/1610 686/686/686 84/84/84
f 1610/1610/1610 84/84/84 659/659/659
f 1609/1609/1609 1610/1610/1610 659/659/659
f 1609/1609/1609 659/659/659 658/658/658
f 1608/1608/1608 1609/1609/1609 658/658/658
f 1608/1608/1608 658/658/658 657/657/657
f 678/678/678 1608/1608/1608 657/657/657
f 678/678/678 657/657/657 83/83/83
f 679/679/679 1605/1605/1605 1608/1608/1608
f 679/679/679 1608/1608/1608 678/678/678
f 680/680/680 1602/1602/1602 1605/1605/1605
f 680/680/680 1605/1605/1605 679/679/679
f 1611/1611/1611 1612/1612/1612 1615/1615/1615
f 1611/1611/1611 1615/1615/1615 1614/1614/1614
f 1612/1612/1612 1613/1613/1613 1616/1616/1616
f 1612/1612/1612 1616/1616/1616 1615/1615/1615
f 1614/1614/1614 1615/1615/1615 1618/1618/1618
f 1614/1614/1614 1618/1618/1618 1617/1617/1617
f 1615/1615/1615 1616/1616/1616 1619/1619/1619
f 1615/1615/1615 1619/1619/1619 1618/1618/1618
f 32/32/32 687/687/687 1611/1611/1611
f 32/32/32 1611/1611/1611 684/684/684
f 687/687/687 688/688/688 1612/1612/1612
f 687/687/687 1612/1612/1612 1611/1611/1611
f 688/688/688 689/689/689 1613/1613/1613
f 688/688/688 1613/1613/1613 1612/1612/1612
f 689/689/689 33/33/33 690/690/690
f 689/689/689 690/690/690 1613/1613/1613
f 1613/1613/1613 690/690/690 691/691/691
f 1613/1613/1613 691/691/691 1616/1616/1616
f 1616/1616/1616 691/691/691 692/692/692
f 1616/1616/1616 692/692/692 1619/1619/1619
f 1619/1619/1619 692/692/692 85/85/85
f 1619/1619/1619 85/85/85 665/665/665
f 1618/1618/1618 1619/1619/1619 665/665/665
f 1618/1618/1618 665/665/665 664/664/664
f 1617/1617/1617 1618/1618/1618 664/664/664
f 1617/1617/1617 664/664/664 663/663/663
f 686/686/686 1617/1617/1617 663/663/663
f 686/686/686 663/663/663 84/84/84
f 685/685/685 1614/1614/1614 1617/1617/1617
f 685/685/685 1617/1617/1617 686/686/686
f 684/684/684 1611/1611/1611 1614/1614/1614
f 684/684/684 1614/1614/1614 685/685/685
f 1620/1620/1620 1621/1621/1621 1624/1624/1624
f 1620/1620/1620 1624/1624/1624 1623/1623/1623
f 1621/1621/1621 1622/1622/1622 1625/1625/1625
f 1621/1621/1621 1625/1625/1625 1624/1624/1624
f 1623/1623/1623 1624/1624/1624 1627/1627/1627
f 1623/1623/1623 1627/1627/1627 1626/1626/1626
f 1624/1624/1624 1625/1625/1625 1628/1628/1628
f 1624/1624/1624 1628/1628/1628 1627/1627/1627
f 33/33/33 693/693/693 1620/1620/1620
f 33/33/33 1620/1620/1620 690/690/690
f 693/693/693 694/694/694 1621/1621/1621
f 693/693/693 1621/1621/1621 1620/1620/1620
f 694/694/694 695/695/695 1622/1622/1622
f 694/694/694 1622/1622/1622 1621/1621/1621
f 695/695/695 34/34/34 696/696/696
f 695/695/695 696/696/696 1622/1622/1622
f 1622/1622/1622 696/696/696 697/697/697
f 1622/1622/1622 697/697/697 1625/1625/1625
f 1625/1625/1625 697/697/697 698/698/698
f 1625/1625/1625 698/698/698 1628/1628/1628
f 1628/1628/1628 698/698/698 86/86/86
f 1628/1628/1628 86/86/86 671/671/671
f 1627/1627/1627 1628/1628/1628 671/671/671
f 1627/1627/1627 671/671/671 670/670/670
f 1626/1626/1626 1627/1627/1627 670/670/670
f 1626/1626/1626 670/670/670 669/669/669
f 692/692/692 1626/1626/1626 669/669/669
f 692/692/692 669/669/669 85/85/85
f 691/691/691 1623/1623/1623 1626/1626/1626
f 691/691/691 1626/1626/1626 692/692/692
f 690/690/690 1620/1620/1620 1623/1623/1623
f 690/690/690 1623/1623/1623 691/691/691
f 1629/1629/1629 1630/1630/1630 1633/1633/1633
f 1629/1629/1629 1633/1633/1633 1632/1632/1632
f 1630/1630/1630 1631/1631/1631 1634/1634/1634
f 1630/1630/1630 1634/1634/1634 1633/1633/1633
f 1632/1632/1632 1633/1633/1633 1636/1636/1636
f 1632/1632/1632 1636/1636/1636 1635/1635/1635
f 1633/1633/1633 1634/1634/1634 1637/1637/1637
f 1633/1633/1633 1637/1637/1637 1636/1636/1636
f 34/34/34 699/699/699 1629/1629/1629
f 34/34/34 1629/1629/1629 696/696/696
f 699/699/699 700/700/700 1630/1630/1630
f 699/699/699 1630/1630/1630 1629/1629/1629
f 700/700/700 701/701/701 1631/1631/1631
f 700/700/700 1631/1631/1631 1630/1630/1630
f 701/701/701 31/31/31 680/680/680
f 701/701/701 680/680/680 1631/1631/1631
f 1631/1631/1631 680/680/680 679/679/679
f 1631/1631/1631 679/679/679 1634/1634/1634
f 1634/1634/1634 679/679/679 678/678/678
f 1634/1634/1634 678/678/678 1637/1637/1637
f 1637/1637/1637 678/678/678 83/83/83
f 1637/1637/1637 83/83/83 677/677/677
f 1636/1636/1636 1637/1637/1637 677/677/677
f 1636/1636/1636 677/677/677 676/676/676
f 1635/1635/1635 1636/1636/1636 676/676/676
f 1635/1635/1635 676/676/676 675/675/675
f 698/698/698 1635/1635/1635 675/675/675
f 698/698/698 675/675/675 86/86/86
f 697/697/697 1632/1632/1632 1635/1635/1635
f 697/697/697 1635/1635/1635 698/698/698
f 696/696/696 1629/1629/1629 1632/1632/1632
f 696/696/696 1632/1632/1632 697/697/697
f 1638/1638/1638 1639/1639/1639 1642/1642/1642
f 1638/1638/1638 1642/1642/1642 1641/1641/1641
f 1639/1639/1639 1640/1640/1640 1643/1643/1643
f 1639/1639/1639 1643/1643/1643 1642/1642/1642
f 1641/1641/1641 1642/1642/1642 1645/1645/1645
f 1641/1641/1641 1645/1645/1645 1644/1644/1644
f 1642/1642/1642 1643/1643/1643 1646/1646/1646
f 1642/1642/1642 1646/1646/1646 1645/1645/1645
f 87/87/87 255/255/255 1638/1638/1638
f 87/87/87 1638/1638/1638 704/704/704
f 255/255/255 254/254/254 1639/1639/1639
f 255/255/255 1639/1639/1639 1638/1638/1638
f 254/254/254 253/253/253 1640/1640/1640
f 254/254/254 1640/1640/1640 1639/1639/1639
f 253/253/253 88/88/88 705/705/705
f 253/253/253 705/705/705 1640/1640/1640
f 1640/1640/1640 705/705/705 706/706/706
f 1640/1640/1640 706/706/706 1643/1643/1643
f 1643/1643/1643 706/706/706 707/707/707
f 1643/1643/1643 707/707/707 1646/1646/1646
f 1646/1646/1646 707/707/707 92/92/92
f 1646/1646/1646 92/92/92 708/708/708
f 1645/1645/1645 1646/1646/1646 708/708/708
f 1645/1645/1645 708/708/708 709/709/709
f 1644/1644/1644 1645/1645/1645 709/709/709
f 1644/1644/1644 709/709/709 710/710/710
f 702/702/702 1644/1644/1644 710/710/710
f 702/702/702 710/710/710 91/91/91
f 703/703/703 1641/1641/1641 1644/1644/1644
f 703/703/703 1644/1644/1644 702/702/702
f 704/704/704 1638/1638/1638 1641/1641/1641
f 704/704/704 1641/1641/1641 703/703/703
f 1647/1647/1647 1648/1648/1648 1651/1651/1651
f 1647/1647/1647 1651/1651/1651 1650/1650/1650
f 1648/1648/1648 1649/1649/1649 1652/1652/1652
f 1648/1648/1648 1652/1652/1652 1651/1651/1651
f 1650/1650/1650 1651/1651/1651 1654/1654/1654
f 1650/1650/1650 1654/1654/1654 1653/1653/1653
f 1651/1651/1651 1652/1652/1652 1655/1655/1655
f 1651/1651/1651 1655/1655/1655 1654/1654/1654
f 88/88/88 365/365/365 1647/1647/1647
f 88/88/88 1647/1647/1647 705/705/705
f 365/365/365 364/364/364 1648/1648/1648
f 365/365/365 1648/1648/1648 1647/1647/1647
f 364/364/364 363/363/363 1649/1649/1649
f 364/364/364 1649/1649/1649 1648/1648/1648
f 363/363/363 89/89/89 711/711/711
f 363/363/363 711/711/711 1649/1649/1649
f 1649/1649/1649 711/711/711 712/712/712
f 1649/1649/1649 712/712/712 1652/1652/1652
f 1652/1652/1652 712/712/712 713/713/713
f 1652/1652/1652 713/713/713 1655/1655/1655
f 1655/1655/1655 713/713/713 93/93/93
f 1655/1655/1655 93/93/93 714/714/714
f 1654/1654/1654 1655/1655/1655 714/714/714
f 1654/1654/1654 714/714/714 715/715/715
f 1653/1653/1653 1654/1654/1654 715/715/715
f 1653/1653/1653 715/715/715 716/716/716
f 707/707/707 1653/1653/1653 716/716/716
f 707/707/707 716/716/716 92/92/92
f 706/706/706 1650/1650/1650 1653/1653/1653
f 706/706/706 1653/1653/1653 707/707/707
f 705/705/705 1647/1647/1647 1650/1650/1650
f 705/705/705 1650/1650/1650 706/706/706
f 1656/1656/1656 1657/1657/1657 1660/1660/1660
f 1656/1656/1656 1660/1660/1660 1659/1659/1659
f 1657/1657/1657 1658/1658/1658 1661/1661/1661
f 1657/1657/1657 1661/1661/1661 1660/1660/1660
f 1659/1659/1659 1660/1660/1660 1663/1663/1663
f 1659/1659/1659 1663/1663/1663 1662/1662/1662
f 1660/1660/1660 1661/1661/1661 1664/1664/1664
f 1660/1660/1660 1664/1664/1664 1663/1663/1663
f 89/89/89 240/240/240 1656/1656/1656
f 89/89/89 1656/1656/1656 711/711/711
f 240/240/240 239/239/239 1657/1657/1657
f 240/240/240 1657/1657/1657 1656/1656/1656
f 239/239/239 238/238/238 1658/1658/1658
f 239/239/239 1658/1658/1658 1657/1657/1657
f 238/238/238 90/90/90 717/717/717
f 238/238/238 717/717/717 1658/1658/1658
f 1658/1658/1658 717/717/717 718/718/718
f 1658/1658/1658 718/718/718 1661/1661/1661
f 1661/1661/1661 718/718/718 719/719/719
f 1661/1661/1661 719/719/719 1664/1664/1664
f 1664/1664/1664 719/719/719 94/94/94
f 1664/1664/1664 94/94/94 720/720/720
f 1663/1663/1663 1664/1664/1664 720/720/720
f 1663/1663/1663 720/720/720 721/721/721
f 1662/1662/1662 1663/1663/1663 721/721/721
f 1662/1662/1662 721/721/721 722/722/722
f 713/713/713 1662/1662/1662 722/722/722
f 713/713/713 722/722/722 93/93/93
f 712/712/712 1659/1659/1659 1662/1662/1662
f 712/712/712 1662/1662/1662 713/713/713
f 711/711/711 1656/1656/1656 1659/1659/1659
f 711/711/711 1659/1659/1659 712/712/712
f 1665/1665/1665 1666/1666/1666 1669/1669/1669
f 1665/1665/1665 1669/1669/1669 1668/1668/1668
f 1666/1666/1666 1667/1667/1667 1670/1670/1670
f 1666/1666/1666 1670/1670/1670 1669/1669/1669
f 1668/1668/1668 1669/1669/1669 1672/1672/1672
f 1668/1668/1668 1672/1672/1672 1671/1671/1671
f 1669/1669/1669 1670/1670/1670 1673/1673/1673
f 1669/1669/1669 1673/1673/1673 1672/1672/1672
f 90/90/90 285/285/285 1665/1665/1665
f 90/90/90 1665/1665/1665 717/717/717
f 285/285/285 284/284/284 1666/1666/1666
f 285/285/285 1666/1666/1666 1665/1665/1665
f 284/284/284 283/283/283 1667/1667/1667
f 284/284/284 1667/1667/1667 1666/1666/1666
f 283/283/283 87/87/87 704/704/704
f 283/283/283 704/704/704 1667/1667/1667
f 1667/1667/1667 704/704/704 703/703/703
f 1667/1667/1667 703/703/703 1670/1670/1670
f 1670/1670/1670 703/703/703 702/702/702
f 1670/1670/1670 702/702/702 1673/1673/1673
f 1673/1673/1673 702/702/702 91/91/91
f 1673/1673/1673 91/91/91 723/723/723
f 1672/1672/1672 1673/1673/1673 723/723/723
f 1672/1672/1672 723/723/723 724/724/724
f 1671/1671/1671 1672/1672/1672 724/724/724
f 1671/1671/1671 724/724/724 725/725/725
f 719/719/719 1671/1671/1671 725/725/725
f 719/719/719 725/725/725 94/94/94
f 718/718/718 1668/1668/1668 1671/1671/1671
f 718/718/718 1671/1671/1671 719/719/719
f 717/717/717 1665/1665/1665 1668/1668/1668
f 717/717/717 1668/1668/1668 718/718/718
f 1674/1674/1674 1675/1675/1675 1678/1678/1678
f 1674/1674/1674 1678/1678/1678 1677/1677/1677
f 1675/1675/1675 1676/1676/1676 1679/1679/1679
f 1675/1675/1675 1679/1679/1679 1678/1678/1678
f 1677/1677/1677 1678/1678/1678 1681/1681/1681
f 1677/1677/1677 1681/1681/1681 1680/1680/1680
f 1678/1678/1678 1679/1679/1679 1682/1682/1682
f 1678/1678/1678 1682/1682/1682 1681/1681/1681
f 91/91/91 710/710/710 1674/1674/1674
f 91/91/91 1674/1674/1674 728/728/728
f 710/710/710 709/709/709 1675/1675/1675
f 710/710/710 1675/1675/1675 1674/1674/1674
f 709/709/709 708/708/708 1676/1676/1676
f 709/709/709 1676/1676/1676 1675/1675/1675
f 708/708/708 92/92/92 729/729/729
f 708/708/708 729/729/729 1676/1676/1676
f 1676/1676/1676 729/729/729 730/730/730
f 1676/1676/1676 730/730/730 1679/1679/1679
f 1679/1679/1679 730/730/730 731/731/731
f 1679/1679/1679 731/731/731 1682/1682/1682
f 1682/1682/1682 731/731/731 96/96/96
f 1682/1682/1682 96/96/96 732/732/732
f 1681/1681/1681 1682/1682/1682 732/732/732
f 1681/1681/1681 732/732/732 733/733/733
f 1680/1680/1680 1681/1681/1681 733/733/733
f 1680/1680/1680 733/733/733 734/734/734
f 726/726/726 1680/1680/1680 734/734/734
f 726/726/726 734/734/734 95/95/95
f 727/727/727 1677/1677/1677 1680/1680/1680
f 727/727/727 1680/1680/1680 726/726/726
f 728/728/728 1674/1674/1674 1677/1677/1677
f 728/728/728 1677/1677/1677 727/727/727
f 1683/1683/1683 1684/1684/1684 1687/1687/1687
f 1683/1683/1683 1687/1687/1687 1686/1686/1686
f 1684/1684/1684 1685/1685/1685 1688/1688/1688
f 1684/1684/1684 1688/1688/1688 1687/1687/1687
f 1686/1686/1686 1687/1687/1687 1690/1690/1690
f 1686/1686/1686 1690/1690/1690 1689/1689/1689
f 1687/1687/1687 1688/1688/1688 1691/1691/1691
f 1687/1687/1687 1691/1691/1691 1690/1690/1690
f 92/92/92 716/716/716 1683/1683/1683
f 92/92/92 1683/1683/1683 729/729/729
f 716/716/716 715/715/715 1684/1684/1684
f 716/716/716 1684/1684/1684 1683/1683/1683
f 715/715/715 714/714/714 1685/1685/1685
f 715/715/715 1685/1685/1685 1684/1684/1684
f 714/714/714 93/93/93 735/735/735
f 714/714/714 735/735/735 1685/1685/1685
f 1685/1685/1685 735/735/735 736/736/736
f 1685/1685/1685 736/736/736 1688/1688/1688
f 1688/1688/1688 736/736/736 737/737/737
f 1688/1688/1688 737/737/737 1691/1691/1691
f 1691/1691/1691 737/737/737 97/97/97
f 1691/1691/1691 97/97/97 738/738/738
f 1690/1690/1690 1691/1691/1691 738/738/738
f 1690/1690/1690 738/738/738 739/739/739
f 1689/1689/1689 1690/1690/1690 739/739/739
f 1689/1689/1689 739/739/739 740/740/740
f 731/731/731 1689/1689/1689 740/740/740
f 731/731/731 740/740/740 96/96/96
f 730/730/730 1686/1686/1686 1689/1689/1689
f 730/730/730 1689/1689/1689 731/731/731
f 729/729/729 1683/1683/1683 1686/1686/1686
f 729/729/729 1686/1686/1686 730/730/730
f 1692/1692/1692 1693/1693/1693 1696/1696/1696
f 1692/1692/1692 1696/1696/1696 1695/1695/1695
f 1693/1693/1693 1694/1694/1694 1697/1697/1697
f 1693/1693/1693 1697/1697/1697 1696/1696/1696
f 1695/1695/1695 1696/1696/1696 1699/1699/1699
f 1695/1695/1695 1699/1699/1699 1698/1698/1698
f 1696/1696/1696 1697/1697/1697 1700/1700/1700
f 1696/1696/1696 1700/1700/1700 1699/1699/1699
f 93/93/93 722/722/722 1692/1692/1692
f 93/93/93 1692/1692/1692 735/735/735
f 722/722/722 721/721/721 1693/1693/1693
f 722/722/722 1693/1693/1693 1692/1692/1692
f 721/721/721 720/720/720 1694/1694/1694
f 721/721/721 1694/1694/1694 1693/1693/1693
f 720/720/720 94/94/94 741/741/741
f 720/720/720 741/741/741 1694/1694/1694
f 1694/1694/1694 741/741/741 742/742/742
f 1694/1694/1694 742/742/742 1697/1697/1697
f 1697/1697/1697 742/742/742 743/743/743
f 1697/1697/1697 743/743/743 1700/1700/1700
f 1700/1700/1700 743/743/743 98/98/98
f 1700/1700/1700 98/98/98 744/744/744
f 1699/1699/1699 1700/1700/1700 744/744/744
f 1699/1699/1699 744/744/744 745/745/745
f 1698/1698/1698 1699/1699/1699 745/745/745
f 1698/1698/1698 745/745/745 746/746/746
f 737/737/737 1698/1698/1698 746/746/746
f 737/737/737 746/746/746 97/97/97
f 736/736/736 1695/1695/1695 1698/1698/1698
f 736/736/736 1698/1698/1698 737/737/737
f 735/735/735 1692/1692/1692 1695/1695/1695
f 735/735/735 1695/1695/1695 736/736/736
f 1701/1701/1701 1702/1702/1702 1705/1705/1705
f 1701/1701/1701 1705/1705/1705 1704/1704/1704
f 1702/1702/1702 1703/1703/1703 1706/1706/1706
f 1702/1702/1702 1706/1706/1706 1705/1705/1705
f 1704/1704/1704 1705/1705/1705 1708/1708/1708
f 1704/1704/1704 1708/1708/1708 1707/1707/1707
f 1705/1705/1705 1706/1706/1706 1709/1709/1709
f 1705/1705/1705 1709/1709/1709 1708/1708/1708
f 94/94/94 725/725/725 1701/1701/1701
f 94/94/94 1701/1701/1701 741/741/741
f 725/725/725 724/724/724 1702/1702/1702
f 725/725/725 1702/1702/1702 1701/1701/1701
f 724/724/724 723/723/723 1703/1703/1703
f 724/724/724 1703/1703/1703 1702/1702/1702
f 723/723/723 91/91/91 728/728/728
f 723/723/723 728/728/728 1703/1703/1703
f 1703/1703/1703 728/728/728 727/727/727
f 1703/1703/1703 727/727/727 1706/1706/1706
f 1706/1706/1706 727/727/727 726/726/726
f 1706/1706/1706 726/726/726 1709/1709/1709
f 1709/1709/1709 726/726/726 95/95/95
f 1709/1709/1709 95/95/95 747/747/747
f 1708/1708/1708 1709/1709/1709 747/747/747
f 1708/1708/1708 747/747/747 748/748/748
f 1707/1707/1707 1708/1708/1708 748/748/748
f 1707/1707/1707 748/748/748 749/749/749
f 743/743/743 1707/1707/1707 749/749/749
f 743/743/743 749/749/749 98/98/98
f 742/742/742 1704/1704/1704 1707/1707/1707
f 742/742/742 1707/1707/1707 743/743/743
f 741/741/741 1701/1701/1701 1704/1704/1704
f 741/741/741 1704/1704/1704 742/742/742
f 1710/1710/1710 1711/1711/1711 1714/1714/1714
f 1710/1710/1710 1714/1714/1714 1713/1713/1713
f 1711/1711/1711 1712/1712/1712 1715/1715/1715
f 1711/1711/1711 1715/1715/1715 1714/1714/1714
f 1713/1713/1713 1714/1714/1714 1717/1717/1717
f 1713/1713/1713 1717/1717/1717 1716/1716/1716
f 1714/1714/1714 1715/1715/1715 1718/1718/1718
f 1714/1714/1714 1718/1718/1718 1717/1717/1717
f 95/95/95 734/734/734 1710/1710/1710
f 95/95/95 1710/1710/1710 752/752/752
f 734/734/734 733/733/733 1711/1711/1711
f 734/734/734 1711/1711/1711 1710/1710/1710
f 733/733/733 732/732/732 1712/1712/1712
f 733/733/733 1712/1712/1712 1711/1711/1711
f 732/732/732 96/96/96 753/753/753
f 732/732/732 753/753/753 1712/1712/1712
f 1712/1712/1712 753/753/753 754/754/754
f 1712/1712/1712 754/754/754 1715/1715/1715
f 1715/1715/1715 754/754/754 755/755/755
f 1715/1715/1715 755/755/755 1718/1718/1718
f 1718/1718/1718 755/755/755 28/28/28
f 1718/1718/1718 28/28/28 608/608/608
f 1717/1717/1717 1718/1718/1718 608/608/608
f 1717/1717/1717 608/608/608 607/607/607
f 1716/1716/1716 1717/1717/1717 607/607/607
f 1716/1716/1716 607/607/607 606/606/606
f 750/750/750 1716/1716/1716 606/606/606
f 750/750/750 606/606/606 27/27/27
f 751/751/751 1713/1713/1713 1716/1716/1716
f 751/751/751 1716/1716/1716 750/750/750
f 752/752/752 1710/1710/1710 1713/1713/1713
f 752/752/752 1713/1713/1713 751/751/751
f 1719/1719/1719 1720/1720/1720 1723/1723/1723
f 1719/1719/1719 1723/1723/1723 1722/1722/1722
f 1720/1720/1720 1721/1721/1721 1724/1724/1724
f 1720/1720/1720 1724/1724/1724 1723/1723/1723
f 1722/1722/1722 1723/1723/1723 1726/1726/1726
f 1722/1722/1722 1726/1726/1726 1725/1725/1725
f 1723/1723/1723 1724/1724/1724 1727/1727/1727
f 1723/1723/1723 1727/1727/1727 1726/1726/1726
f 96/96/96 740/740/740 1719/1719/1719
f 96/96/96 1719/1719/1719 753/753/753
f 740/740/740 739/739/739 1720/1720/1720
f 740/740/740 1720/1720/1720 1719/1719/1719
f 739/739/739 738/738/738 1721/1721/1721
f 739/739/739 1721/1721/1721 1720/1720/1720
f 738/738/738 97/97/97 756/756/756
f 738/738/738 756/756/756 1721/1721/1721
f 1721/1721/1721 756/756/756 757/757/757
f 1721/1721/1721 757/757/757 1724/1724/1724
f 1724/1724/1724 757/757/757 758/758/758
f 1724/1724/1724 758/758/758 1727/1727/1727
f 1727/1727/1727 758/758/758 29/29/29
f 1727/1727/1727 29/29/29 617/617/617
f 1726/1726/1726 1727/1727/1727 617/617/617
f 1726/1726/1726 617/617/617 616/616/616
f 1725/1725/1725 1726/1726/1726 616/616/616
f 1725/1725/1725 616/616/616 615/615/615
f 755/755/755 1725/1725/1725 615/615/615
f 755/755/755 615/615/615 28/28/28
f 754/754/754 1722/1722/1722 1725/1725/1725
f 754/754/754 1725/1725/1725 755/755/755
f 753/753/753 1719/1719/1719 1722/1722/1722
f 753/753/753 1722/1722/1722 754/754/754
f 1728/1728/1728 1729/1729/1729 1732/1732/1732
f 1728/1728/1728 1732/1732/1732 1731/1731/1731
f 1729/1729/1729 1730/1730/1730 1733/1733/1733
f 1729/1729/1729 1733/1733/1733 1732/1732/1732
f 1731/1731/1731 1732/1732/1732 1735/1735/1735
f 1731/1731/1731 1735/1735/1735 1734/1734/1734
f 1732/1732/1732 1733/1733/1733 1736/1736/1736
f 1732/1732/1732 1736/1736/1736 1735/1735/1735
f 97/97/97 746/746/746 1728/1728/1728
f 97/97/97 1728/1728/1728 756/756/756
f 746/746/746 745/745/745 1729/1729/1729
f 746/746/746 1729/1729/1729 1728/1728/1728
f 745/745/745 744/744/744 1730/1730/1730
f 745/745/745 1730/1730/1730 1729/1729/1729
f 744/744/744 98/98/98 759/759/759
f 744/744/744 759/759/759 1730/1730/1730
f 1730/1730/1730 759/759/759 760/760/760
f 1730/1730/1730 760/760/760 1733/1733/1733
f 1733/1733/1733 760/760/760 761/761/761
f 1733/1733/1733 761/761/761 1736/1736/1736
f 1736/1736/1736 761/761/761 30/30/30
f 1736/1736/1736 30/30/30 626/626/626
f 1735/1735/1735 1736/1736/1736 626/626/626
f 1735/1735/1735 626/626/626 625/625/625
f 1734/1734/1734 1735/1735/1735 625/625/625
f 1734/1734/1734 625/625/625 624/624/624
f 758/758/758 1734/1734/1734 624/624/624
f 758/758/758 624/624/624 29/29/29
f 757/757/757 1731/1731/1731 1734/1734/1734
f 757/757/757 1734/1734/1734 758/758/758
f 756/756/756 1728/1728/1728 1731/1731/1731
f 756/756/756 1731/1731/1731 757/757/757
f 1737/1737/1737 1738/1738/1738 1741/1741/1741
f 1737/1737/1737 1741/1741/1741 1740/1740/1740
f 1738/1738/1738 1739/1739/1739 1742/1742/1742
f 1738/1738/1738 1742/1742/1742 1741/1741/1741
f 1740/1740/1740 1741/1741/1741 1744/1744/1744
f 1740/1740/1740 1744/1744/1744 1743/1743/1743
f 1741/1741/1741 1742/1742/1742 1745/1745/1745
f 1741/1741/1741 1745/1745/1745 1744/1744/1744
f 98/98/98 749/749/749 1737/1737/1737
f 98/98/98 1737/1737/1737 759/759/759
f 749/749/749 748/748/748 1738/1738/1738
f 749/749/749 1738/1738/1738 1737/1737/1737
f 748/748/748 747/747/747 1739/1739/1739
f 748/748/748 1739/1739/1739 1738/1738/1738
f 747/747/747 95/95/95 752/752/752
f 747/747/747 752/752/752 1739/1739/1739
f 1739/1739/1739 752/752/752 751/751/751
f 1739/1739/1739 751/751/751 1742/1742/1742
f 1742/1742/1742 751/751/751 750/750/750
f 1742/1742/1742 750/750/750 1745/1745/1745
f 1745/1745/1745 750/750/750 27/27/27
f 1745/1745/1745 27/27/27 635/635/635
f 1744/1744/1744 1745/1745/1745 635/635/635
f 1744/1744/1744 635/635/635 634/634/634
f 1743/1743/1743 1744/1744/1744 634/634/634
f 1743/1743/1743 634/634/634 633/633/633
f 761/761/761 1743/1743/1743 633/633/633
f 761/761/761 633/633/633 30/30/30
f 760/760/760 1740/1740/1740 1743/1743/1743
f 760/760/760 1743/1743/1743 761/761/761
f 759/759/759 1737/1737/1737 1740/1740/1740
f 759/759/759 1740/1740/1740 760/760/760
f 1746/1746/1746 1747/1747/1747 1750/1750/1750
f 1746/1746/1746 1750/1750/1750 1749/1749/1749
f 1747/1747/1747 1748/1748/1748 1751/1751/1751
f 1747/1747/1747 1751/1751/1751 1750/1750/1750
f 1749/1749/1749 1750/1750/1750 1753/1753/1753
f 1749/1749/1749 1753/1753/1753 1752/1752/1752
f 1750/1750/1750 1751/1751/1751 1754/1754/1754
f 1750/1750/1750 1754/1754/1754 1753/1753/1753
f 99/99/99 765/765/765 1746/1746/1746
f 99/99/99 1746/1746/1746 764/764/764
f 765/765/765 766/766/766 1747/1747/1747
f 765/765/765 1747/1747/1747 1746/1746/1746
f 766/766/766 767/767/767 1748/1748/1748
f 766/766/766 1748/1748/1748 1747/1747/1747
f 767/767/767 100/100/100 768/768/768
f 767/767/767 768/768/768 1748/1748/1748
f 1748/1748/1748 768/768/768 769/769/769
f 1748/1748/1748 769/769/769 1751/1751/1751
f 1751/1751/1751 769/769/769 770/770/770
f 1751/1751/1751 770/770/770 1754/1754/1754
f 1754/1754/1754 770/770/770 32/32/32
f 1754/1754/1754 32/32/32 683/683/683
f 1753/1753/1753 1754/1754/1754 683/683/683
f 1753/1753/1753 683/683/683 682/682/682
f 1752/1752/1752 1753/1753/1753 682/682/682
f 1752/1752/1752 682/682/682 681/681/681
f 762/762/762 1752/1752/1752 681/681/681
f 762/762/762 681/681/681 31/31/31
f 763/763/763 1749/1749/1749 1752/1752/1752
f 763/763/763 1752/1752/1752 762/762/762
f 764/764/764 1746/1746/1746 1749/1749/1749
f 764/764/764 1749/1749/1749 763/763/763
f 1755/1755/1755 1756/1756/1756 1759/1759/1759
f 1755/1755/1755 1759/1759/1759 1758/1758/1758
f 1756/1756/1756 1757/1757/1757 1760/1760/1760
f 1756/1756/1756 1760/1760/1760 1759/1759/1759
f 1758/1758/1758 1759/1759/1759 1762/1762/1762
f 1758/1758/1758 1762/1762/1762 1761/1761/1761
f 1759/1759/1759 1760/1760/1760 1763/1763/1763
f 1759/1759/1759 1763/1763/1763 1762/1762/1762
f 100/100/100 771/771/771 1755/1755/1755
f 100/100/100 1755/1755/1755 768/768/768
f 771/771/771 772/772/772 1756/1756/1756
f 771/771/771 1756/1756/1756 1755/1755/1755
f 772/772/772 773/773/773 1757/1757/1757
f 772/772/772 1757/1757/1757 1756/1756/1756
f 773/773/773 101/101/101 774/774/774
f 773/773/773 774/774/774 1757/1757/1757
f 1757/1757/1757 774/774/774 775/775/775
f 1757/1757/1757 775/775/775 1760/1760/1760
f 1760/1760/1760 775/775/775 776/776/776
f 1760/1760/1760 776/776/776 1763/1763/1763
f 1763/1763/1763 776/776/776 33/33/33
f 1763/1763/1763 33/33/33 689/689/689
f 1762/1762/1762 1763/1763/1763 689/689/689
f 1762/1762/1762 689/689/689 688/688/688
f 1761/1761/1761 1762/1762/1762 688/688/688
f 1761/1761/1761 688/688/688 687/687/687
f 770/770/770 1761/1761/1761 687/687/687
f 770/770/770 687/687/687 32/32/32
f 769/769/769 1758/1758/1758 1761/1761/1761
f 769/769/769 1761/1761/1761 770/770/770
f 768/768/768 1755/1755/1755 1758/1758/1758
f 768/768/768 1758/1758/1758 769/769/769
f 1764/1764/1764 1765/1765/1765 1768/1768/1768
f 1764/1764/1764 1768/1768/1768 1767/1767/1767
f 1765/1765/1765 1766/1766/1766 1769/1769/1769
f 1765/1765/1765 1769/1769/1769 1768/1768/1768
f 1767/1767/1767 1768/1768/1768 1771/1771/1771
f 1767/1767/1767 1771/1771/1771 1770/1770/1770
f 1768/1768/1768 1769/1769/1769 1772/1772/1772
f 1768/1768/1768 1772/1772/1772 1771/1771/1771
f 101/101/101 777/777/777 1764/1764/1764
f 101/101/101 1764/1764/1764 774/774/774
f 777/777/777 778/778/778 1765/1765/1765
f 777/777/777 1765/1765/1765 1764/1764/1764
f 778/778/778 779/779/779 1766/1766/1766
f 778/778/778 1766/1766/1766 1765/1765/1765
f 779/779/779 102/102/102 780/780/780
f 779/779/779 780/780/780 1766/1766/1766
f 1766/1766/1766 780/780/780 781/781/781
f 1766/1766/1766 781/781/781 1769/1769/1769
f 1769/1769/1769 781/781/781 782/782/782
f 1769/1769/1769 782/782/782 1772/1772/1772
f 1772/1772/1772 782/782/782 34/34/34
f 1772/1772/1772 34/34/34 695/695/695
f 1771/1771/1771 1772/1772/1772 695/695/695
f 1771/1771/1771 695/695/695 694/694/694
f 1770/1770/1770 1771/1771/1771 694/694/694
f 1770/1770/1770 694/694/694 693/693/693
f 776/776/776 1770/1770/1770 693/693/693
f 776/776/776 693/693/693 33/33/33
f 775/775/775 1767/1767/1767 1770/1770/1770
f 775/775/775 1770/1770/1770 776/776/776
f 774/774/774 1764/1764/1764 1767/1767/1767
f 774/774/774 1767/1767/1767 775/775/775
f 1773/1773/1773 1774/1774/1774 1777/1777/1777
f 1773/1773/1773 1777/1777/1777 1776/1776/1776
f 1774/1774/1774 1775/1775/1775 1778/1778/1778
f 1774/1774/1774 1778/1778/1778 1777/1777/1777
f 1776/1776/1776 1777/1777/1777 1780/1780/1780
f 1776/1776/1776 1780/1780/1780 1779/1779/1779
f 1777/1777/1777 1778/1778/1778 1781/1781/1781
f 1777/1777/1777 1781/1781/1781 1780/1780/1780
f 102/102/102 783/783/783 1773/1773/1773
f 102/102/102 1773/1773/1773 780/780/780
f 783/783/783 784/784/784 1774/1774/1774
f 783/783/783 1774/1774/1774 1773/1773/1773
f 784/784/784 785/785/785 1775/1775/1775
f 784/784/784 1775/1775/1775 1774/1774/1774
f 785/785/785 99/99/99 764/764/764
f 785/785/785 764/764/764 1775/1775/1775
f 1775/1775/1775 764/764/764 763/763/763
f 1775/1775/1775 763/763/763 1778/1778/1778
f 1778/1778/1778 763/763/763 762/762/762
f 1778/1778/1778 762/762/762 1781/1781/1781
f 1781/1781/1781 762/762/762 31/31/31
f 1781/1781/1781 31/31/31 701/701/701
f 1780/1780/1780 1781/1781/1781 701/701/701
f 1780/1780/1780 701/701/701 700/700/700
f 1779/1779/1779 1780/1780/1780 700/700/700
f 1779/1779/1779 700/700/700 699/699/699
f 782/782/782 1779/1779/1779 699/699/699
f 782/782/782 699/699/699 34/34/34
f 781/781/781 1776/1776/1776 1779/1779/1779
f 781/781/781 1779/1779/1779 782/782/782
f 780/780/780 1773/1773/1773 1776/1776/1776
f 780/780/780 1776/1776/1776 781/781/781
f 1782/1782/1782 1783/1783/1783 1786/1786/1786
f 1782/1782/1782 1786/1786/1786 1785/1785/1785
f 1783/1783/1783 1784/1784/1784 1787/1787/1787
f 1783/1783/1783 1787/1787/1787 1786/1786/1786
f 1785/1785/1785 1786/1786/1786 1789/1789/1789
f 1785/1785/1785 1789/1789/1789 1788/1788/1788
f 1786/1786/1786 1787/1787/1787 1790/1790/1790
f 1786/1786/1786 1790/1790/1790 1789/1789/1789
f 103/103/103 789/789/789 1782/1782/1782
f 103/103/103 1782/1782/1782 788/788/788
f 789/789/789 790/790/790 1783/1783/1783
f 789/789/789 1783/1783/1783 1782/1782/1782
f 790/790/790 791/791/791 1784/1784/1784
f 790/790/790 1784/1784/1784 1783/1783/1783
f 791/791/791 104/104/104 792/792/792
f 791/791/791 792/792/792 1784/1784/1784
f 1784/1784/1784 792/792/792 793/793/793
f 1784/1784/1784 793/793/793 1787/1787/1787
f 1787/1787/1787 793/793/793 794/794/794
f 1787/1787/1787 794/794/794 1790/1790/1790
f 1790/1790/1790 794/794/794 100/100/100
f 1790/1790/1790 100/100/100 767/767/767
f 1789/1789/1789 1790/1790/1790 767/767/767
f 1789/1789/1789 767/767/767 766/766/766
f 1788/1788/1788 1789/1789/1789 766/766/766
f 1788/1788/1788 766/766/766 765/765/765
f 786/786/786 1788/1788/1788 765/765/765
f 786/786/786 765/765/765 99/99/99
f 787/787/787 1785/1785/1785 1788/1788/1788
f 787/787/787 1788/1788/1788 786/786/786
f 788/788/788 1782/1782/1782 1785/1785/1785
f 788/788/788 1785/1785/1785 787/787/787
f 1791/1791/1791 1792/1792/1792 1795/1795/1795
f 1791/1791/1791 1795/1795/1795 1794/1794/1794
f 1792/1792/1792 1793/1793/1793 1796/1796/1796
f 1792/1792/1792 1796/1796/1796 1795/1795/1795
f 1794/1794/1794 1795/1795/1795 1798/1798/1798
f 1794/1794/1794 1798/1798/1798 1797/1797/1797
f 1795/1795/1795 1796/1796/1796 1799/1799/1799
f 1795/1795/1795 1799/1799/1799 1798/1798/1798
f 104/104/104 795/795/795 1791/1791/1791
f 104/104/104 1791/1791/1791 792/792/792
f 795/795/795 796/796/796 1792/1792/1792
f 795/795/795 1792/1792/1792 1791/1791/1791
f 796/796/796 797/797/797 1793/1793/1793
f 796/796/796 1793/1793/1793 1792/1792/1792
f 797/797/797 105/105/105 798/798/798
f 797/797/797 798/798/798 1793/1793/1793
f 1793/1793/1793 798/798/798 799/799/799
f 1793/1793/1793 799/799/799 1796/1796/1796
f 1796/1796/1796 799/799/799 800/800/800
f 1796/1796/1796 800/800/800 1799/1799/1799
f 1799/1799/1799 800/800/800 101/101/101
f 1799/1799/1799 101/101/101 773/773/773
f 1798/1798/1798 1799/1799/1799 773/773/773
f 1798/1798/1798 773/773/773 772/772/772
f 1797/1797/1797 1798/1798/1798 772/772/772
f 1797/1797/1797 772/772/772 771/771/771
f 794/794/794 1797/1797/1797 771/771/771
f 794/794/794 771/771/771 100/100/100
f 793/793/793 1794/1794/1794 1797/1797/1797
f 793/793/793 1797/1797/1797 794/794/794
f 792/792/792 1791/1791/1791 1794/1794/1794
f 792/792/792 1794/1794/1794 793/793/793
f 1800/1800/1800 1801/1801/1801 1804/1804/1804
f 1800/1800/1800 1804/1804/1804 1803/1803/1803
f 1801/1801/1801 1802/1802/1802 1805/1805/1805
f 1801/1801/1801 1805/1805/1805 1804/1804/1804
f 1803/1803/1803 1804/1804/1804 1807/1807/1807
f 1803/1803/1803 1807/1807/1807 1806/1806/1806
f 1804/1804/1804 1805/1805/1805 1808/1808/1808
f 1804/1804/1804 1808/1808/1808 1807/1807/1807
f 105/105/105 801/801/801 1800/1800/1800
f 105/105/105 1800/1800/1800 798/798/798
f 801/801/801 802/802/802 1801/1801/1801
f 801/801/801 1801/1801/1801 1800/1800/1800
f 802/802/802 803/803/803 1802/1802/1802
f 802/802/802 1802/1802/1802 1801/1801/1801
f 803/803/803 106/106/106 804/804/804
f 803/803/803 804/804/804 1802/1802/1802
f 1802/1802/1802 804/804/804 805/805/805
f 1802/1802/1802 805/805/805 1805/1805/1805
f 1805/1805/1805 805/805/805 806/806/806
f 1805/1805/1805 806/806/806 1808/1808/1808
f 1808/1808/1808 806/806/806 102/102/102
f 1808/1808/1808 102/102/102 779/779/779
f 1807/1807/1807 1808/1808/1808 779/779/779
f 1807/1807/1807 779/779/779 778/778/778
f 1806/1806/1806 1807/1807/1807 778/778/778
f 1806/1806/1806 778/778/778 777/777/777
f 800/800/800 1806/1806/1806 777/777/777
f 800/800/800 777/777/777 101/101/101
f 799/799/799 1803/1803/1803 1806/1806/1806
f 799/799/799 1806/1806/1806 800/800/800
f 798/798/798 1800/1800/1800 1803/1803/1803
f 798/798/798 1803/1803/1803 799/799/799
f 1809/1809/1809 1810/1810/1810 1813/1813/1813
f 1809/1809/1809 1813/1813/1813 1812/1812/1812
f 1810/1810/1810 1811/1811/1811 1814/1814/1814
f 1810/1810/1810 1814/1814/1814 1813/1813/1813
f 1812/1812/1812 1813/1813/1813 1816/1816/1816
f 1812/1812/1812 1816/1816/1816 1815/1815/1815
f 1813/1813/1813 1814/1814/1814 1817/1817/1817
f 1813/1813/1813 1817/1817/1817 1816/1816/1816
f 106/106/106 807/807/807 1809/1809/1809
f 106/106/106 1809/1809/1809 804/804/804
f 807/807/807 808/808/808 1810/1810/1810
f 807/807/807 1810/1810/1810 1809/1809/1809
f 808/808/808 809/809/809 1811/1811/1811
f 808/808/808 1811/1811/1811 1810/1810/1810
f 809/809/809 103/103/103 788/788/788
f 809/809/809 788/788/788 1811/1811/1811
f 1811/1811/1811 788/788/788 787/787/787
f 1811/1811/1811 787/787/787 1814/1814/1814
f 1814/1814/1814 787/787/787 786/786/786
f 1814/1814/1814 786/786/786 1817/1817/1817
f 1817/1817/1817 786/786/786 99/99/99
f 1817/1817/1817 99/99/99 785/785/785
f 1816/1816/1816 1817/1817/1817 785/785/785
f 1816/1816/1816 785/785/785 784/784/784
f 1815/1815/1815 1816/1816/1816 784/784/784
f 1815/1815/1815 784/784/784 783/783/783
f 806/806/806 1815/1815/1815 783/783/783
f 806/806/806 783/783/783 102/102/102
f 805/805/805 1812/1812/1812 1815/1815/1815
f 805/805/805 1815/1815/1815 806/806/806
f 804/804/804 1809/1809/1809 1812/1812/1812
f 804/804/804 1812/1812/1812 805/805/805
f 1818/1818/1818 1819/1819/1819 1822/1822/1822
f 1818/1818/1818 1822/1822/1822 1821/1821/1821
f 1819/1819/1819 1820/1820/1820 1823/1823/1823
f 1819/1819/1819 1823/1823/1823 1822/1822/1822
f 1821/1821/1821 1822/1822/1822 1825/1825/1825
f 1821/1821/1821 1825/1825/1825 1824/1824/1824
f 1822/1822/1822 1823/1823/1823 1826/1826/1826
f 1822/1822/1822 1826/1826/1826 1825/1825/1825
f 107/107/107 300/300/300 1818/1818/1818
f 107/107/107 1818/1818/1818 812/812/812
f 300/300/300 299/299/299 1819/1819/1819
f 300/300/300 1819/1819/1819 1818/1818/1818
f 299/299/299 298/298/298 1820/1820/1820
f 299/299/299 1820/1820/1820 1819/1819/1819
f 298/298/298 108/108/108 813/813/813
f 298/298/298 813/813/813 1820/1820/1820
f 1820/1820/1820 813/813/813 814/814/814
f 1820/1820/1820 814/814/814 1823/1823/1823
f 1823/1823/1823 814/814/814 815/815/815
f 1823/1823/1823 815/815/815 1826/1826/1826
f 1826/1826/1826 815/815/815 104/104/104
f 1826/1826/1826 104/104/104 791/791/791
f 1825/1825/1825 1826/1826/1826 791/791/791
f 1825/1825/1825 791/791/791 790/790/790
f 1824/1824/1824 1825/1825/1825 790/790/790
f 1824/1824/1824 790/790/790 789/789/789
f 810/810/810 1824/1824/1824 789/789/789
f 810/810/810 789/789/789 103/103/103
f 811/811/811 1821/1821/1821 1824/1824/1824
f 811/811/811 1824/1824/1824 810/810/810
f 812/812/812 1818/1818/1818 1821/1821/1821
f 812/812/812 1821/1821/1821 811/811/811
f 1827/1827/1827 1828/1828/1828 1831/1831/1831
f 1827/1827/1827 1831/1831/1831 1830/1830/1830
f 1828/1828/1828 1829/1829/1829 1832/1832/1832
f 1828/1828/1828 1832/1832/1832 1831/1831/1831
f 1830/1830/1830 1831/1831/1831 1834/1834/1834
f 1830/1830/1830 1834/1834/1834 1833/1833/1833
f 1831/1831/1831 1832/1832/1832 1835/1835/1835
f 1831/1831/1831 1835/1835/1835 1834/1834/1834
f 108/108/108 344/344/344 1827/1827/1827
f 108/108/108 1827/1827/1827 813/813/813
f 344/344/344 343/343/343 1828/1828/1828
f 344/344/344 1828/1828/1828 1827/1827/1827
f 343/343/343 342/342/342 1829/1829/1829
f 343/343/343 1829/1829/1829 1828/1828/1828
f 342/342/342 109/109/109 816/816/816
f 342/342/342 816/816/816 1829/1829/1829
f 1829/1829/1829 816/816/816 817/817/817
f 1829/1829/1829 817/817/817 1832/1832/1832
f 1832/1832/1832 817/817/817 818/818/818
f 1832/1832/1832 818/818/818 1835/1835/1835
f 1835/1835/1835 818/818/818 105/105/105
f 1835/1835/1835 105/105/105 797/797/797
f 1834/1834/1834 1835/1835/1835 797/797/797
f 1834/1834/1834 797/797/797 796/796/796
f 1833/1833/1833 1834/1834/1834 796/796/796
f 1833/1833/1833 796/796/796 795/795/795
f 815/815/815 1833/1833/1833 795/795/795
f 815/815/815 795/795/795 104/104/104
f 814/814/814 1830/1830/1830 1833/1833/1833
f 814/814/814 1833/1833/1833 815/815/815
f 813/813/813 1827/1827/1827 1830/1830/1830
f 813/813/813 1830/1830/1830 814/814/814
f 1836/1836/1836 1837/1837/1837 1840/1840/1840
f 1836/1836/1836 1840/1840/1840 1839/1839/1839
f 1837/1837/1837 1838/1838/1838 1841/1841/1841
f 1837/1837/1837 1841/1841/1841 1840/1840/1840
f 1839/1839/1839 1840/1840/1840 1843/1843/1843
f 1839/1839/1839 1843/1843/1843 1842/1842/1842
f 1840/1840/1840 1841/1841/1841 1844/1844/1844
f 1840/1840/1840 1844/1844/1844 1843/1843/1843
f 109/109/109 315/315/315 1836/1836/1836
f 109/109/109 1836/1836/1836 816/816/816
f 315/315/315 314/314/314 1837/1837/1837
f 315/315/315 1837/1837/1837 1836/1836/1836
f 314/314/314 313/313/313 1838/1838/1838
f 314/314/314 1838/1838/1838 1837/1837/1837
f 313/313/313 110/110/110 819/819/819
f 313/313/313 819/819/819 1838/1838/1838
f 1838/1838/1838 819/819/819 820/820/820
f 1838/1838/1838 820/820/820 1841/1841/1841
f 1841/1841/1841 820/820/820 821/821/821
f 1841/1841/1841 821/821/821 1844/1844/1844
f 1844/1844/1844 821/821/821 106/106/106
f 1844/1844/1844 106/106/106 803/803/803
f 1843/1843/1843 1844/1844/1844 803/803/803
f 1843/1843/1843 803/803/803 802/802/802
f 1842/1842/1842 1843/1843/1843 802/802/802
f 1842/1842/1842 802/802/802 801/801/801
f 818/818/818 1842/1842/1842 801/801/801
f 818/818/818 801/801/801 105/105/105
f 817/817/817 1839/1839/1839 1842/1842/1842
f 817/817/817 1842/1842/1842 818/818/818
f 816/816/816 1836/1836/1836 1839/1839/1839
f 816/816/816 1839/1839/1839 817/817/817
f 1845/1845/1845 1846/1846/1846 1849/1849/1849
f 1845/1845/1845 1849/1849/1849 1848/1848/1848
f 1846/1846/1846 1847/1847/1847 1850/1850/1850
f 1846/1846/1846 1850/1850/1850 1849/1849/1849
f 1848/1848/1848 1849/1849/1849 1852/1852/1852
f 1848/1848/1848 1852/1852/1852 1851/1851/1851
f 1849/1849/1849 1850/1850/1850 1853/1853/1853
f 1849/1849/1849 1853/1853/1853 1852/1852/1852
f 110/110/110 368/368/368 1845/1845/1845
f 110/110/110 1845/1845/1845 819/819/819
f 368/368/368 367/367/367 1846/1846/1846
f 368/368/368 1846/1846/1846 1845/1845/1845
f 367/367/367 366/366/366 1847/1847/1847
f 367/367/367 1847/1847/1847 1846/1846/1846
f 366/366/366 107/107/107 812/812/812
f 366/366/366 812/812/812 1847/1847/1847
f 1847/1847/1847 812/812/812 811/811/811
f 1847/1847/1847 811/811/811 1850/1850/1850
f 1850/1850/1850 811/811/811 810/810/810
f 1850/1850/1850 810/810/810 1853/1853/1853
f 1853/1853/1853 810/810/810 103/103/103
f 1853/1853/1853 103/103/103 809/809/809
f 1852/1852/1852 1853/1853/1853 809/809/809
f 1852/1852/1852 809/809/809 808/808/808
f 1851/1851/1851 1852/1852/1852 808/808/808
f 1851/1851/1851 808/808/808 807/807/807
f 821/821/821 1851/1851/1851 807/807/807
f 821/821/821 807/807/807 106/106/106
f 820/820/820 1848/1848/1848 1851/1851/1851
f 820/820/820 1851/1851/1851 821/821/821
f 819/819/819 1845/1845/1845 1848/1848/1848
f 819/819/819 1848/1848/1848 820/820/820
f 1854/1854/1854 1855/1855/1855 1858/1858/1858
f 1854/1854/1854 1858/1858/1858 1857/1857/1857
f 1855/1855/1855 1856/1856/1856 1859/1859/1859
f 1855/1855/1855 1859/1859/1859 1858/1858/1858
f 1857/1857/1857 1858/1858/1858 1861/1861/1861
f 1857/1857/1857 1861/1861/1861 1860/1860/1860
f 1858/1858/1858 1859/1859/1859 1862/1862/1862
f 1858/1858/1858 1862/1862/1862 1861/1861/1861
f 35/35/35 350/350/350 1854/1854/1854
f 35/35/35 1854/1854/1854 824/824/824
f 350/350/350 349/349/349 1855/1855/1855
f 350/350/350 1855/1855/1855 1854/1854/1854
f 349/349/349 348/348/348 1856/1856/1856
f 349/349/349 1856/1856/1856 1855/1855/1855
f 348/348/348 36/36/36 825/825/825
f 348/348/348 825/825/825 1856/1856/1856
f 1856/1856/1856 825/825/825 826/826/826
f 1856/1856/1856 826/826/826 1859/1859/1859
f 1859/1859/1859 826/826/826 827/827/827
f 1859/1859/1859 827/827/827 1862/1862/1862
f 1862/1862/1862 827/827/827 112/112/112
f 1862/1862/1862 112/112/112 228/228/228
f 1861/1861/1861 1862/1862/1862 228/228/228
f 1861/1861/1861 228/228/228 227/227/227
f 1860/1860/1860 1861/1861/1861 227/227/227
f 1860/1860/1860 227/227/227 226/226/226
f 822/822/822 1860/1860/1860 226/226/226
f 822/822/822 226/226/226 111/111/111
f 823/823/823 1857/1857/1857 1860/1860/1860
f 823/823/823 1860/1860/1860 822/822/822
f 824/824/824 1854/1854/1854 1857/1857/1857
f 824/824/824 1857/1857/1857 823/823/823
f 1863/1863/1863 1864/1864/1864 1867/1867/1867
f 1863/1863/1863 1867/1867/1867 1866/1866/1866
f 1864/1864/1864 1865/1865/1865 1868/1868/1868
f 1864/1864/1864 1868/1868/1868 1867/1867/1867
f 1866/1866/1866 1867/1867/1867 1870/1870/1870
f 1866/1866/1866 1870/1870/1870 1869/1869/1869
f 1867/1867/1867 1868/1868/1868 1871/1871/1871
f 1867/1867/1867 1871/1871/1871 1870/1870/1870
f 36/36/36 306/306/306 1863/1863/1863
f 36/36/36 1863/1863/1863 825/825/825
f 306/306/306 305/305/305 1864/1864/1864
f 306/306/306 1864/1864/1864 1863/1863/1863
f 305/305/305 304/304/304 1865/1865/1865
f 305/305/305 1865/1865/1865 1864/1864/1864
f 304/304/304 37/37/37 828/828/828
f 304/304/304 828/828/828 1865/1865/1865
f 1865/1865/1865 828/828/828 829/829/829
f 1865/1865/1865 829/829/829 1868/1868/1868
f 1868/1868/1868 829/829/829 830/830/830
f 1868/1868/1868 830/830/830 1871/1871/1871
f 1871/1871/1871 830/830/830 113/113/113
f 1871/1871/1871 113/113/113 271/271/271
f 1870/1870/1870 1871/1871/1871 271/271/271
f 1870/1870/1870 271/271/271 272/272/272
f 1869/1869/1869 1870/1870/1870 272/272/272
f 1869/1869/1869 272/272/272 273/273/273
f 827/827/827 1869/1869/1869 273/273/273
f 827/827/827 273/273/273 112/112/112
f 826/826/826 1866/1866/1866 1869/1869/1869
f 826/826/826 1869/1869/1869 827/827/827
f 825/825/825 1863/1863/1863 1866/1866/1866
f 825/825/825 1866/1866/1866 826/826/826
f 1872/1872/1872 1873/1873/1873 1876/1876/1876
f 1872/1872/1872 1876/1876/1876 1875/1875/1875
f 1873/1873/1873 1874/1874/1874 1877/1877/1877
f 1873/1873/1873 1877/1877/1877 1876/1876/1876
f 1875/1875/1875 1876/1876/1876 1879/1879/1879
f 1875/1875/1875 1879/1879/1879 1878/1878/1878
f 1876/1876/1876 1877/1877/1877 1880/1880/1880
f 1876/1876/1876 1880/1880/1880 1879/1879/1879
f 37/37/37 312/312/312 1872/1872/1872
f 37/37/37 1872/1872/1872 828/828/828
f 312/312/312 311/311/311 1873/1873/1873
f 312/312/312 1873/1873/1873 1872/1872/1872
f 311/311/311 310/310/310 1874/1874/1874
f 311/311/311 1874/1874/1874 1873/1873/1873
f 310/310/310 38/38/38 831/831/831
f 310/310/310 831/831/831 1874/1874/1874
f 1874/1874/1874 831/831/831 832/832/832
f 1874/1874/1874 832/832/832 1877/1877/1877
f 1877/1877/1877 832/832/832 833/833/833
f 1877/1877/1877 833/833/833 1880/1880/1880
f 1880/1880/1880 833/833/833 114/114/114
f 1880/1880/1880 114/114/114 265/265/265
f 1879/1879/1879 1880/1880/1880 265/265/265
f 1879/1879/1879 265/265/265 266/266/266
f 1878/1878/1878 1879/1879/1879 266/266/266
f 1878/1878/1878 266/266/266 267/267/267
f 830/830/830 1878/1878/1878 267/267/267
f 830/830/830 267/267/267 113/113/113
f 829/829/829 1875/1875/1875 1878/1878/1878
f 829/829/829 1878/1878/1878 830/830/830
f 828/828/828 1872/1872/1872 1875/1875/1875
f 828/828/828 1875/1875/1875 829/829/829
f 1881/1881/1881 1882/1882/1882 1885/1885/1885
f 1881/1881/1881 1885/1885/1885 1884/1884/1884
f 1882/1882/1882 1883/1883/1883 1886/1886/1886
f 1882/1882/1882 1886/1886/1886 1885/1885/1885
f 1884/1884/1884 1885/1885/1885 1888/1888/1888
f 1884/1884/1884 1888/1888/1888 1887/1887/1887
f 1885/1885/1885 1886/1886/1886 1889/1889/1889
f 1885/1885/1885 1889/1889/1889 1888/1888/1888
f 38/38/38 330/330/330 1881/1881/1881
f 38/38/38 1881/1881/1881 831/831/831
f 330/330/330 329/329/329 1882/1882/1882
f 330/330/330 1882/1882/1882 1881/1881/1881
f 329/329/329 328/328/328 1883/1883/1883
f 329/329/329 1883/1883/1883 1882/1882/1882
f 328/328/328 35/35/35 824/824/824
f 328/328/328 824/824/824 1883/1883/1883
f 1883/1883/1883 824/824/824 823/823/823
f 1883/1883/1883 823/823/823 1886/1886/1886
f 1886/1886/1886 823/823/823 822/822/822
f 1886/1886/1886 822/822/822 1889/1889/1889
f 1889/1889/1889 822/822/822 111/111/111
f 1889/1889/1889 111/111/111 262/262/262
f 1888/1888/1888 1889/1889/1889 262/262/262
f 1888/1888/1888 262/262/262 263/263/263
f 1887/1887/1887 1888/1888/1888 263/263/263
f 1887/1887/1887 263/263/263 264/264/264
f 833/833/833 1887/1887/1887 264/264/264
f 833/833/833 264/264/264 114/114/114
f 832/832/832 1884/1884/1884 1887/1887/1887
f 832/832/832 1887/1887/1887 833/833/833
f 831/831/831 1881/1881/1881 1884/1884/1884
f 831/831/831 1884/1884/1884 832/832/832
f 1890/1890/1890 1891/1891/1891 1894/1894/1894
f 1890/1890/1890 1894/1894/1894 1893/1893/1893
f 1891/1891/1891 1892/1892/1892 1895/1895/1895
f 1891/1891/1891 1895/1895/1895 1894/1894/1894
f 1893/1893/1893 1894/1894/1894 1897/1897/1897
f 1893/1893/1893 1897/1897/1897 1896/1896/1896
f 1894/1894/1894 1895/1895/1895 1898/1898/1898
f 1894/1894/1894 1898/1898/1898 1897/1897/1897
f 39/39/39 362/362/362 1890/1890/1890
f 39/39/39 1890/1890/1890 836/836/836
f 362/362/362 361/361/361 1891/1891/1891
f 362/362/362 1891/1891/1891 1890/1890/1890
f 361/361/361 360/360/360 1892/1892/1892
f 361/361/361 1892/1892/1892 1891/1891/1891
f 360/360/360 40/40/40 837/837/837
f 360/360/360 837/837/837 1892/1892/1892
f 1892/1892/1892 837/837/837 838/838/838
f 1892/1892/1892 838/838/838 1895/1895/1895
f 1895/1895/1895 838/838/838 839/839/839
f 1895/1895/1895 839/839/839 1898/1898/1898
f 1898/1898/1898 839/839/839 116/116/116
f 1898/1898/1898 116/116/116 270/270/270
f 1897/1897/1897 1898/1898/1898 270/270/270
f 1897/1897/1897 270/270/270 269/269/269
f 1896/1896/1896 1897/1897/1897 269/269/269
f 1896/1896/1896 269/269/269 268/268/268
f 834/834/834 1896/1896/1896 268/268/268
f 834/834/834 268/268/268 115/115/115
f 835/835/835 1893/1893/1893 1896/1896/1896
f 835/835/835 1896/1896/1896 834/834/834
f 836/836/836 1890/1890/1890 1893/1893/1893
f 836/836/836 1893/1893/1893 835/835/835
f 1899/1899/1899 1900/1900/1900 1903/1903/1903
f 1899/1899/1899 1903/1903/1903 1902/1902/1902
f 1900/1900/1900 1901/1901/1901 1904/1904/1904
f 1900/1900/1900 1904/1904/1904 1903/1903/1903
f 1902/1902/1902 1903/1903/1903 1906/1906/1906
f 1902/1902/1902 1906/1906/1906 1905/1905/1905
f 1903/1903/1903 1904/1904/1904 1907/1907/1907
f 1903/1903/1903 1907/1907/1907 1906/1906/1906
f 40/40/40 359/359/359 1899/1899/1899
f 40/40/40 1899/1899/1899 837/837/837
f 359/359/359 358/358/358 1900/1900/1900
f 359/359/359 1900/1900/1900 1899/1899/1899
f 358/358/358 357/357/357 1901/1901/1901
f 358/358/358 1901/1901/1901 1900/1900/1900
f 357/357/357 41/41/41 840/840/840
f 357/357/357 840/840/840 1901/1901/1901
f 1901/1901/1901 840/840/840 841/841/841
f 1901/1901/1901 841/841/841 1904/1904/1904
f 1904/1904/1904 841/841/841 842/842/842
f 1904/1904/1904 842/842/842 1907/1907/1907
f 1907/1907/1907 842/842/842 117/117/117
f 1907/1907/1907 117/117/117 331/331/331
f 1906/1906/1906 1907/1907/1907 331/331/331
f 1906/1906/1906 331/331/331 332/332/332
f 1905/1905/1905 1906/1906/1906 332/332/332
f 1905/1905/1905 332/332/332 333/333/333
f 839/839/839 1905/1905/1905 333/333/333
f 839/839/839 333/333/333 116/116/116
f 838/838/838 1902/1902/1902 1905/1905/1905
f 838/838/838 1905/1905/1905 839/839/839
f 837/837/837 1899/1899/1899 1902/1902/1902
f 837/837/837 1902/1902/1902 838/838/838
f 1908/1908/1908 1909/1909/1909 1912/1912/1912
f 1908/1908/1908 1912/1912/1912 1911/1911/1911
f 1909/1909/1909 1910/1910/1910 1913/1913/1913
f 1909/1909/1909 1913/1913/1913 1912/1912/1912
f 1911/1911/1911 1912/1912/1912 1915/1915/1915
f 1911/1911/1911 1915/1915/1915 1914/1914/1914
f 1912/1912/1912 1913/1913/1913 1916/1916/1916
f 1912/1912/1912 1916/1916/1916 1915/1915/1915
f 41/41/41 356/356/356 1908/1908/1908
f 41/41/41 1908/1908/1908 840/840/840
f 356/356/356 355/355/355 1909/1909/1909
f 356/356/356 1909/1909/1909 1908/1908/1908
f 355/355/355 354/354/354 1910/1910/1910
f 355/355/355 1910/1910/1910 1909/1909/1909
f 354/354/354 42/42/42 843/843/843
f 354/354/354 843/843/843 1910/1910/1910
f 1910/1910/1910 843/843/843 844/844/844
f 1910/1910/1910 844/844/844 1913/1913/1913
f 1913/1913/1913 844/844/844 845/845/845
f 1913/1913/1913 845/845/845 1916/1916/1916
f 1916/1916/1916 845/845/845 118/118/118
f 1916/1916/1916 118/118/118 325/325/325
f 1915/1915/1915 1916/1916/1916 325/325/325
f 1915/1915/1915 325/325/325 326/326/326
f 1914/1914/1914 1915/1915/1915 326/326/326
f 1914/1914/1914 326/326/326 327/327/327
f 842/842/842 1914/1914/1914 327/327/327
f 842/842/842 327/327/327 117/117/117
f 841/841/841 1911/1911/1911 1914/1914/1914
f 841/841/841 1914/1914/1914 842/842/842
f 840/840/840 1908/1908/1908 1911/1911/1911
f 840/840/840 1911/1911/1911 841/841/841
f 1917/1917/1917 1918/1918/1918 1921/1921/1921
f 1917/1917/1917 1921/1921/1921 1920/1920/1920
f 1918/1918/1918 1919/1919/1919 1922/1922/1922
f 1918/1918/1918 1922/1922/1922 1921/1921/1921
f 1920/1920/1920 1921/1921/1921 1924/1924/1924
f 1920/1920/1920 1924/1924/1924 1923/1923/1923
f 1921/1921/1921 1922/1922/1922 1925/1925/1925
f 1921/1921/1921 1925/1925/1925 1924/1924/1924
f 42/42/42 353/353/353 1917/1917/1917
f 42/42/42 1917/1917/1917 843/843/843
f 353/353/353 352/352/352 1918/1918/1918
f 353/353/353 1918/1918/1918 1917/1917/1917
f 352/352/352 351/351/351 1919/1919/1919
f 352/352/352 1919/1919/1919 1918/1918/1918
f 351/351/351 39/39/39 836/836/836
f 351/351/351 836/836/836 1919/1919/1919
f 1919/1919/1919 836/836/836 835/835/835
f 1919/1919/1919 835/835/835 1922/1922/1922
f 1922/1922/1922 835/835/835 834/834/834
f 1922/1922/1922 834/834/834 1925/1925/1925
f 1925/1925/1925 834/834/834 115/115/115
f 1925/1925/1925 115/115/115 322/322/322
f 1924/1924/1924 1925/1925/1925 322/322/322
f 1924/1924/1924 322/322/322 323/323/323
f 1923/1923/1923 1924/1924/1924 323/323/323
f 1923/1923/1923 323/323/323 324/324/324
f 845/845/845 1923/1923/1923 324/324/324
f 845/845/845 324/324/324 118/118/118
f 844/844/844 1920/1920/1920 1923/1923/1923
f 844/844/844 1923/1923/1923 845/845/845
f 843/843/843 1917/1917/1917 1920/1920/1920
f 843/843/843 1920/1920/1920 844/844/844
f 1966/1966/1966 1926/1926/1926 1928/1928/1928
f 1928/1928/1928 1950/1950/1950 1953/1953/1953
f 1928/1928/1928 1953/1953/1953 1966/1966/1966
f 1951/1951/1951 1928/1928/1928 1929/1929/1929
f 1929/1929/1929 1984/1984/1984 1948/1948/1948
f 1929/1929/1929 1948/1948/1948 1951/1951/1951
f 1984/1984/1984 1929/1929/1929 1930/1930/1930
f 1984/1984/1984 1930/1930/1930 1986/1986/1986
f 1986/1986/1986 1930/1930/1930 1931/1931/1931
f 1931/1931/1931 1978/1978/1978 1976/1976/1976
f 1931/1931/1931 1976/1976/1976 1986/1986/1986
f 1981/1981/1981 1974/1974/1974 1979/1979/1979
f 1979/1979/1979 1931/1931/1931 1932/1932/1932
f 1979/1979/1979 1932/1932/1932 1981/1981/1981
f 1982/1982/1982 1932/1932/1932 1933/1933/1933
f 1933/1933/1933 1942/1942/1942 1944/1944/1944
f 1933/1933/1933 1944/1944/1944 1982/1982/1982
f 1942/1942/1942 1933/1933/1933 1934/1934/1934
f 1934/1934/1934 1955/1955/1955 1946/1946/1946
f 1934/1934/1934 1946/1946/1946 1942/1942/1942
f 1957/1957/1957 1955/1955/1955 1934/1934/1934
f 1934/1934/1934 1935/1935/1935 1960/1960/1960
f 1957/1957/1957 1934/1934/1934 1960/1960/1960
f 1962/1962/1962 1959/1959/1959 1935/1935/1935
f 1935/1935/1935 1936/1936/1936 1998/1998/1998
f 1962/1962/1962 1935/1935/1935 1998/1998/1998
f 1998/1998/1998 1936/1936/1936 1937/1937/1937
f 1998/1998/1998 1937/1937/1937 1996/1996/1996
f 1996/1996/1996 1937/1937/1937 1938/1938/1938
f 1938/1938/1938 1992/1992/1992 1994/1994/1994
f 1938/1938/1938 1994/1994/1994 1996/1996/1996
f 1992/1992/1992 1938/1938/1938 1939/1939/1939
f 1939/1939/1939 1990/1990/1990 1988/1988/1988
f 1939/1939/1939 1988/1988/1988 1992/1992/1992
f 1990/1990/1990 1939/1939/1939 1940/1940/1940
f 1940/1940/1940 1972/1972/1972 1969/1969/1969
f 1940/1940/1940 1969/1969/1969 1990/1990/1990
f 1971/1971/1971 1940/1940/1940 1927/1927/1927
f 1927/1927/1927 1967/1967/1967 1964/1964/1964
f 1927/1927/1927 1964/1964/1964 1971/1971/1971
f 165/165/165 1999/1999/1999 1148/1148/1148
f 165/165/165 1148/1148/1148 166/166/166
f 1985/1985/1985 1975/1975/1975 165/165/165
f 2000/2000/2000 1947/1947/1947 1983/1983/1983
f 1983/1983/1983 1985/1985/1985 165/165/165
f 165/165/165 2000/2000/2000 1983/1983/1983
f 2001/2001/2001 2002/2002/2002 1151/1151/1151
f 2001/2001/2001 1151/1151/1151 1153/1153/1153
f 2000/2000/2000 2002/2002/2002 1952/1952/1952
f 1949/1949/1949 1947/1947/1947 2000/2000/2000
f 1952/1952/1952 1949/1949/1949 2000/2000/2000
f 1999/1999/1999 2003/2003/2003 1150/1150/1150
f 1999/1999/1999 1150/1150/1150 1148/1148/1148
f 2003/2003/2003 2004/2004/2004 1152/1152/1152
f 2003/2003/2003 1152/1152/1152 1150/1150/1150
f 141/141/141 2001/2001/2001 1153/1153/1153
f 141/141/141 1153/1153/1153 142/142/142
f 2004/2004/2004 141/141/141 140/140/140
f 2004/2004/2004 140/140/140 1152/1152/1152
f 2009/2009/2009 2138/2138/2138 2168/2168/2168
f 2009/2009/2009 2168/2168/2168 2162/2162/2162
f 2138/2138/2138 2049/2049/2049 2160/2160/2160
f 2138/2138/2138 2160/2160/2160 2168/2168/2168
f 2168/2168/2168 2160/2160/2160 2065/2065/2065
f 2168/2168/2168 2065/2065/2065 2157/2157/2157
f 2162/2162/2162 2168/2168/2168 2157/2157/2157
f 2162/2162/2162 2157/2157/2157 2063/2063/2063
f 2586/2586/2586 2018/2018/2018 2079/2079/2079
f 2079/2079/2079 2169/2169/2169 2461/2461/2461
f 2079/2079/2079 2461/2461/2461 2586/2586/2586
f 2415/2415/2415 2169/2169/2169 2079/2079/2079
f 2079/2079/2079 2016/2016/2016 2399/2399/2399
f 2418/2418/2418 2420/2420/2420 2413/2413/2413
f 2079/2079/2079 2399/2399/2399 2418/2418/2418
f 2413/2413/2413 2415/2415/2415 2079/2079/2079
f 2079/2079/2079 2418/2418/2418 2413/2413/2413
f 2169/2169/2169 2416/2416/2416 2437/2437/2437
f 2169/2169/2169 2437/2437/2437 2445/2445/2445
f 2169/2169/2169 2446/2446/2446 2460/2460/2460
f 2053/2053/2053 2151/2151/2151 2170/2170/2170
f 2053/2053/2053 2170/2170/2170 2141/2141/2141
f 2151/2151/2151 2054/2054/2054 2081/2081/2081
f 2151/2151/2151 2081/2081/2081 2170/2170/2170
f 2170/2170/2170 2081/2081/2081 2015/2015/2015
f 2170/2170/2170 2015/2015/2015 2082/2082/2082
f 2141/2141/2141 2170/2170/2170 2082/2082/2082
f 2141/2141/2141 2082/2082/2082 2013/2013/2013
f 2028/2028/2028 2109/2109/2109 2171/2171/2171
f 2028/2028/2028 2171/2171/2171 2100/2100/2100
f 2109/2109/2109 2027/2027/2027 2092/2092/2092
f 2109/2109/2109 2092/2092/2092 2171/2171/2171
f 2171/2171/2171 2092/2092/2092 2025/2025/2025
f 2171/2171/2171 2025/2025/2025 2087/2087/2087
f 2100/2100/2100 2171/2171/2171 2087/2087/2087
f 2100/2100/2100 2087/2087/2087 2026/2026/2026
f 2058/2058/2058 2150/2150/2150 2172/2172/2172
f 2058/2058/2058 2172/2172/2172 2132/2132/2132
f 2150/2150/2150 2053/2053/2053 2141/2141/2141
f 2150/2150/2150 2141/2141/2141 2172/2172/2172
f 2172/2172/2172 2141/2141/2141 2013/2013/2013
f 2172/2172/2172 2013/2013/2013 2083/2083/2083
f 2132/2132/2132 2172/2172/2172 2083/2083/2083
f 2132/2132/2132 2083/2083/2083 2038/2038/2038
f 2055/2055/2055 2149/2149/2149 2173/2173/2173
f 2055/2055/2055 2173/2173/2173 2129/2129/2129
f 2149/2149/2149 2052/2052/2052 2140/2140/2140
f 2149/2149/2149 2140/2140/2140 2173/2173/2173
f 2173/2173/2173 2140/2140/2140 2008/2008/2008
f 2173/2173/2173 2008/2008/2008 2084/2084/2084
f 2129/2129/2129 2173/2173/2173 2084/2084/2084
f 2129/2129/2129 2084/2084/2084 2039/2039/2039
f 2042/2042/2042 2128/2128/2128 2174/2174/2174
f 2042/2042/2042 2174/2174/2174 2117/2117/2117
f 2128/2128/2128 2043/2043/2043 2090/2090/2090
f 2128/2128/2128 2090/2090/2090 2174/2174/2174
f 2174/2174/2174 2090/2090/2090 2023/2023/2023
f 2174/2174/2174 2023/2023/2023 2086/2086/2086
f 2117/2117/2117 2174/2174/2174 2086/2086/2086
f 2117/2117/2117 2086/2086/2086 2021/2021/2021
f 2031/2031/2031 2107/2107/2107 2175/2175/2175
f 2031/2031/2031 2175/2175/2175 2103/2103/2103
f 2107/2107/2107 2030/2030/2030 2095/2095/2095
f 2107/2107/2107 2095/2095/2095 2175/2175/2175
f 2175/2175/2175 2095/2095/2095 2020/2020/2020
f 2175/2175/2175 2020/2020/2020 2085/2085/2085
f 2103/2103/2103 2175/2175/2175 2085/2085/2085
f 2103/2103/2103 2085/2085/2085 2022/2022/2022
f 2047/2047/2047 2122/2122/2122 2176/2176/2176
f 2047/2047/2047 2176/2176/2176 2127/2127/2127
f 2122/2122/2122 2028/2028/2028 2100/2100/2100
f 2122/2122/2122 2100/2100/2100 2176/2176/2176
f 2176/2176/2176 2100/2100/2100 2026/2026/2026
f 2176/2176/2176 2026/2026/2026 2088/2088/2088
f 2127/2127/2127 2176/2176/2176 2088/2088/2088
f 2127/2127/2127 2088/2088/2088 2041/2041/2041
f 2046/2046/2046 2120/2120/2120 2177/2177/2177
f 2046/2046/2046 2177/2177/2177 2126/2126/2126
f 2120/2120/2120 2032/2032/2032 2104/2104/2104
f 2120/2120/2120 2104/2104/2104 2177/2177/2177
f 2177/2177/2177 2104/2104/2104 2024/2024/2024
f 2177/2177/2177 2024/2024/2024 2091/2091/2091
f 2126/2126/2126 2177/2177/2177 2091/2091/2091
f 2126/2126/2126 2091/2091/2091 2044/2044/2044
f 2039/2039/2039 2084/2084/2084 2178/2178/2178
f 2039/2039/2039 2178/2178/2178 2125/2125/2125
f 2084/2084/2084 2008/2008/2008 2097/2097/2097
f 2084/2084/2084 2097/2097/2097 2178/2178/2178
f 2178/2178/2178 2097/2097/2097 2032/2032/2032
f 2178/2178/2178 2032/2032/2032 2120/2120/2120
f 2125/2125/2125 2178/2178/2178 2120/2120/2120
f 2125/2125/2125 2120/2120/2120 2045/2045/2045
f 2038/2038/2038 2083/2083/2083 2179/2179/2179
f 2038/2038/2038 2179/2179/2179 2124/2124/2124
f 2083/2083/2083 2013/2013/2013 2093/2093/2093
f 2083/2083/2083 2093/2093/2093 2179/2179/2179
f 2179/2179/2179 2093/2093/2093 2028/2028/2028
f 2179/2179/2179 2028/2028/2028 2121/2121/2121
f 2124/2124/2124 2179/2179/2179 2121/2121/2121
f 2124/2124/2124 2121/2121/2121 2048/2048/2048
f 2007/2007/2007 2069/2069/2069 2180/2180/2180
f 2007/2007/2007 2180/2180/2180 2096/2096/2096
f 2069/2069/2069 2006/2006/2006 2102/2102/2102
f 2069/2069/2069 2102/2102/2102 2180/2180/2180
f 2180/2180/2180 2102/2102/2102 2030/2030/2030
f 2180/2180/2180 2030/2030/2030 2107/2107/2107
f 2096/2096/2096 2180/2180/2180 2107/2107/2107
f 2096/2096/2096 2107/2107/2107 2031/2031/2031
f 2013/2013/2013 2082/2082/2082 2181/2181/2181
f 2013/2013/2013 2181/2181/2181 2093/2093/2093
f 2082/2082/2082 2015/2015/2015 2099/2099/2099
f 2082/2082/2082 2099/2099/2099 2181/2181/2181
f 2181/2181/2181 2099/2099/2099 2027/2027/2027
f 2181/2181/2181 2027/2027/2027 2108/2108/2108
f 2093/2093/2093 2181/2181/2181 2108/2108/2108
f 2093/2093/2093 2108/2108/2108 2028/2028/2028
f 2005/2005/2005 2113/2113/2113 2182/2182/2182
f 2005/2005/2005 2182/2182/2182 2101/2101/2101
f 2113/2113/2113 2037/2037/2037 2123/2123/2123
f 2113/2113/2113 2123/2123/2123 2182/2182/2182
f 2182/2182/2182 2123/2123/2123 2047/2047/2047
f 2182/2182/2182 2047/2047/2047 2106/2106/2106
f 2101/2101/2101 2182/2182/2182 2106/2106/2106
f 2101/2101/2101 2106/2106/2106 2029/2029/2029
f 2014/2014/2014 2114/2114/2114 2183/2183/2183
f 2014/2014/2014 2183/2183/2183 2098/2098/2098
f 2114/2114/2114 2039/2039/2039 2125/2125/2125
f 2114/2114/2114 2125/2125/2125 2183/2183/2183
f 2183/2183/2183 2125/2125/2125 2045/2045/2045
f 2183/2183/2183 2045/2045/2045 2105/2105/2105
f 2098/2098/2098 2183/2183/2183 2105/2105/2105
f 2098/2098/2098 2105/2105/2105 2027/2027/2027
f 2027/2027/2027 2105/2105/2105 2184/2184/2184
f 2027/2027/2027 2184/2184/2184 2092/2092/2092
f 2105/2105/2105 2045/2045/2045 2126/2126/2126
f 2105/2105/2105 2126/2126/2126 2184/2184/2184
f 2184/2184/2184 2126/2126/2126 2044/2044/2044
f 2184/2184/2184 2044/2044/2044 2119/2119/2119
f 2092/2092/2092 2184/2184/2184 2119/2119/2119
f 2092/2092/2092 2119/2119/2119 2025/2025/2025
f 2029/2029/2029 2106/2106/2106 2185/2185/2185
f 2029/2029/2029 2185/2185/2185 2094/2094/2094
f 2106/2106/2106 2047/2047/2047 2127/2127/2127
f 2106/2106/2106 2127/2127/2127 2185/2185/2185
f 2185/2185/2185 2127/2127/2127 2041/2041/2041
f 2185/2185/2185 2041/2041/2041 2116/2116/2116
f 2094/2094/2094 2185/2185/2185 2116/2116/2116
f 2094/2094/2094 2116/2116/2116 2019/2019/2019
f 2026/2026/2026 2087/2087/2087 2186/2186/2186
f 2026/2026/2026 2186/2186/2186 2089/2089/2089
f 2087/2087/2087 2025/2025/2025 2118/2118/2118
f 2087/2087/2087 2118/2118/2118 2186/2186/2186
f 2186/2186/2186 2118/2118/2118 2043/2043/2043
f 2186/2186/2186 2043/2043/2043 2128/2128/2128
f 2089/2089/2089 2186/2186/2186 2128/2128/2128
f 2089/2089/2089 2128/2128/2128 2042/2042/2042
f 2054/2054/2054 2148/2148/2148 2187/2187/2187
f 2054/2054/2054 2187/2187/2187 2081/2081/2081
f 2148/2148/2148 2056/2056/2056 2130/2130/2130
f 2148/2148/2148 2130/2130/2130 2187/2187/2187
f 2187/2187/2187 2130/2130/2130 2040/2040/2040
f 2187/2187/2187 2040/2040/2040 2115/2115/2115
f 2081/2081/2081 2187/2187/2187 2115/2115/2115
f 2081/2081/2081 2115/2115/2115 2015/2015/2015
f 2049/2049/2049 2147/2147/2147 2188/2188/2188
f 2049/2049/2049 2188/2188/2188 2067/2067/2067
f 2147/2147/2147 2057/2057/2057 2131/2131/2131
f 2147/2147/2147 2131/2131/2131 2188/2188/2188
f 2188/2188/2188 2131/2131/2131 2037/2037/2037
f 2188/2188/2188 2037/2037/2037 2113/2113/2113
f 2067/2067/2067 2188/2188/2188 2113/2113/2113
f 2067/2067/2067 2113/2113/2113 2005/2005/2005
f 2398/2398/2398 2016/2016/2016 2110/2110/2110
f 2110/2110/2110 2455/2455/2455 2458/2458/2458
f 2458/2458/2458 2431/2431/2431 2398/2398/2398
f 2110/2110/2110 2458/2458/2458 2398/2398/2398
f 2456/2456/2456 2110/2110/2110 2033/2033/2033
f 2033/2033/2033 2490/2490/2490 2404/2404/2404
f 2404/2404/2404 2396/2396/2396 2492/2492/2492
f 2492/2492/2492 2453/2453/2453 2456/2456/2456
f 2033/2033/2033 2404/2404/2404 2492/2492/2492
f 2033/2033/2033 2492/2492/2492 2456/2456/2456
f 2490/2490/2490 2033/2033/2033 2076/2076/2076
f 2076/2076/2076 2511/2511/2511 2505/2505/2505
f 2523/2523/2523 2521/2521/2521 2519/2519/2519
f 2076/2076/2076 2505/2505/2505 2523/2523/2523
f 2531/2531/2531 2490/2490/2490 2076/2076/2076
f 2076/2076/2076 2523/2523/2523 2519/2519/2519
f 2076/2076/2076 2519/2519/2519 2531/2531/2531
f 2133/2133/2133 2540/2540/2540 2512/2512/2512
f 2512/2512/2512 2076/2076/2076 2009/2009/2009
f 2512/2512/2512 2009/2009/2009 2133/2133/2133
f 2541/2541/2541 2133/2133/2133 2554/2554/2554
f 2554/2554/2554 2545/2545/2545 2547/2547/2547
f 2554/2554/2554 2547/2547/2547 2541/2541/2541
f 2569/2569/2569 2567/2567/2567 2136/2136/2136
f 2136/2136/2136 2012/2012/2012 2111/2111/2111
f 2111/2111/2111 2562/2562/2562 2569/2569/2569
f 2136/2136/2136 2111/2111/2111 2569/2569/2569
f 2543/2543/2543 2561/2561/2561 2111/2111/2111
f 2111/2111/2111 2035/2035/2035 2533/2533/2533
f 2529/2529/2529 2543/2543/2543 2111/2111/2111
f 2111/2111/2111 2533/2533/2533 2529/2529/2529
f 2581/2581/2581 2584/2584/2584 2136/2136/2136
f 2136/2136/2136 2566/2566/2566 2564/2564/2564
f 2564/2564/2564 2574/2574/2574 2581/2581/2581
f 2581/2581/2581 2136/2136/2136 2564/2564/2564
f 2527/2527/2527 2534/2534/2534 2035/2035/2035
f 2035/2035/2035 2077/2077/2077 2496/2496/2496
f 2499/2499/2499 2503/2503/2503 2527/2527/2527
f 2035/2035/2035 2496/2496/2496 2499/2499/2499
f 2035/2035/2035 2499/2499/2499 2527/2527/2527
f 2488/2488/2488 2497/2497/2497 2077/2077/2077
f 2077/2077/2077 2018/2018/2018 2587/2587/2587
f 2587/2587/2587 2473/2473/2473 2475/2475/2475
f 2475/2475/2475 2488/2488/2488 2077/2077/2077
f 2077/2077/2077 2587/2587/2587 2475/2475/2475
f 2010/2010/2010 2074/2074/2074 2189/2189/2189
f 2010/2010/2010 2189/2189/2189 2134/2134/2134
f 2074/2074/2074 2011/2011/2011 2135/2135/2135
f 2074/2074/2074 2135/2135/2135 2189/2189/2189
f 2606/2606/2606 2604/2604/2604 2602/2602/2602
f 2602/2602/2602 2189/2189/2189 2135/2135/2135
f 2135/2135/2135 2583/2583/2583 2606/2606/2606
f 2602/2602/2602 2135/2135/2135 2606/2606/2606
f 2596/2596/2596 2594/2594/2594 2555/2555/2555
f 2555/2555/2555 2134/2134/2134 2189/2189/2189
f 2189/2189/2189 2602/2602/2602 2596/2596/2596
f 2555/2555/2555 2189/2189/2189 2596/2596/2596
f 2009/2009/2009 2075/2075/2075 2190/2190/2190
f 2009/2009/2009 2190/2190/2190 2137/2137/2137
f 2075/2075/2075 2033/2033/2033 2145/2145/2145
f 2075/2075/2075 2145/2145/2145 2190/2190/2190
f 2190/2190/2190 2145/2145/2145 2057/2057/2057
f 2190/2190/2190 2057/2057/2057 2147/2147/2147
f 2137/2137/2137 2190/2190/2190 2147/2147/2147
f 2137/2137/2137 2147/2147/2147 2049/2049/2049
f 2018/2018/2018 2077/2077/2077 2191/2191/2191
f 2018/2018/2018 2191/2191/2191 2142/2142/2142
f 2077/2077/2077 2036/2036/2036 2144/2144/2144
f 2077/2077/2077 2144/2144/2144 2191/2191/2191
f 2191/2191/2191 2144/2144/2144 2056/2056/2056
f 2191/2191/2191 2056/2056/2056 2148/2148/2148
f 2142/2142/2142 2191/2191/2191 2148/2148/2148
f 2142/2142/2142 2148/2148/2148 2054/2054/2054
f 2035/2035/2035 2112/2112/2112 2192/2192/2192
f 2035/2035/2035 2192/2192/2192 2143/2143/2143
f 2112/2112/2112 2012/2012/2012 2072/2072/2072
f 2112/2112/2112 2072/2072/2072 2192/2192/2192
f 2192/2192/2192 2072/2072/2072 2052/2052/2052
f 2192/2192/2192 2052/2052/2052 2149/2149/2149
f 2143/2143/2143 2192/2192/2192 2149/2149/2149
f 2143/2143/2143 2149/2149/2149 2055/2055/2055
f 2034/2034/2034 2110/2110/2110 2193/2193/2193
f 2034/2034/2034 2193/2193/2193 2146/2146/2146
f 2110/2110/2110 2017/2017/2017 2080/2080/2080
f 2110/2110/2110 2080/2080/2080 2193/2193/2193
f 2193/2193/2193 2080/2080/2080 2053/2053/2053
f 2193/2193/2193 2053/2053/2053 2150/2150/2150
f 2146/2146/2146 2193/2193/2193 2150/2150/2150
f 2146/2146/2146 2150/2150/2150 2058/2058/2058
f 2017/2017/2017 2078/2078/2078 2194/2194/2194
f 2017/2017/2017 2194/2194/2194 2080/2080/2080
f 2078/2078/2078 2018/2018/2018 2142/2142/2142
f 2078/2078/2078 2142/2142/2142 2194/2194/2194
f 2194/2194/2194 2142/2142/2142 2054/2054/2054
f 2194/2194/2194 2054/2054/2054 2151/2151/2151
f 2080/2080/2080 2194/2194/2194 2151/2151/2151
f 2080/2080/2080 2151/2151/2151 2053/2053/2053
f 2006/2006/2006 2070/2070/2070 2195/2195/2195
f 2006/2006/2006 2195/2195/2195 2068/2068/2068
f 2070/2070/2070 2007/2007/2007 2139/2139/2139
f 2070/2070/2070 2139/2139/2139 2195/2195/2195
f 2195/2195/2195 2139/2139/2139 2051/2051/2051
f 2195/2195/2195 2051/2051/2051 2152/2152/2152
f 2068/2068/2068 2195/2195/2195 2152/2152/2152
f 2068/2068/2068 2152/2152/2152 2050/2050/2050
f 2066/2066/2066 2159/2159/2159 2196/2196/2196
f 2066/2066/2066 2196/2196/2196 2158/2158/2158
f 2159/2159/2159 2059/2059/2059 2153/2153/2153
f 2159/2159/2159 2153/2153/2153 2196/2196/2196
f 2196/2196/2196 2153/2153/2153 2061/2061/2061
f 2196/2196/2196 2061/2061/2061 2156/2156/2156
f 2158/2158/2158 2196/2196/2196 2156/2156/2156
f 2158/2158/2158 2156/2156/2156 2064/2064/2064
f 2050/2050/2050 2152/2152/2152 2197/2197/2197
f 2050/2050/2050 2197/2197/2197 2161/2161/2161
f 2152/2152/2152 2051/2051/2051 2164/2164/2164
f 2152/2152/2152 2164/2164/2164 2197/2197/2197
f 2197/2197/2197 2164/2164/2164 2059/2059/2059
f 2197/2197/2197 2059/2059/2059 2159/2159/2159
f 2161/2161/2161 2197/2197/2197 2159/2159/2159
f 2161/2161/2161 2159/2159/2159 2066/2066/2066
f 2052/2052/2052 2071/2071/2071 2198/2198/2198
f 2052/2052/2052 2198/2198/2198 2165/2165/2165
f 2071/2071/2071 2012/2012/2012 2167/2167/2167
f 2071/2071/2071 2167/2167/2167 2198/2198/2198
f 2198/2198/2198 2167/2167/2167 2062/2062/2062
f 2198/2198/2198 2062/2062/2062 2154/2154/2154
f 2165/2165/2165 2198/2198/2198 2154/2154/2154
f 2165/2165/2165 2154/2154/2154 2060/2060/2060
f 2011/2011/2011 2073/2073/2073 2199/2199/2199
f 2011/2011/2011 2199/2199/2199 2166/2166/2166
f 2073/2073/2073 2010/2010/2010 2163/2163/2163
f 2073/2073/2073 2163/2163/2163 2199/2199/2199
f 2199/2199/2199 2163/2163/2163 2064/2064/2064
f 2199/2199/2199 2064/2064/2064 2155/2155/2155
f 2166/2166/2166 2199/2199/2199 2155/2155/2155
f 2166/2166/2166 2155/2155/2155 2061/2061/2061
f 2204/2204/2204 2357/2357/2357 2363/2363/2363
f 2204/2204/2204 2363/2363/2363 2333/2333/2333
f 2333/2333/2333 2363/2363/2363 2355/2355/2355
f 2333/2333/2333 2355/2355/2355 2244/2244/2244
f 2363/2363/2363 2352/2352/2352 2260/2260/2260
f 2363/2363/2363 2260/2260/2260 2355/2355/2355
f 2357/2357/2357 2258/2258/2258 2352/2352/2352
f 2357/2357/2357 2352/2352/2352 2363/2363/2363
f 2274/2274/2274 2213/2213/2213 2406/2406/2406
f 2406/2406/2406 2401/2401/2401 2364/2364/2364
f 2406/2406/2406 2364/2364/2364 2274/2274/2274
f 2422/2422/2422 2439/2439/2439 2211/2211/2211
f 2211/2211/2211 2274/2274/2274 2364/2364/2364
f 2364/2364/2364 2428/2428/2428 2426/2426/2426
f 2424/2424/2424 2422/2422/2422 2211/2211/2211
f 2364/2364/2364 2426/2426/2426 2424/2424/2424
f 2211/2211/2211 2364/2364/2364 2424/2424/2424
f 2364/2364/2364 2448/2448/2448 2451/2451/2451
f 2364/2364/2364 2451/2451/2451 2429/2429/2429
f 2364/2364/2364 2402/2402/2402 2449/2449/2449
f 2248/2248/2248 2336/2336/2336 2365/2365/2365
f 2248/2248/2248 2365/2365/2365 2346/2346/2346
f 2346/2346/2346 2365/2365/2365 2276/2276/2276
f 2346/2346/2346 2276/2276/2276 2249/2249/2249
f 2365/2365/2365 2277/2277/2277 2210/2210/2210
f 2365/2365/2365 2210/2210/2210 2276/2276/2276
f 2336/2336/2336 2208/2208/2208 2277/2277/2277
f 2336/2336/2336 2277/2277/2277 2365/2365/2365
f 2223/2223/2223 2295/2295/2295 2366/2366/2366
f 2223/2223/2223 2366/2366/2366 2304/2304/2304
f 2304/2304/2304 2366/2366/2366 2287/2287/2287
f 2304/2304/2304 2287/2287/2287 2222/2222/2222
f 2366/2366/2366 2282/2282/2282 2220/2220/2220
f 2366/2366/2366 2220/2220/2220 2287/2287/2287
f 2295/2295/2295 2221/2221/2221 2282/2282/2282
f 2295/2295/2295 2282/2282/2282 2366/2366/2366
f 2253/2253/2253 2327/2327/2327 2367/2367/2367
f 2253/2253/2253 2367/2367/2367 2345/2345/2345
f 2345/2345/2345 2367/2367/2367 2336/2336/2336
f 2345/2345/2345 2336/2336/2336 2248/2248/2248
f 2367/2367/2367 2278/2278/2278 2208/2208/2208
f 2367/2367/2367 2208/2208/2208 2336/2336/2336
f 2327/2327/2327 2233/2233/2233 2278/2278/2278
f 2327/2327/2327 2278/2278/2278 2367/2367/2367
f 2250/2250/2250 2324/2324/2324 2368/2368/2368
f 2250/2250/2250 2368/2368/2368 2344/2344/2344
f 2344/2344/2344 2368/2368/2368 2335/2335/2335
f 2344/2344/2344 2335/2335/2335 2247/2247/2247
f 2368/2368/2368 2279/2279/2279 2203/2203/2203
f 2368/2368/2368 2203/2203/2203 2335/2335/2335
f 2324/2324/2324 2234/2234/2234 2279/2279/2279
f 2324/2324/2324 2279/2279/2279 2368/2368/2368
f 2237/2237/2237 2312/2312/2312 2369/2369/2369
f 2237/2237/2237 2369/2369/2369 2323/2323/2323
f 2323/2323/2323 2369/2369/2369 2285/2285/2285
f 2323/2323/2323 2285/2285/2285 2238/2238/2238
f 2369/2369/2369 2281/2281/2281 2218/2218/2218
f 2369/2369/2369 2218/2218/2218 2285/2285/2285
f 2312/2312/2312 2216/2216/2216 2281/2281/2281
f 2312/2312/2312 2281/2281/2281 2369/2369/2369
f 2226/2226/2226 2298/2298/2298 2370/2370/2370
f 2226/2226/2226 2370/2370/2370 2302/2302/2302
f 2302/2302/2302 2370/2370/2370 2290/2290/2290
f 2302/2302/2302 2290/2290/2290 2225/2225/2225
f 2370/2370/2370 2280/2280/2280 2215/2215/2215
f 2370/2370/2370 2215/2215/2215 2290/2290/2290
f 2298/2298/2298 2217/2217/2217 2280/2280/2280
f 2298/2298/2298 2280/2280/2280 2370/2370/2370
f 2242/2242/2242 2322/2322/2322 2371/2371/2371
f 2242/2242/2242 2371/2371/2371 2317/2317/2317
f 2317/2317/2317 2371/2371/2371 2295/2295/2295
f 2317/2317/2317 2295/2295/2295 2223/2223/2223
f 2371/2371/2371 2283/2283/2283 2221/2221/2221
f 2371/2371/2371 2221/2221/2221 2295/2295/2295
f 2322/2322/2322 2236/2236/2236 2283/2283/2283
f 2322/2322/2322 2283/2283/2283 2371/2371/2371
f 2241/2241/2241 2321/2321/2321 2372/2372/2372
f 2241/2241/2241 2372/2372/2372 2315/2315/2315
f 2315/2315/2315 2372/2372/2372 2299/2299/2299
f 2315/2315/2315 2299/2299/2299 2227/2227/2227
f 2372/2372/2372 2286/2286/2286 2219/2219/2219
f 2372/2372/2372 2219/2219/2219 2299/2299/2299
f 2321/2321/2321 2239/2239/2239 2286/2286/2286
f 2321/2321/2321 2286/2286/2286 2372/2372/2372
f 2234/2234/2234 2320/2320/2320 2373/2373/2373
f 2234/2234/2234 2373/2373/2373 2279/2279/2279
f 2279/2279/2279 2373/2373/2373 2292/2292/2292
f 2279/2279/2279 2292/2292/2292 2203/2203/2203
f 2373/2373/2373 2315/2315/2315 2227/2227/2227
f 2373/2373/2373 2227/2227/2227 2292/2292/2292
f 2320/2320/2320 2240/2240/2240 2315/2315/2315
f 2320/2320/2320 2315/2315/2315 2373/2373/2373
f 2233/2233/2233 2319/2319/2319 2374/2374/2374
f 2233/2233/2233 2374/2374/2374 2278/2278/2278
f 2278/2278/2278 2374/2374/2374 2288/2288/2288
f 2278/2278/2278 2288/2288/2288 2208/2208/2208
f 2374/2374/2374 2316/2316/2316 2223/2223/2223
f 2374/2374/2374 2223/2223/2223 2288/2288/2288
f 2319/2319/2319 2243/2243/2243 2316/2316/2316
f 2319/2319/2319 2316/2316/2316 2374/2374/2374
f 2202/2202/2202 2291/2291/2291 2375/2375/2375
f 2202/2202/2202 2375/2375/2375 2264/2264/2264
f 2264/2264/2264 2375/2375/2375 2297/2297/2297
f 2264/2264/2264 2297/2297/2297 2201/2201/2201
f 2375/2375/2375 2302/2302/2302 2225/2225/2225
f 2375/2375/2375 2225/2225/2225 2297/2297/2297
f 2291/2291/2291 2226/2226/2226 2302/2302/2302
f 2291/2291/2291 2302/2302/2302 2375/2375/2375
f 2208/2208/2208 2288/2288/2288 2376/2376/2376
f 2208/2208/2208 2376/2376/2376 2277/2277/2277
f 2277/2277/2277 2376/2376/2376 2294/2294/2294
f 2277/2277/2277 2294/2294/2294 2210/2210/2210
f 2376/2376/2376 2303/2303/2303 2222/2222/2222
f 2376/2376/2376 2222/2222/2222 2294/2294/2294
f 2288/2288/2288 2223/2223/2223 2303/2303/2303
f 2288/2288/2288 2303/2303/2303 2376/2376/2376
f 2200/2200/2200 2296/2296/2296 2377/2377/2377
f 2200/2200/2200 2377/2377/2377 2308/2308/2308
f 2308/2308/2308 2377/2377/2377 2318/2318/2318
f 2308/2308/2308 2318/2318/2318 2232/2232/2232
f 2377/2377/2377 2301/2301/2301 2242/2242/2242
f 2377/2377/2377 2242/2242/2242 2318/2318/2318
f 2296/2296/2296 2224/2224/2224 2301/2301/2301
f 2296/2296/2296 2301/2301/2301 2377/2377/2377
f 2209/2209/2209 2293/2293/2293 2378/2378/2378
f 2209/2209/2209 2378/2378/2378 2309/2309/2309
f 2309/2309/2309 2378/2378/2378 2320/2320/2320
f 2309/2309/2309 2320/2320/2320 2234/2234/2234
f 2378/2378/2378 2300/2300/2300 2240/2240/2240
f 2378/2378/2378 2240/2240/2240 2320/2320/2320
f 2293/2293/2293 2222/2222/2222 2300/2300/2300
f 2293/2293/2293 2300/2300/2300 2378/2378/2378
f 2222/2222/2222 2287/2287/2287 2379/2379/2379
f 2222/2222/2222 2379/2379/2379 2300/2300/2300
f 2300/2300/2300 2379/2379/2379 2321/2321/2321
f 2300/2300/2300 2321/2321/2321 2240/2240/2240
f 2379/2379/2379 2314/2314/2314 2239/2239/2239
f 2379/2379/2379 2239/2239/2239 2321/2321/2321
f 2287/2287/2287 2220/2220/2220 2314/2314/2314
f 2287/2287/2287 2314/2314/2314 2379/2379/2379
f 2224/2224/2224 2289/2289/2289 2380/2380/2380
f 2224/2224/2224 2380/2380/2380 2301/2301/2301
f 2301/2301/2301 2380/2380/2380 2322/2322/2322
f 2301/2301/2301 2322/2322/2322 2242/2242/2242
f 2380/2380/2380 2311/2311/2311 2236/2236/2236
f 2380/2380/2380 2236/2236/2236 2322/2322/2322
f 2289/2289/2289 2214/2214/2214 2311/2311/2311
f 2289/2289/2289 2311/2311/2311 2380/2380/2380
f 2221/2221/2221 2284/2284/2284 2381/2381/2381
f 2221/2221/2221 2381/2381/2381 2282/2282/2282
f 2282/2282/2282 2381/2381/2381 2313/2313/2313
f 2282/2282/2282 2313/2313/2313 2220/2220/2220
f 2381/2381/2381 2323/2323/2323 2238/2238/2238
f 2381/2381/2381 2238/2238/2238 2313/2313/2313
f 2284/2284/2284 2237/2237/2237 2323/2323/2323
f 2284/2284/2284 2323/2323/2323 2381/2381/2381
f 2249/2249/2249 2276/2276/2276 2382/2382/2382
f 2249/2249/2249 2382/2382/2382 2343/2343/2343
f 2343/2343/2343 2382/2382/2382 2325/2325/2325
f 2343/2343/2343 2325/2325/2325 2251/2251/2251
f 2382/2382/2382 2310/2310/2310 2235/2235/2235
f 2382/2382/2382 2235/2235/2235 2325/2325/2325
f 2276/2276/2276 2210/2210/2210 2310/2310/2310
f 2276/2276/2276 2310/2310/2310 2382/2382/2382
f 2244/2244/2244 2262/2262/2262 2383/2383/2383
f 2244/2244/2244 2383/2383/2383 2342/2342/2342
f 2342/2342/2342 2383/2383/2383 2326/2326/2326
f 2342/2342/2342 2326/2326/2326 2252/2252/2252
f 2383/2383/2383 2308/2308/2308 2232/2232/2232
f 2383/2383/2383 2232/2232/2232 2326/2326/2326
f 2262/2262/2262 2200/2200/2200 2308/2308/2308
f 2262/2262/2262 2308/2308/2308 2383/2383/2383
f 2494/2494/2494 2305/2305/2305 2211/2211/2211
f 2211/2211/2211 2439/2439/2439 2484/2484/2484
f 2484/2484/2484 2486/2486/2486 2494/2494/2494
f 2211/2211/2211 2484/2484/2484 2494/2494/2494
f 2525/2525/2525 2507/2507/2507 2517/2517/2517
f 2517/2517/2517 2228/2228/2228 2305/2305/2305
f 2305/2305/2305 2494/2494/2494 2411/2411/2411
f 2305/2305/2305 2411/2411/2411 2409/2409/2409
f 2525/2525/2525 2517/2517/2517 2305/2305/2305
f 2433/2433/2433 2435/2435/2435 2525/2525/2525
f 2305/2305/2305 2409/2409/2409 2433/2433/2433
f 2305/2305/2305 2433/2433/2433 2525/2525/2525
f 2550/2550/2550 2271/2271/2271 2228/2228/2228
f 2228/2228/2228 2516/2516/2516 2536/2536/2536
f 2557/2557/2557 2559/2559/2559 2552/2552/2552
f 2228/2228/2228 2536/2536/2536 2557/2557/2557
f 2557/2557/2557 2552/2552/2552 2550/2550/2550
f 2228/2228/2228 2557/2557/2557 2550/2550/2550
f 2572/2572/2572 2328/2328/2328 2204/2204/2204
f 2204/2204/2204 2271/2271/2271 2549/2549/2549
f 2204/2204/2204 2549/2549/2549 2572/2572/2572
f 2576/2576/2576 2328/2328/2328 2571/2571/2571
f 2576/2576/2576 2571/2571/2571 2579/2579/2579
f 2464/2464/2464 2306/2306/2306 2207/2207/2207
f 2207/2207/2207 2331/2331/2331 2467/2467/2467
f 2467/2467/2467 2469/2469/2469 2464/2464/2464
f 2207/2207/2207 2467/2467/2467 2464/2464/2464
f 2477/2477/2477 2480/2480/2480 2230/2230/2230
f 2230/2230/2230 2306/2306/2306 2463/2463/2463
f 2441/2441/2441 2443/2443/2443 2477/2477/2477
f 2230/2230/2230 2463/2463/2463 2441/2441/2441
f 2230/2230/2230 2441/2441/2441 2477/2477/2477
f 2600/2600/2600 2471/2471/2471 2466/2466/2466
f 2466/2466/2466 2331/2331/2331 2590/2590/2590
f 2592/2592/2592 2598/2598/2598 2600/2600/2600
f 2466/2466/2466 2590/2590/2590 2592/2592/2592
f 2466/2466/2466 2592/2592/2592 2600/2600/2600
f 2501/2501/2501 2509/2509/2509 2272/2272/2272
f 2272/2272/2272 2230/2230/2230 2479/2479/2479
f 2479/2479/2479 2482/2482/2482 2501/2501/2501
f 2272/2272/2272 2479/2479/2479 2501/2501/2501
f 2538/2538/2538 2407/2407/2407 2213/2213/2213
f 2213/2213/2213 2272/2272/2272 2509/2509/2509
f 2509/2509/2509 2514/2514/2514 2538/2538/2538
f 2213/2213/2213 2509/2509/2509 2538/2538/2538
f 2205/2205/2205 2329/2329/2329 2384/2384/2384
f 2205/2205/2205 2384/2384/2384 2269/2269/2269
f 2269/2269/2269 2384/2384/2384 2330/2330/2330
f 2269/2269/2269 2330/2330/2330 2206/2206/2206
f 2610/2610/2610 2608/2608/2608 2589/2589/2589
f 2589/2589/2589 2330/2330/2330 2384/2384/2384
f 2589/2589/2589 2384/2384/2384 2610/2610/2610
f 2612/2612/2612 2610/2610/2610 2384/2384/2384
f 2384/2384/2384 2329/2329/2329 2577/2577/2577
f 2577/2577/2577 2614/2614/2614 2616/2616/2616
f 2616/2616/2616 2612/2612/2612 2384/2384/2384
f 2384/2384/2384 2577/2577/2577 2616/2616/2616
f 2204/2204/2204 2332/2332/2332 2385/2385/2385
f 2204/2204/2204 2385/2385/2385 2270/2270/2270
f 2270/2270/2270 2385/2385/2385 2340/2340/2340
f 2270/2270/2270 2340/2340/2340 2228/2228/2228
f 2385/2385/2385 2342/2342/2342 2252/2252/2252
f 2385/2385/2385 2252/2252/2252 2340/2340/2340
f 2332/2332/2332 2244/2244/2244 2342/2342/2342
f 2332/2332/2332 2342/2342/2342 2385/2385/2385
f 2213/2213/2213 2337/2337/2337 2386/2386/2386
f 2213/2213/2213 2386/2386/2386 2272/2272/2272
f 2272/2272/2272 2386/2386/2386 2339/2339/2339
f 2272/2272/2272 2339/2339/2339 2231/2231/2231
f 2386/2386/2386 2343/2343/2343 2251/2251/2251
f 2386/2386/2386 2251/2251/2251 2339/2339/2339
f 2337/2337/2337 2249/2249/2249 2343/2343/2343
f 2337/2337/2337 2343/2343/2343 2386/2386/2386
f 2230/2230/2230 2338/2338/2338 2387/2387/2387
f 2230/2230/2230 2387/2387/2387 2307/2307/2307
f 2307/2307/2307 2387/2387/2387 2267/2267/2267
f 2307/2307/2307 2267/2267/2267 2207/2207/2207
f 2387/2387/2387 2344/2344/2344 2247/2247/2247
f 2387/2387/2387 2247/2247/2247 2267/2267/2267
f 2338/2338/2338 2250/2250/2250 2344/2344/2344
f 2338/2338/2338 2344/2344/2344 2387/2387/2387
f 2229/2229/2229 2341/2341/2341 2388/2388/2388
f 2229/2229/2229 2388/2388/2388 2305/2305/2305
f 2305/2305/2305 2388/2388/2388 2275/2275/2275
f 2305/2305/2305 2275/2275/2275 2212/2212/2212
f 2388/2388/2388 2345/2345/2345 2248/2248/2248
f 2388/2388/2388 2248/2248/2248 2275/2275/2275
f 2341/2341/2341 2253/2253/2253 2345/2345/2345
f 2341/2341/2341 2345/2345/2345 2388/2388/2388
f 2212/2212/2212 2275/2275/2275 2389/2389/2389
f 2212/2212/2212 2389/2389/2389 2273/2273/2273
f 2273/2273/2273 2389/2389/2389 2337/2337/2337
f 2273/2273/2273 2337/2337/2337 2213/2213/2213
f 2389/2389/2389 2346/2346/2346 2249/2249/2249
f 2389/2389/2389 2249/2249/2249 2337/2337/2337
f 2275/2275/2275 2248/2248/2248 2346/2346/2346
f 2275/2275/2275 2346/2346/2346 2389/2389/2389
f 2201/2201/2201 2263/2263/2263 2390/2390/2390
f 2201/2201/2201 2390/2390/2390 2265/2265/2265
f 2265/2265/2265 2390/2390/2390 2334/2334/2334
f 2265/2265/2265 2334/2334/2334 2202/2202/2202
f 2390/2390/2390 2347/2347/2347 2246/2246/2246
f 2390/2390/2390 2246/2246/2246 2334/2334/2334
f 2263/2263/2263 2245/2245/2245 2347/2347/2347
f 2263/2263/2263 2347/2347/2347 2390/2390/2390
f 2261/2261/2261 2353/2353/2353 2391/2391/2391
f 2261/2261/2261 2391/2391/2391 2354/2354/2354
f 2354/2354/2354 2391/2391/2391 2348/2348/2348
f 2354/2354/2354 2348/2348/2348 2254/2254/2254
f 2391/2391/2391 2351/2351/2351 2256/2256/2256
f 2391/2391/2391 2256/2256/2256 2348/2348/2348
f 2353/2353/2353 2259/2259/2259 2351/2351/2351
f 2353/2353/2353 2351/2351/2351 2391/2391/2391
f 2245/2245/2245 2356/2356/2356 2392/2392/2392
f 2245/2245/2245 2392/2392/2392 2347/2347/2347
f 2347/2347/2347 2392/2392/2392 2359/2359/2359
f 2347/2347/2347 2359/2359/2359 2246/2246/2246
f 2392/2392/2392 2354/2354/2354 2254/2254/2254
f 2392/2392/2392 2254/2254/2254 2359/2359/2359
f 2356/2356/2356 2261/2261/2261 2354/2354/2354
f 2356/2356/2356 2354/2354/2354 2392/2392/2392
f 2247/2247/2247 2360/2360/2360 2393/2393/2393
f 2247/2247/2247 2393/2393/2393 2266/2266/2266
f 2266/2266/2266 2393/2393/2393 2362/2362/2362
f 2266/2266/2266 2362/2362/2362 2207/2207/2207
f 2393/2393/2393 2349/2349/2349 2257/2257/2257
f 2393/2393/2393 2257/2257/2257 2362/2362/2362
f 2360/2360/2360 2255/2255/2255 2349/2349/2349
f 2360/2360/2360 2349/2349/2349 2393/2393/2393
f 2206/2206/2206 2361/2361/2361 2394/2394/2394
f 2206/2206/2206 2394/2394/2394 2268/2268/2268
f 2268/2268/2268 2394/2394/2394 2358/2358/2358
f 2268/2268/2268 2358/2358/2358 2205/2205/2205
f 2394/2394/2394 2350/2350/2350 2259/2259/2259
f 2394/2394/2394 2259/2259/2259 2358/2358/2358
f 2361/2361/2361 2256/2256/2256 2350/2350/2350
f 2361/2361/2361 2350/2350/2350 2394/2394/2394
f 2397/2397/2397 2430/2430/2430 193/193/193
f 193/193/193 194/194/194 2419/2419/2419
f 2419/2419/2419 2417/2417/2417 2397/2397/2397
f 193/193/193 2419/2419/2419 2397/2397/2397
f 126/126/126 2618/2618/2618 1468/1468/1468
f 2617/2617/2617 2618/2618/2618 1469/1469/1469
f 2447/2447/2447 2400/2400/2400 2618/2618/2618
f 2618/2618/2618 126/126/126 2425/2425/2425
f 2425/2425/2425 2427/2427/2427 2450/2450/2450
f 2450/2450/2450 2447/2447/2447 2618/2618/2618
f 2618/2618/2618 2425/2425/2425 2450/2450/2450
f 1468/1468/1468 2618/2618/2618 2617/2617/2617
f 1469/1469/1469 2618/2618/2618 125/125/125
f 195/195/195 2620/2620/2620 1295/1295/1295
f 2585/2585/2585 2459/2459/2459 2620/2620/2620
f 2620/2620/2620 195/195/195 2472/2472/2472
f 2620/2620/2620 2472/2472/2472 2585/2585/2585
f 2619/2619/2619 2620/2620/2620 1294/1294/1294
f 1295/1295/1295 2620/2620/2620 2619/2619/2619
f 1294/1294/1294 2620/2620/2620 194/194/194
f 2771/2771/2771 2623/2623/2623 2629/2629/2629
f 2771/2771/2771 2629/2629/2629 2630/2630/2630
f 2770/2770/2770 2622/2622/2622 2627/2627/2627
f 2770/2770/2770 2627/2627/2627 2628/2628/2628
f 2621/2621/2621 2769/2769/2769 2625/2625/2625
f 2621/2621/2621 2625/2625/2625 2626/2626/2626
f 2624/2624/2624 2771/2771/2771 2630/2630/2630
f 2624/2624/2624 2630/2630/2630 2631/2631/2631
f 2623/2623/2623 2770/2770/2770 2628/2628/2628
f 2623/2623/2623 2628/2628/2628 2629/2629/2629
f 2622/2622/2622 2621/2621/2621 2626/2626/2626
f 2622/2622/2622 2626/2626/2626 2627/2627/2627
f 2769/2769/2769 2685/2685/2685 2625/2625/2625
f 2722/2722/2722 2624/2624/2624 2631/2631/2631
f 2631/2631/2631 2630/2630/2630 2637/2637/2637
f 2631/2631/2631 2637/2637/2637 2638/2638/2638
f 2629/2629/2629 2628/2628/2628 2635/2635/2635
f 2629/2629/2629 2635/2635/2635 2636/2636/2636
f 2627/2627/2627 2626/2626/2626 2633/2633/2633
f 2627/2627/2627 2633/2633/2633 2634/2634/2634
f 2625/2625/2625 2684/2684/2684 2632/2632/2632
f 2721/2721/2721 2631/2631/2631 2638/2638/2638
f 2630/2630/2630 2629/2629/2629 2636/2636/2636
f 2630/2630/2630 2636/2636/2636 2637/2637/2637
f 2628/2628/2628 2627/2627/2627 2634/2634/2634
f 2628/2628/2628 2634/2634/2634 2635/2635/2635
f 2626/2626/2626 2625/2625/2625 2632/2632/2632
f 2626/2626/2626 2632/2632/2632 2633/2633/2633
f 2634/2634/2634 2633/2633/2633 2640/2640/2640
f 2634/2634/2634 2640/2640/2640 2641/2641/2641
f 2632/2632/2632 2683/2683/2683 2639/2639/2639
f 2720/2720/2720 2638/2638/2638 2645/2645/2645
f 2637/2637/2637 2636/2636/2636 2643/2643/2643
f 2637/2637/2637 2643/2643/2643 2644/2644/2644
f 2635/2635/2635 2634/2634/2634 2641/2641/2641
f 2635/2635/2635 2641/2641/2641 2642/2642/2642
f 2633/2633/2633 2632/2632/2632 2639/2639/2639
f 2633/2633/2633 2639/2639/2639 2640/2640/2640
f 2638/2638/2638 2637/2637/2637 2644/2644/2644
f 2638/2638/2638 2644/2644/2644 2645/2645/2645
f 2636/2636/2636 2635/2635/2635 2642/2642/2642
f 2636/2636/2636 2642/2642/2642 2643/2643/2643
f 2719/2719/2719 2645/2645/2645 2652/2652/2652
f 2644/2644/2644 2643/2643/2643 2650/2650/2650
f 2644/2644/2644 2650/2650/2650 2651/2651/2651
f 2642/2642/2642 2641/2641/2641 2648/2648/2648
f 2642/2642/2642 2648/2648/2648 2649/2649/2649
f 2640/2640/2640 2639/2639/2639 2646/2646/2646
f 2640/2640/2640 2646/2646/2646 2647/2647/2647
f 2645/2645/2645 2644/2644/2644 2651/2651/2651
f 2645/2645/2645 2651/2651/2651 2652/2652/2652
f 2643/2643/2643 2642/2642/2642 2649/2649/2649
f 2643/2643/2643 2649/2649/2649 2650/2650/2650
f 2641/2641/2641 2640/2640/2640 2647/2647/2647
f 2641/2641/2641 2647/2647/2647 2648/2648/2648
f 2639/2639/2639 2682/2682/2682 2646/2646/2646
f 2647/2647/2647 2646/2646/2646 2653/2653/2653
f 2647/2647/2647 2653/2653/2653 2654/2654/2654
f 2652/2652/2652 2651/2651/2651 2658/2658/2658
f 2652/2652/2652 2658/2658/2658 2659/2659/2659
f 2650/2650/2650 2649/2649/2649 2656/2656/2656
f 2650/2650/2650 2656/2656/2656 2657/2657/2657
f 2648/2648/2648 2647/2647/2647 2654/2654/2654
f 2648/2648/2648 2654/2654/2654 2655/2655/2655
f 2646/2646/2646 2681/2681/2681 2653/2653/2653
f 2718/2718/2718 2652/2652/2652 2659/2659/2659
f 2651/2651/2651 2650/2650/2650 2657/2657/2657
f 2651/2651/2651 2657/2657/2657 2658/2658/2658
f 2649/2649/2649 2648/2648/2648 2655/2655/2655
f 2649/2649/2649 2655/2655/2655 2656/2656/2656
f 2659/2659/2659 2658/2658/2658 2665/2665/2665
f 2659/2659/2659 2665/2665/2665 2666/2666/2666
f 2657/2657/2657 2656/2656/2656 2663/2663/2663
f 2657/2657/2657 2663/2663/2663 2664/2664/2664
f 2655/2655/2655 2654/2654/2654 2661/2661/2661
f 2655/2655/2655 2661/2661/2661 2662/2662/2662
f 2653/2653/2653 2680/2680/2680 2660/2660/2660
f 2717/2717/2717 2659/2659/2659 2666/2666/2666
f 2658/2658/2658 2657/2657/2657 2664/2664/2664
f 2658/2658/2658 2664/2664/2664 2665/2665/2665
f 2656/2656/2656 2655/2655/2655 2662/2662/2662
f 2656/2656/2656 2662/2662/2662 2663/2663/2663
f 2654/2654/2654 2653/2653/2653 2660/2660/2660
f 2654/2654/2654 2660/2660/2660 2661/2661/2661
f 2660/2660/2660 2679/2679/2679 2667/2667/2667
f 2716/2716/2716 2666/2666/2666 2673/2673/2673
f 2665/2665/2665 2664/2664/2664 2671/2671/2671
f 2665/2665/2665 2671/2671/2671 2672/2672/2672
f 2663/2663/2663 2662/2662/2662 2669/2669/2669
f 2663/2663/2663 2669/2669/2669 2670/2670/2670
f 2661/2661/2661 2660/2660/2660 2667/2667/2667
f 2661/2661/2661 2667/2667/2667 2668/2668/2668
f 2666/2666/2666 2665/2665/2665 2672/2672/2672
f 2666/2666/2666 2672/2672/2672 2673/2673/2673
f 2664/2664/2664 2663/2663/2663 2670/2670/2670
f 2664/2664/2664 2670/2670/2670 2671/2671/2671
f 2662/2662/2662 2661/2661/2661 2668/2668/2668
f 2662/2662/2662 2668/2668/2668 2669/2669/2669
f 2672/2672/2672 2671/2671/2671 2694/2694/2694
f 2672/2672/2672 2694/2694/2694 2695/2695/2695
f 2670/2670/2670 2669/2669/2669 2692/2692/2692
f 2670/2670/2670 2692/2692/2692 2693/2693/2693
f 2668/2668/2668 2667/2667/2667 2690/2690/2690
f 2668/2668/2668 2690/2690/2690 2691/2691/2691
f 2673/2673/2673 2672/2672/2672 2695/2695/2695
f 2673/2673/2673 2695/2695/2695 2696/2696/2696
f 2671/2671/2671 2670/2670/2670 2693/2693/2693
f 2671/2671/2671 2693/2693/2693 2694/2694/2694
f 2669/2669/2669 2668/2668/2668 2691/2691/2691
f 2669/2669/2669 2691/2691/2691 2692/2692/2692
f 2667/2667/2667 2678/2678/2678 2690/2690/2690
f 2715/2715/2715 2673/2673/2673 2696/2696/2696
f 2696/2696/2696 2695/2695/2695 2702/2702/2702
f 2696/2696/2696 2702/2702/2702 2703/2703/2703
f 2694/2694/2694 2693/2693/2693 2700/2700/2700
f 2694/2694/2694 2700/2700/2700 2701/2701/2701
f 2692/2692/2692 2691/2691/2691 2698/2698/2698
f 2692/2692/2692 2698/2698/2698 2699/2699/2699
f 2690/2690/2690 2677/2677/2677 2697/2697/2697
f 2714/2714/2714 2696/2696/2696 2703/2703/2703
f 2695/2695/2695 2694/2694/2694 2701/2701/2701
f 2695/2695/2695 2701/2701/2701 2702/2702/2702
f 2693/2693/2693 2692/2692/2692 2699/2699/2699
f 2693/2693/2693 2699/2699/2699 2700/2700/2700
f 2691/2691/2691 2690/2690/2690 2697/2697/2697
f 2691/2691/2691 2697/2697/2697 2698/2698/2698
f 2701/2701/2701 2700/2700/2700 2707/2707/2707
f 2701/2701/2701 2707/2707/2707 2708/2708/2708
f 2699/2699/2699 2698/2698/2698 2705/2705/2705
f 2699/2699/2699 2705/2705/2705 2706/2706/2706
f 2697/2697/2697 2676/2676/2676 2704/2704/2704
f 2713/2713/2713 2703/2703/2703 2710/2710/2710
f 2702/2702/2702 2701/2701/2701 2708/2708/2708
f 2702/2702/2702 2708/2708/2708 2709/2709/2709
f 2700/2700/2700 2699/2699/2699 2706/2706/2706
f 2700/2700/2700 2706/2706/2706 2707/2707/2707
f 2698/2698/2698 2697/2697/2697 2704/2704/2704
f 2698/2698/2698 2704/2704/2704 2705/2705/2705
f 2703/2703/2703 2702/2702/2702 2709/2709/2709
f 2703/2703/2703 2709/2709/2709 2710/2710/2710
f 2712/2712/2712 2710/2710/2710 2733/2733/2733
f 2709/2709/2709 2708/2708/2708 2731/2731/2731
f 2709/2709/2709 2731/2731/2731 2732/2732/2732
f 2707/2707/2707 2706/2706/2706 2729/2729/2729
f 2707/2707/2707 2729/2729/2729 2730/2730/2730
f 2705/2705/2705 2704/2704/2704 2727/2727/2727
f 2705/2705/2705 2727/2727/2727 2728/2728/2728
f 2710/2710/2710 2709/2709/2709 2732/2732/2732
f 2710/2710/2710 2732/2732/2732 2733/2733/2733
f 2708/2708/2708 2707/2707/2707 2730/2730/2730
f 2708/2708/2708 2730/2730/2730 2731/2731/2731
f 2706/2706/2706 2705/2705/2705 2728/2728/2728
f 2706/2706/2706 2728/2728/2728 2729/2729/2729
f 2704/2704/2704 2675/2675/2675 2727/2727/2727
f 2730/2730/2730 2729/2729/2729 2738/2738/2738
f 2730/2730/2730 2738/2738/2738 2740/2740/2740
f 2728/2728/2728 2727/2727/2727 2734/2734/2734
f 2728/2728/2728 2734/2734/2734 2736/2736/2736
f 2733/2733/2733 2732/2732/2732 2744/2744/2744
f 2733/2733/2733 2744/2744/2744 2746/2746/2746
f 2731/2731/2731 2730/2730/2730 2740/2740/2740
f 2731/2731/2731 2740/2740/2740 2742/2742/2742
f 2729/2729/2729 2728/2728/2728 2736/2736/2736
f 2729/2729/2729 2736/2736/2736 2738/2738/2738
f 2727/2727/2727 2674/2674/2674 2734/2734/2734
f 2711/2711/2711 2733/2733/2733 2746/2746/2746
f 2732/2732/2732 2731/2731/2731 2742/2742/2742
f 2732/2732/2732 2742/2742/2742 2744/2744/2744
f 2747/2747/2747 2745/2745/2745 2753/2753/2753
f 2747/2747/2747 2753/2753/2753 2754/2754/2754
f 2743/2743/2743 2741/2741/2741 2751/2751/2751
f 2743/2743/2743 2751/2751/2751 2752/2752/2752
f 2739/2739/2739 2737/2737/2737 2749/2749/2749
f 2739/2739/2739 2749/2749/2749 2750/2750/2750
f 2735/2735/2735 2689/2689/2689 2748/2748/2748
f 2726/2726/2726 2747/2747/2747 2754/2754/2754
f 2745/2745/2745 2743/2743/2743 2752/2752/2752
f 2745/2745/2745 2752/2752/2752 2753/2753/2753
f 2741/2741/2741 2739/2739/2739 2750/2750/2750
f 2741/2741/2741 2750/2750/2750 2751/2751/2751
f 2737/2737/2737 2735/2735/2735 2748/2748/2748
f 2737/2737/2737 2748/2748/2748 2749/2749/2749
f 2750/2750/2750 2749/2749/2749 2756/2756/2756
f 2750/2750/2750 2756/2756/2756 2757/2757/2757
f 2748/2748/2748 2688/2688/2688 2755/2755/2755
f 2725/2725/2725 2754/2754/2754 2761/2761/2761
f 2753/2753/2753 2752/2752/2752 2759/2759/2759
f 2753/2753/2753 2759/2759/2759 2760/2760/2760
f 2751/2751/2751 2750/2750/2750 2757/2757/2757
f 2751/2751/2751 2757/2757/2757 2758/2758/2758
f 2749/2749/2749 2748/2748/2748 2755/2755/2755
f 2749/2749/2749 2755/2755/2755 2756/2756/2756
f 2754/2754/2754 2753/2753/2753 2760/2760/2760
f 2754/2754/2754 2760/2760/2760 2761/2761/2761
f 2752/2752/2752 2751/2751/2751 2758/2758/2758
f 2752/2752/2752 2758/2758/2758 2759/2759/2759
f 2724/2724/2724 2761/2761/2761 2768/2768/2768
f 2760/2760/2760 2759/2759/2759 2766/2766/2766
f 2760/2760/2760 2766/2766/2766 2767/2767/2767
f 2758/2758/2758 2757/2757/2757 2764/2764/2764
f 2758/2758/2758 2764/2764/2764 2765/2765/2765
f 2756/2756/2756 2755/2755/2755 2762/2762/2762
f 2756/2756/2756 2762/2762/2762 2763/2763/2763
f 2761/2761/2761 2760/2760/2760 2767/2767/2767
f 2761/2761/2761 2767/2767/2767 2768/2768/2768
f 2759/2759/2759 2758/2758/2758 2765/2765/2765
f 2759/2759/2759 2765/2765/2765 2766/2766/2766
f 2757/2757/2757 2756/2756/2756 2763/2763/2763
f 2757/2757/2757 2763/2763/2763 2764/2764/2764
f 2755/2755/2755 2687/2687/2687 2762/2762/2762
f 2763/2763/2763 2762/2762/2762 2769/2769/2769
f 2763/2763/2763 2769/2769/2769 2621/2621/2621
f 2768/2768/2768 2767/2767/2767 2771/2771/2771
f 2768/2768/2768 2771/2771/2771 2624/2624/2624
f 2766/2766/2766 2765/2765/2765 2770/2770/2770
f 2766/2766/2766 2770/2770/2770 2623/2623/2623
f 2764/2764/2764 2763/2763/2763 2621/2621/2621
f 2764/2764/2764 2621/2621/2621 2622/2622/2622
f 2762/2762/2762 2686/2686/2686 2769/2769/2769
f 2723/2723/2723 2768/2768/2768 2624/2624/2624
f 2767/2767/2767 2766/2766/2766 2623/2623/2623
f 2767/2767/2767 2623/2623/2623 2771/2771/2771
f 2765/2765/2765 2764/2764/2764 2622/2622/2622
f 2765/2765/2765 2622/2622/2622 2770/2770/2770
